X_km,Y_km,Z_km,VX_km_s,VY_km_s,VZ_km_s,Energy,Hx,Hy,Hz,Sail_X,Sail_Y,Sail_Z
149599999.99988458,107207.99999997245,0.0,-6.411755867767143e-08,29.779999999977026,0.0,443.4215355585441,0.0,-0.0,4455088000.0,-1.0,0.0,0.0
149599999.99953833,214415.99999977945,0.0,-1.2823501857106278e-07,29.779999999908103,0.0,443.4215355585441,0.0,-0.0,4455087999.999999,-0.9999997432200923,-0.0007166308320267034,0.0
149599999.99896127,321623.99999925564,0.0,-1.923522808966549e-07,29.779999999793233,0.0,443.4215355585441,0.0,-0.0,4455087999.999999,-0.9999989728815561,-0.0014332605599586422,0.0
149599999.9981534,428831.9999982356,0.0,-2.564692468724506e-07,29.779999999632416,0.0,443.42153555854424,0.0,-0.0,4455088000.0,-0.9999976889879519,-0.002149888079709558,0.0
149599999.9971147,536039.9999965539,0.0,-3.205858177187355e-07,29.77999999942565,0.0,443.42153555854424,0.0,-0.0,4455087999.999999,-0.999995891545214,-0.0028665122872102017,0.0
149599999.99584517,643247.9999940451,0.0,-3.8470189465883905e-07,29.77999999917294,0.0,443.4215355585442,0.0,-0.0,4455087999.999999,-0.9999935805616498,-0.0035831320784168387,0.0
149599999.99434483,750455.9999905439,0.0,-4.488173789198952e-07,29.779999998874285,0.0,443.4215355585443,0.0,-0.0,4455088000.0,-0.9999907560479404,-0.0042997463493197555,0.0
149599999.99261367,857663.9999858849,0.0,-5.129321717336033e-07,29.779999998529686,0.0,443.4215355585443,0.0,-0.0,4455087999.999999,-0.9999874180171405,-0.0050163539959517615,0.0
149599999.99065173,964871.9999799025,0.0,-5.770461743369886e-07,29.779999998139143,0.0,443.4215355585443,0.0,-0.0,4455088000.0,-0.9999835664846775,-0.00573295391439669,0.0
149599999.98845896,1072079.9999724315,0.0,-6.41159287973163e-07,29.77999999770266,0.0,443.4215355585443,0.0,-0.0,4455088000.0,-0.9999792014683518,-0.006449545000797905,0.0
149599999.98603538,1179287.9999633064,0.0,-7.052714138920858e-07,29.77999999722024,0.0,443.4215355585442,0.0,-0.0,4455088000.0,-0.9999743229883368,-0.007166126151366797,0.0
149599999.983381,1286495.999952362,0.0,-7.693824533513232e-07,29.779999996691885,0.0,443.4215355585442,0.0,-0.0,4455087999.999999,-0.9999689310671781,-0.007882696262391289,0.0
149599999.98049584,1393703.9999394328,0.0,-8.334923076168095e-07,29.779999996117596,0.0,443.42153555854424,0.0,-0.0,4455088000.0,-0.9999630257297935,-0.008599254230244326,0.0
149599999.97737986,1500911.9999243536,0.0,-8.976008779636064e-07,29.779999995497377,0.0,443.42153555854424,0.0,-0.0,4455087999.999999,-0.9999566070034726,-0.00931579895139238,0.0
149599999.9740331,1608119.9999069588,0.0,-9.617080656766635e-07,29.77999999483123,0.0,443.4215355585442,0.0,-0.0,4455087999.999999,-0.9999496749178765,-0.010032329322403943,0.0
149599999.97045556,1715327.9998870832,0.0,-1.0258137720515777e-06,29.77999999411916,0.0,443.42153555854424,0.0,-0.0,4455088000.0,-0.9999422295050374,-0.010748844239958016,0.0
149599999.96664724,1822535.9998645615,0.0,-1.0899178983953527e-06,29.779999993361166,0.0,443.42153555854424,0.0,-0.0,4455088000.0,-0.9999342707993586,-0.011465342600852607,0.0
149599999.96260816,1929743.9998392283,0.0,-1.1540203460271584e-06,29.779999992557254,0.0,443.4215355585443,0.0,-0.0,4455088000.0,-0.999925798837613,-0.012181823302013214,0.0
149599999.9583383,2036951.9998109185,0.0,-1.2181210162790902e-06,29.779999991707427,0.0,443.42153555854424,0.0,-0.0,4455087999.999999,-0.9999168136589437,-0.012898285240501317,0.0
149599999.95383766,2144159.9997794665,0.0,-1.2822198104969276e-06,29.779999990811692,0.0,443.42153555854424,0.0,-0.0,4455088000.0,-0.9999073153048629,-0.013614727313522857,0.0
149599999.9491063,2251367.9997447073,0.0,-1.346316630040893e-06,29.77999998987005,0.0,443.4215355585443,0.0,-0.0,4455088000.0,-0.9998973038192516,-0.01433114841843673,0.0
149599999.9441442,2358575.9997064755,0.0,-1.4104113762864098e-06,29.779999988882505,0.0,443.42153555854424,0.0,-0.0,4455088000.0,-0.9998867792483591,-0.015047547452763243,0.0
149599999.93895134,2465783.999664606,0.0,-1.4745039506248612e-06,29.779999987849063,0.0,443.42153555854424,0.0,-0.0,4455087999.999999,-0.9998757416408022,-0.01576392331419262,0.0
149599999.93352777,2572991.9996189335,0.0,-1.5385942544643472e-06,29.77999998676973,0.0,443.42153555854424,0.0,-0.0,4455087999.999999,-0.9998641910475646,-0.016480274900593436,0.0
149599999.92787346,2680199.999569293,0.0,-1.602682189230442e-06,29.77999998564451,0.0,443.4215355585443,0.0,-0.0,4455087999.999998,-0.9998521275219965,-0.017196601110021147,0.0
149599999.92198846,2787407.999515519,0.0,-1.6667676563669527e-06,29.779999984473406,0.0,443.42153555854424,0.0,-0.0,4455088000.0,-0.9998395511198136,-0.017912900840726487,0.0
149599999.91587275,2894615.9994574464,0.0,-1.7308505573366741e-06,29.779999983256424,0.0,443.4215355585442,0.0,-0.0,4455088000.0,-0.9998264618990964,-0.018629172991163973,0.0
149599999.90952635,3001823.99939491,0.0,-1.794930793622147e-06,29.779999981993573,0.0,443.42153555854424,0.0,-0.0,4455087999.999999,-0.9998128599202899,-0.019345416460000365,0.0
149599999.90294924,3109031.999327745,0.0,-1.8590082667264132e-06,29.779999980684856,0.0,443.4215355585442,0.0,-0.0,4455087999.999999,-0.9997987452462022,-0.020061630146123104,0.0
149599999.89614147,3216239.9992557857,0.0,-1.923082878173772e-06,29.77999997933028,0.0,443.42153555854435,0.0,-0.0,4455087999.999999,-0.999784117942004,-0.020777812948648774,0.0
149599999.88910306,3323447.999178868,0.0,-1.987154529510535e-06,29.77999997792985,0.0,443.4215355585443,0.0,-0.0,4455088000.0,-0.999768978075228,-0.021493963766931554,0.0
149599999.88183397,3430655.9990968257,0.0,-2.051223122305782e-06,29.779999976483573,0.0,443.42153555854424,0.0,-0.0,4455087999.999999,-0.9997533257157678,-0.02221008150057164,0.0
149599999.87433425,3537863.9990094947,0.0,-2.1152885581521145e-06,29.77999997499146,0.0,443.42153555854424,0.0,-0.0,4455087999.999999,-0.9997371609358765,-0.022926165049423713,0.0
149599999.86660388,3645071.9989167093,0.0,-2.1793507386664113e-06,29.77999997345351,0.0,443.42153555854435,0.0,-0.0,4455087999.999999,-0.9997204838101668,-0.02364221331360535,0.0
149599999.8586429,3752279.998818305,0.0,-2.243409565490581e-06,29.779999971869735,0.0,443.42153555854435,0.0,-0.0,4455087999.999999,-0.9997032944156095,-0.024358225193505462,0.0
149599999.85045132,3859487.9987141164,0.0,-2.307464940292316e-06,29.77999997024014,0.0,443.42153555854435,0.0,-0.0,4455087999.999998,-0.9996855928315318,-0.025074199589792734,0.0
149599999.84202915,3966695.998603979,0.0,-2.3715167647658447e-06,29.779999968564734,0.0,443.42153555854424,0.0,-0.0,4455087999.999999,-0.9996673791396182,-0.025790135403424008,0.0
149599999.8333764,4073903.9984877277,0.0,-2.4355649406326852e-06,29.779999966843526,0.0,443.4215355585443,0.0,-0.0,4455087999.999998,-0.9996486534239072,-0.026506031535652733,0.0
149599999.82449308,4181111.9983651973,0.0,-2.499609369642396e-06,29.77999996507652,0.0,443.42153555854424,0.0,-0.0,4455087999.999998,-0.9996294157707919,-0.02722188688803736,0.0
149599999.8153792,4288319.998236223,0.0,-2.563649953573327e-06,29.779999963263727,0.0,443.4215355585442,0.0,-0.0,4455087999.999998,-0.9996096662690183,-0.02793770036244975,0.0
149599999.8060348,4395527.998100641,0.0,-2.6276865942333725e-06,29.779999961405156,0.0,443.42153555854424,0.0,-0.0,4455087999.999998,-0.9995894050096835,-0.028653470861083555,0.0
149599999.79645988,4502735.997958286,0.0,-2.691719193460719e-06,29.779999959500817,0.0,443.42153555854424,0.0,-0.0,4455087999.999998,-0.9995686320862359,-0.02936919728646264,0.0
149599999.78665444,4609943.997808992,0.0,-2.755747653124597e-06,29.779999957550714,0.0,443.4215355585443,0.0,-0.0,4455087999.999998,-0.999547347594473,-0.030084878541449443,0.0
149599999.7766185,4717151.997652596,0.0,-2.8197718751260286e-06,29.77999995555486,0.0,443.4215355585443,0.0,-0.0,4455087999.999999,-0.9995255516325404,-0.03080051352925337,0.0
149599999.7663521,4824359.997488932,0.0,-2.883791761398578e-06,29.77999995351326,0.0,443.4215355585443,0.0,-0.0,4455087999.999999,-0.9995032443009307,-0.03151610115343917,0.0
149599999.7558552,4931567.997317836,0.0,-2.9478072139090978e-06,29.77999995142593,0.0,443.4215355585443,0.0,-0.0,4455087999.999998,-0.9994804257024824,-0.03223164031793529,0.0
149599999.7451279,5038775.997139143,0.0,-3.011818134658477e-06,29.779999949292872,0.0,443.42153555854435,0.0,-0.0,4455087999.999999,-0.9994570959423774,-0.032947129927042254,0.0
149599999.73417014,5145983.996952689,0.0,-3.0758244256823895e-06,29.7799999471141,0.0,443.42153555854435,0.0,-0.0,4455087999.999999,-0.9994332551281415,-0.033662568885440974,0.0
149599999.72298196,5253191.99675831,0.0,-3.1398259890520376e-06,29.77999994488962,0.0,443.42153555854435,0.0,-0.0,4455087999.999999,-0.9994089033696418,-0.034377956098201205,0.0
149599999.71156338,5360399.996555841,0.0,-3.2038227268749e-06,29.77999994261945,0.0,443.4215355585443,0.0,-0.0,4455087999.999998,-0.9993840407790854,-0.035093290470789754,0.0
149599999.69991443,5467607.996345116,0.0,-3.267814541295476e-06,29.779999940303597,0.0,443.42153555854435,0.0,-0.0,4455087999.999999,-0.9993586674710184,-0.03580857090907888,0.0
149599999.6880351,5574815.996125972,0.0,-3.331801334496029e-06,29.77999993794207,0.0,443.4215355585444,0.0,-0.0,4455087999.999998,-0.9993327835623238,-0.0365237963193546,0.0
149599999.67592543,5682023.995898244,0.0,-3.3957830086973304e-06,29.779999935534878,0.0,443.42153555854435,0.0,-0.0,4455087999.999998,-0.9993063891722208,-0.037238965608325084,0.0
149599999.66358545,5789231.995661768,0.0,-3.459759466159405e-06,29.779999933082035,0.0,443.4215355585443,0.0,-0.0,4455087999.999997,-0.9992794844222627,-0.03795407768312883,0.0
149599999.65101516,5896439.9954163795,0.0,-3.523730609182269e-06,29.779999930583553,0.0,443.4215355585443,0.0,-0.0,4455087999.999997,-0.9992520694363353,-0.03866913145134309,0.0
149599999.6382146,6003647.995161914,0.0,-3.5876963401066756e-06,29.779999928039445,0.0,443.4215355585443,0.0,-0.0,4455087999.999997,-0.9992241443406561,-0.039384125820992086,0.0
149599999.62518376,6110855.994898208,0.0,-3.651656561314853e-06,29.77999992544972,0.0,443.42153555854435,0.0,-0.0,4455087999.999998,-0.9991957092637714,-0.04009905970055537,0.0
149599999.61192268,6218063.994625097,0.0,-3.715611175231246e-06,29.779999922814387,0.0,443.42153555854435,0.0,-0.0,4455087999.999998,-0.9991667643365562,-0.04081393199897603,0.0
149599999.59843138,6325271.9943424165,0.0,-3.7795600843232547e-06,29.779999920133463,0.0,443.4215355585444,0.0,-0.0,4455087999.999998,-0.9991373096922106,-0.041528741625669004,0.0
149599999.58470985,6432479.994050003,0.0,-3.8435031911019726e-06,29.779999917406958,0.0,443.4215355585444,0.0,-0.0,4455087999.999997,-0.9991073454662605,-0.04224348749052934,0.0
149599999.57075816,6539687.993747692,0.0,-3.907440398122926e-06,29.779999914634885,0.0,443.42153555854435,0.0,-0.0,4455087999.999998,-0.9990768717965536,-0.04295816850394047,0.0
149599999.5565763,6646895.9934353195,0.0,-3.971371607986809e-06,29.779999911817256,0.0,443.42153555854435,0.0,-0.0,4455087999.999998,-0.999045888823259,-0.04367278357678237,0.0
149599999.5421643,6754103.9931127215,0.0,-4.035296723340223e-06,29.779999908954085,0.0,443.4215355585443,0.0,-0.0,4455087999.999998,-0.999014396688865,-0.04438733162043994,0.0
149599999.52752218,6861311.992779735,0.0,-4.099215646876405e-06,29.779999906045386,0.0,443.4215355585443,0.0,-0.0,4455087999.999998,-0.9989823955381776,-0.04510181154681108,0.0
149599999.51264995,6968519.992436194,0.0,-4.163128281335973e-06,29.779999903091174,0.0,443.4215355585443,0.0,-0.0,4455087999.999997,-0.9989498855183179,-0.04581622226831501,0.0
149599999.49754766,7075727.992081936,0.0,-4.227034529507648e-06,29.779999900091457,0.0,443.4215355585443,0.0,-0.0,4455087999.999998,-0.9989168667787209,-0.04653056269790048,0.0
149599999.48221532,7182935.991716798,0.0,-4.290934294228995e-06,29.779999897046252,0.0,443.4215355585443,0.0,-0.0,4455087999.999998,-0.9988833394711334,-0.04724483174905386,0.0
149599999.46665293,7290143.991340615,0.0,-4.354827478387153e-06,29.779999893955573,0.0,443.4215355585443,0.0,-0.0,4455087999.999997,-0.9988493037496122,-0.047959028335807515,0.0
149599999.45086056,7397351.990953224,0.0,-4.418713984919563e-06,29.779999890819433,0.0,443.42153555854424,0.0,-0.0,4455087999.999997,-0.998814759770522,-0.04867315137274782,0.0
149599999.4348382,7504559.99055446,0.0,-4.482593716814704e-06,29.77999988763785,0.0,443.4215355585443,0.0,-0.0,4455087999.999998,-0.9987797076925331,-0.04938719977502338,0.0
149599999.4185859,7611767.9901441615,0.0,-4.546466577112816e-06,29.779999884410834,0.0,443.4215355585443,0.0,-0.0,4455087999.999997,-0.9987441476766201,-0.05010117245835326,0.0
149599999.40210366,7718975.989722163,0.0,-4.610332468906633e-06,29.7799998811384,0.0,443.42153555854424,0.0,-0.0,4455087999.999998,-0.9987080798860591,-0.05081506833903503,0.0
149599999.3853915,7826183.989288303,0.0,-4.674191295342108e-06,29.77999987782057,0.0,443.4215355585442,0.0,-0.0,4455087999.999997,-0.9986715044864265,-0.051528886333953,0.0
149599999.36844948,7933391.988842417,0.0,-4.738042959619139e-06,29.77999987445735,0.0,443.4215355585442,0.0,-0.0,4455087999.999997,-0.9986344216455957,-0.05224262536058628,0.0
149599999.3512776,8040599.988384341,0.0,-4.8018873649922974e-06,29.77999987104876,0.0,443.4215355585442,0.0,-0.0,4455087999.999997,-0.9985968315337362,-0.05295628433701692,0.0
149599999.3338759,8147807.987913913,0.0,-4.865724414771552e-06,29.779999867594814,0.0,443.4215355585442,0.0,-0.0,4455087999.999996,-0.9985587343233105,-0.05366986218193807,0.0
149599999.3162444,8255015.987430969,0.0,-4.929554012322989e-06,29.77999986409553,0.0,443.4215355585441,0.0,-0.0,4455087999.999996,-0.9985201301890726,-0.05438335781466198,0.0
149599999.29838312,8362223.986935346,0.0,-4.993376061069538e-06,29.779999860550923,0.0,443.42153555854406,0.0,-0.0,4455087999.999996,-0.9984810193080652,-0.05509677015512817,0.0
149599999.2802921,8469431.98642688,0.0,-5.057190464491692e-06,29.77999985696101,0.0,443.42153555854406,0.0,-0.0,4455087999.999996,-0.9984414018596182,-0.05581009812391149,0.0
149599999.26197135,8576639.98590541,0.0,-5.120997126128231e-06,29.779999853325805,0.0,443.42153555854406,0.0,-0.0,4455087999.999996,-0.9984012780253451,-0.05652334064223015,0.0
149599999.24342093,8683847.985370772,0.0,-5.184795949576936e-06,29.77999984964533,0.0,443.42153555854406,0.0,-0.0,4455087999.999996,-0.9983606479891425,-0.057236496631953813,0.0
149599999.22464085,8791055.984822802,0.0,-5.248586838495312e-06,29.779999845919594,0.0,443.421535558544,0.0,-0.0,4455087999.999997,-0.998319511937186,-0.05794956501561159,0.0
149599999.20563114,8898263.984261338,0.0,-5.312369696601304e-06,29.77999984214862,0.0,443.421535558544,0.0,-0.0,4455087999.999997,-0.9982778700579296,-0.058662544716400145,0.0
149599999.1863918,9005471.983686218,0.0,-5.376144427674013e-06,29.779999838332422,0.0,443.42153555854395,0.0,-0.0,4455087999.999996,-0.9982357225421012,-0.059375434658191645,0.0
149599999.1669229,9112679.983097278,0.0,-5.4399109355544125e-06,29.77999983447102,0.0,443.4215355585439,0.0,-0.0,4455087999.999996,-0.9981930695827024,-0.0600882337655418,0.0
149599999.14722446,9219887.982494354,0.0,-5.5036691241460595e-06,29.77999983056443,0.0,443.42153555854384,0.0,-0.0,4455087999.999996,-0.9981499113750043,-0.06080094096369783,0.0
149599999.1272965,9327095.981877286,0.0,-5.567418897415813e-06,29.779999826612674,0.0,443.4215355585439,0.0,-0.0,4455087999.999997,-0.9981062481165462,-0.061513555178606474,0.0
149599999.10713905,9434303.98124591,0.0,-5.631160159394541e-06,29.779999822615764,0.0,443.4215355585439,0.0,-0.0,4455087999.999996,-0.9980620800071325,-0.062226075336921954,0.0
149599999.08675215,9541511.980600065,0.0,-5.694892814177832e-06,29.77999981857372,0.0,443.42153555854384,0.0,-0.0,4455087999.999995,-0.9980174072488301,-0.06293850036601396,0.0
149599999.06613582,9648719.979939587,0.0,-5.758616765926708e-06,29.779999814486565,0.0,443.4215355585439,0.0,-0.0,4455087999.999996,-0.9979722300459665,-0.06365082919397551,0.0
149599999.0452901,9755927.979264315,0.0,-5.822331918868331e-06,29.77999981035431,0.0,443.42153555854384,0.0,-0.0,4455087999.999995,-0.9979265486051262,-0.06436306074963095,0.0
149599999.02421504,9863135.978574086,0.0,-5.886038177296708e-06,29.77999980617698,0.0,443.42153555854384,0.0,-0.0,4455087999.999996,-0.9978803631351493,-0.06507519396254391,0.0
149599999.00291064,9970343.977868736,0.0,-5.9497354455734e-06,29.779999801954595,0.0,443.42153555854384,0.0,-0.0,4455087999.999995,-0.9978336738471276,-0.06578722776302508,0.0
149599998.98137695,10077551.977148104,0.0,-6.0134236281282286e-06,29.779999797687168,0.0,443.42153555854384,0.0,-0.0,4455087999.999995,-0.9977864809544033,-0.06649916108214023,0.0
149599998.959614,10184759.97641203,0.0,-6.0771026294599735e-06,29.779999793374724,0.0,443.4215355585439,0.0,-0.0,4455087999.999995,-0.9977387846725647,-0.06721099285171803,0.0
149599998.93762183,10291967.975660348,0.0,-6.140772354137083e-06,29.77999978901728,0.0,443.42153555854384,0.0,-0.0,4455087999.999995,-0.997690585219445,-0.06792272200435794,0.0
149599998.91540045,10399175.9748929,0.0,-6.204432706798369e-06,29.779999784614855,0.0,443.4215355585439,0.0,-0.0,4455087999.999995,-0.9976418828151189,-0.06863434747343805,0.0
149599998.8929499,10506383.974109521,0.0,-6.268083592153711e-06,29.779999780167472,0.0,443.4215355585439,0.0,-0.0,4455087999.999995,-0.9975926776818994,-0.06934586819312287,0.0
149599998.87027025,10613591.973310051,0.0,-6.331724914984752e-06,29.779999775675147,0.0,443.4215355585439,0.0,-0.0,4455087999.999995,-0.9975429700443359,-0.0700572830983713,0.0
149599998.8473615,10720799.972494328,0.0,-6.395356580145599e-06,29.779999771137906,0.0,443.4215355585439,0.0,-0.0,4455087999.999995,-0.9974927601292104,-0.07076859112494426,0.0
149599998.8242237,10828007.97166219,0.0,-6.458978492563517e-06,29.779999766555765,0.0,443.42153555854384,0.0,-0.0,4455087999.999995,-0.9974420481655357,-0.07147979120941257,0.0
149599998.80085686,10935215.970813476,0.0,-6.522590557239626e-06,29.77999976192875,0.0,443.42153555854384,0.0,-0.0,4455087999.999995,-0.9973908343845516,-0.07219088228916481,0.0
149599998.77726105,11042423.969948024,0.0,-6.586192679249593e-06,29.779999757256878,0.0,443.42153555854395,0.0,-0.0,4455087999.999995,-0.9973391190197225,-0.07290186330241498,0.0
149599998.7534363,11149631.969065672,0.0,-6.649784763744324e-06,29.77999975254017,0.0,443.4215355585439,0.0,-0.0,4455087999.999995,-0.997286902306734,-0.07361273318821022,0.0
149599998.72938263,11256839.968166258,0.0,-6.713366715950658e-06,29.77999974777865,0.0,443.4215355585439,0.0,-0.0,4455087999.999996,-0.9972341844834911,-0.0743234908864387,0.0
149599998.7051001,11364047.967249623,0.0,-6.776938441172055e-06,29.779999742972336,0.0,443.4215355585439,0.0,-0.0,4455087999.999996,-0.9971809657901133,-0.07503413533783726,0.0
149599998.6805887,11471255.966315605,0.0,-6.840499844789284e-06,29.779999738121255,0.0,443.42153555854395,0.0,-0.0,4455087999.999996,-0.9971272464689335,-0.07574466548399905,0.0
149599998.6558485,11578463.965364043,0.0,-6.904050832261111e-06,29.779999733225424,0.0,443.42153555854384,0.0,-0.0,4455087999.999996,-0.9970730267644935,-0.07645508026738136,0.0
149599998.63087955,11685671.964394774,0.0,-6.967591309124983e-06,29.779999728284867,0.0,443.42153555854384,0.0,-0.0,4455087999.999996,-0.9970183069235419,-0.07716537863131322,0.0
149599998.60568187,11792879.96340764,0.0,-7.0311211809977155e-06,29.77999972329961,0.0,443.4215355585439,0.0,-0.0,4455087999.999996,-0.9969630871950308,-0.07787555952000304,0.0
149599998.58025548,11900087.962402478,0.0,-7.094640353576173e-06,29.77999971826967,0.0,443.4215355585439,0.0,-0.0,4455087999.999996,-0.9969073678301119,-0.07858562187854636,0.0
149599998.55460045,12007295.961379128,0.0,-7.15814873263795e-06,29.779999713195075,0.0,443.42153555854384,0.0,-0.0,4455087999.999995,-0.9968511490821348,-0.07929556465293339,0.0
149599998.5287168,12114503.960337428,0.0,-7.221646224042054e-06,29.779999708075845,0.0,443.42153555854384,0.0,-0.0,4455087999.999995,-0.9967944312066422,-0.08000538679005662,0.0
149599998.5026046,12221711.95927722,0.0,-7.2851327337295825e-06,29.779999702912004,0.0,443.42153555854384,0.0,-0.0,4455087999.999995,-0.9967372144613682,-0.08071508723771853,0.0
149599998.47626388,12328919.95819834,0.0,-7.3486081677243994e-06,29.779999697703577,0.0,443.4215355585439,0.0,-0.0,4455087999.999996,-0.9966794991062339,-0.08142466494463908,0.0
149599998.44969466,12436127.957100632,0.0,-7.412072432133812e-06,29.779999692450584,0.0,443.42153555854384,0.0,-0.0,4455087999.999996,-0.9966212854033448,-0.08213411886046328,0.0
149599998.42289698,12543335.955983931,0.0,-7.4755254331492464e-06,29.77999968715305,0.0,443.4215355585439,0.0,-0.0,4455087999.999996,-0.9965625736169874,-0.0828434479357688,0.0
149599998.3958709,12650543.954848079,0.0,-7.538967077046919e-06,29.779999681811002,0.0,443.4215355585439,0.0,-0.0,4455087999.999996,-0.996503364013626,-0.08355265112207351,0.0
149599998.36861643,12757751.953692917,0.0,-7.602397270188507e-06,29.779999676424463,0.0,443.4215355585439,0.0,-0.0,4455087999.999996,-0.9964436568618987,-0.08426172737184287,0.0
149599998.34113365,12864959.952518282,0.0,-7.665815919021821e-06,29.779999670993455,0.0,443.4215355585439,0.0,-0.0,4455087999.999996,-0.9963834524326151,-0.08497067563849767,0.0
149599998.3134226,12972167.951324016,0.0,-7.729222930081472e-06,29.779999665518005,0.0,443.4215355585439,0.0,-0.0,4455087999.999997,-0.996322750998752,-0.08567949487642126,0.0
149599998.28548327,13079375.950109959,0.0,-7.792618209989539e-06,29.779999659998136,0.0,443.4215355585439,0.0,-0.0,4455087999.999997,-0.9962615528354509,-0.08638818404096721,0.0
149599998.25731575,13186583.948875949,0.0,-7.856001665456233e-06,29.779999654433876,0.0,443.42153555854395,0.0,-0.0,4455087999.999997,-0.9961998582200136,-0.0870967420884667,0.0
149599998.22892007,13293791.947621828,0.0,-7.91937320328056e-06,29.779999648825246,0.0,443.42153555854395,0.0,-0.0,4455087999.999997,-0.9961376674318992,-0.08780516797623593,0.0
149599998.20029628,13400999.946347436,0.0,-7.982732730350992e-06,29.779999643172275,0.0,443.421535558544,0.0,-0.0,4455087999.999997,-0.9960749807527208,-0.08851346066258357,0.0
149599998.17144442,13508207.945052614,0.0,-8.046080153646114e-06,29.779999637474987,0.0,443.42153555854395,0.0,-0.0,4455087999.999997,-0.996011798466242,-0.0892216191068182,0.0
149599998.14236453,13615415.943737203,0.0,-8.109415380235294e-06,29.779999631733407,0.0,443.42153555854395,0.0,-0.0,4455087999.999997,-0.9959481208583727,-0.08992964226925562,0.0
149599998.11305666,13722623.942401042,0.0,-8.172738317279338e-06,29.77999962594756,0.0,443.42153555854395,0.0,-0.0,4455087999.999998,-0.9958839482171663,-0.09063752911122626,0.0
149599998.08352083,13829831.941043973,0.0,-8.236048872031141e-06,29.779999620117476,0.0,443.4215355585439,0.0,-0.0,4455087999.999997,-0.9958192808328159,-0.09134527859508257,0.0
149599998.0537571,13937039.939665835,0.0,-8.29934695183635e-06,29.77999961424318,0.0,443.42153555854395,0.0,-0.0,4455087999.999997,-0.9957541189976507,-0.09205288968420625,0.0
149599998.02376553,14044247.938266471,0.0,-8.362632464134012e-06,29.779999608324697,0.0,443.4215355585439,0.0,-0.0,4455087999.999997,-0.9956884630061318,-0.09276036134301564,0.0
149599997.99354616,14151455.93684572,0.0,-8.425905316457225e-06,29.779999602362057,0.0,443.42153555854395,0.0,-0.0,4455087999.999997,-0.9956223131548498,-0.09346769253697307,0.0
149599997.96309903,14258663.935403423,0.0,-8.48916541643379e-06,29.77999959635528,0.0,443.42153555854395,0.0,-0.0,4455087999.999997,-0.99555566974252,-0.09417488223259193,0.0
149599997.9324242,14365871.933939423,0.0,-8.552412671786858e-06,29.779999590304403,0.0,443.42153555854395,0.0,-0.0,4455087999.999997,-0.9954885330699788,-0.09488192939744423,0.0
149599997.90152168,14473079.932453562,0.0,-8.615646990335572e-06,29.779999584209445,0.0,443.42153555854395,0.0,-0.0,4455087999.999997,-0.9954209034401811,-0.09558883300016766,0.0
149599997.87039155,14580287.930945678,0.0,-8.678868279995723e-06,29.779999578070438,0.0,443.42153555854395,0.0,-0.0,4455087999.999997,-0.9953527811581945,-0.0962955920104727,0.0
149599997.83903384,14687495.929415615,0.0,-8.742076448780381e-06,29.77999957188741,0.0,443.42153555854395,0.0,-0.0,4455087999.999997,-0.9952841665311979,-0.0970022053991502,0.0
149599997.80744863,14794703.927863214,0.0,-8.805271404800545e-06,29.779999565660383,0.0,443.421535558544,0.0,-0.0,4455087999.999997,-0.9952150598684757,-0.09770867213807813,0.0
149599997.77563593,14901911.926288316,0.0,-8.868453056265774e-06,29.77999955938939,0.0,443.42153555854395,0.0,-0.0,4455087999.999997,-0.9951454614814152,-0.09841499120022908,0.0
149599997.74359578,15009119.924690764,0.0,-8.931621311484838e-06,29.779999553074457,0.0,443.421535558544,0.0,-0.0,4455087999.999998,-0.9950753716835024,-0.0991211615596772,0.0
149599997.71132827,15116327.9230704,0.0,-8.994776078866342e-06,29.779999546715615,0.0,443.42153555854395,0.0,-0.0,4455087999.999998,-0.9950047907903178,-0.0998271821916056,0.0
149599997.67883343,15223535.921427064,0.0,-9.057917266919364e-06,29.779999540312893,0.0,443.421535558544,0.0,-0.0,4455087999.999998,-0.9949337191195329,-0.10053305207231304,0.0
149599997.64611128,15330743.9197606,0.0,-9.121044784254092e-06,29.779999533866317,0.0,443.421535558544,0.0,-0.0,4455087999.999998,-0.9948621569909063,-0.10123877017922142,0.0
149599997.61316192,15437951.918070849,0.0,-9.184158539582453e-06,29.779999527375917,0.0,443.42153555854395,0.0,-0.0,4455087999.999999,-0.9947901047262795,-0.10194433549088264,0.0
149599997.57998538,15545159.916357653,0.0,-9.247258441718741e-06,29.779999520841724,0.0,443.421535558544,0.0,-0.0,4455087999.999999,-0.9947175626495733,-0.10264974698698572,0.0
149599997.5465817,15652367.914620856,0.0,-9.310344399580244e-06,29.779999514263764,0.0,443.421535558544,0.0,-0.0,4455087999.999999,-0.9946445310867831,-0.10335500364836386,0.0
149599997.5129509,15759575.912860299,0.0,-9.373416322187873e-06,29.779999507642067,0.0,443.421535558544,0.0,-0.0,4455087999.999999,-0.9945710103659758,-0.10406010445700142,0.0
149599997.4790931,15866783.911075825,0.0,-9.436474118666786e-06,29.779999500976665,0.0,443.421535558544,0.0,-0.0,4455087999.999999,-0.9944970008172851,-0.10476504839604087,0.0
149599997.4450083,15973991.909267278,0.0,-9.499517698247007e-06,29.779999494267585,0.0,443.421535558544,0.0,-0.0,4455087999.999999,-0.9944225027729078,-0.10546983444978984,0.0
149599997.4106966,16081199.9074345,0.0,-9.56254697026405e-06,29.77999948751486,0.0,443.421535558544,0.0,-0.0,4455087999.999998,-0.9943475165670996,-0.10617446160372812,0.0
149599997.376158,16188407.905577334,0.0,-9.625561844159537e-06,29.77999948071852,0.0,443.42153555854395,0.0,-0.0,4455087999.999998,-0.9942720425361709,-0.10687892884451441,0.0
149599997.34139258,16295615.90369562,0.0,-9.688562229481812e-06,29.779999473878593,0.0,443.42153555854395,0.0,-0.0,4455087999.999999,-0.9941960810184828,-0.10758323515999346,0.0
149599997.3064004,16402823.901789207,0.0,-9.75154803588656e-06,29.77999946699511,0.0,443.42153555854384,0.0,-0.0,4455087999.999998,-0.9941196323544429,-0.10828737953920277,0.0
149599997.27118146,16510031.899857935,0.0,-9.81451917313742e-06,29.779999460068108,0.0,443.42153555854395,0.0,-0.0,4455087999.999999,-0.9940426968865012,-0.10899136097237964,0.0
149599997.23573586,16617239.897901647,0.0,-9.877475551106595e-06,29.77999945309761,0.0,443.4215355585439,0.0,-0.0,4455087999.999999,-0.9939652749591458,-0.10969517845096789,0.0
149599997.20006365,16724447.895920185,0.0,-9.94041707977546e-06,29.77999944608365,0.0,443.4215355585439,0.0,-0.0,4455087999.999999,-0.9938873669188988,-0.11039883096762478,0.0
149599997.16416487,16831655.893913396,0.0,-1.0003343669235177e-05,29.77999943902626,0.0,443.42153555854384,0.0,-0.0,4455087999.999998,-0.9938089731143119,-0.11110231751622775,0.0
149599997.1280396,16938863.891881123,0.0,-1.006625522968729e-05,29.77999943192547,0.0,443.42153555854384,0.0,-0.0,4455087999.999999,-0.9937300938959626,-0.11180563709188131,0.0
149599997.09168786,17046071.88982321,0.0,-1.012915167144434e-05,29.779999424781316,0.0,443.42153555854384,0.0,-0.0,4455087999.999999,-0.9936507296164488,-0.11250878869092369,0.0
149599997.0551097,17153279.8877395,0.0,-1.019203290493046e-05,29.779999417593825,0.0,443.4215355585439,0.0,-0.0,4455087999.999998,-0.9935708806303861,-0.11321177131093373,0.0
149599997.01830524,17260487.885629833,0.0,-1.0254898840681977e-05,29.779999410363033,0.0,443.4215355585439,0.0,-0.0,4455087999.999999,-0.993490547294402,-0.11391458395073746,0.0
149599996.98127446,17367695.88349406,0.0,-1.0317749389348012e-05,29.77999940308897,0.0,443.4215355585439,0.0,-0.0,4455087999.999998,-0.9934097299671326,-0.11461722561041493,0.0
149599996.94401744,17474903.88133202,0.0,-1.0380584461691074e-05,29.779999395771664,0.0,443.4215355585439,0.0,-0.0,4455087999.999998,-0.9933284290092175,-0.11531969529130695,0.0
149599996.90653425,17582111.879143562,0.0,-1.044340396858766e-05,29.779999388411156,0.0,443.42153555854384,0.0,-0.0,4455087999.999998,-0.993246644783296,-0.11602199199602149,0.0
149599996.86882496,17689319.876928527,0.0,-1.0506207821028838e-05,29.779999381007475,0.0,443.42153555854395,0.0,-0.0,4455087999.999998,-0.9931643776540025,-0.11672411472844056,0.0
149599996.83088958,17796527.874686763,0.0,-1.0568995930120848e-05,29.779999373560653,0.0,443.42153555854395,0.0,-0.0,4455087999.999998,-0.9930816279879612,-0.11742606249372686,0.0
149599996.79272822,17903735.872418113,0.0,-1.0631768207085686e-05,29.779999366070726,0.0,443.4215355585439,0.0,-0.0,4455087999.999998,-0.9929983961537835,-0.11812783429833026,0.0
149599996.7543409,18010943.87012242,0.0,-1.0694524563261688e-05,29.779999358537722,0.0,443.4215355585439,0.0,-0.0,4455087999.999999,-0.9929146825220616,-0.11882942914999432,0.0
149599996.71572766,18118151.86779953,0.0,-1.0757264910104123e-05,29.77999935096168,0.0,443.42153555854395,0.0,-0.0,4455087999.999998,-0.9928304874653655,-0.11953084605776311,0.0
149599996.67688859,18225359.86544929,0.0,-1.0819989159185766e-05,29.779999343342634,0.0,443.42153555854395,0.0,-0.0,4455087999.999999,-0.9927458113582374,-0.12023208403198743,0.0
149599996.63782373,18332567.863071546,0.0,-1.0882697222197488e-05,29.779999335680614,0.0,443.421535558544,0.0,-0.0,4455087999.999999,-0.9926606545771878,-0.12093314208433158,0.0
149599996.59853318,18439775.86066614,0.0,-1.094538901094883e-05,29.779999327975656,0.0,443.421535558544,0.0,-0.0,4455087999.999998,-0.9925750175006905,-0.12163401922777974,0.0
149599996.55901697,18546983.85823292,0.0,-1.1008064437368578e-05,29.77999932022779,0.0,443.421535558544,0.0,-0.0,4455087999.999999,-0.9924889005091787,-0.1223347144766424,0.0
149599996.51927516,18654191.855771728,0.0,-1.1070723413505346e-05,29.77999931243706,0.0,443.421535558544,0.0,-0.0,4455088000.0,-0.9924023039850395,-0.12303522684656291,0.0
149599996.4793078,18761399.853282414,0.0,-1.113336585152814e-05,29.779999304603493,0.0,443.421535558544,0.0,-0.0,4455087999.999999,-0.9923152283126101,-0.12373555535452391,0.0
149599996.43911496,18868607.850764822,0.0,-1.1195991663726933e-05,29.779999296727123,0.0,443.421535558544,0.0,-0.0,4455088000.0,-0.9922276738781727,-0.12443569901885355,0.0
149599996.3986967,18975815.8482188,0.0,-1.1258600762513238e-05,29.77999928880799,0.0,443.42153555854406,0.0,-0.0,4455088000.0,-0.9921396410699497,-0.12513565685923217,0.0
149599996.35805306,19083023.845644187,0.0,-1.1321193060420668e-05,29.779999280846123,0.0,443.421535558544,0.0,-0.0,4455088000.0,-0.9920511302780995,-0.12583542789669838,0.0
149599996.31718412,19190231.84304084,0.0,-1.1383768470105503e-05,29.779999272841565,0.0,443.42153555854406,0.0,-0.0,4455088000.0,-0.9919621418947118,-0.1265350111536555,0.0
149599996.27608994,19297439.840408597,0.0,-1.1446326904347256e-05,29.779999264794345,0.0,443.421535558544,0.0,-0.0,4455088000.0,-0.9918726763138022,-0.12723440565387803,0.0
149599996.23477057,19404647.83774731,0.0,-1.150886827604923e-05,29.7799992567045,0.0,443.42153555854406,0.0,-0.0,4455087999.999999,-0.9917827339313079,-0.12793361042251764,0.0
149599996.1932261,19511855.83505682,0.0,-1.157139249823908e-05,29.779999248572068,0.0,443.42153555854406,0.0,-0.0,4455088000.0,-0.9916923151450834,-0.1286326244861097,0.0
149599996.15145656,19619063.832336977,0.0,-1.1633899484069364e-05,29.779999240397082,0.0,443.42153555854406,0.0,-0.0,4455088000.0,-0.991601420354895,-0.1293314468725793,0.0
149599996.10946205,19726271.829587627,0.0,-1.1696389146818107e-05,29.77999923217958,0.0,443.42153555854406,0.0,-0.0,4455088000.0,-0.9915100499624162,-0.13003007661124777,0.0
149599996.0672426,19833479.82680862,0.0,-1.1758861399889344e-05,29.7799992239196,0.0,443.42153555854406,0.0,-0.0,4455088000.0,-0.991418204371223,-0.13072851273283856,0.0
149599996.02479827,19940687.8239998,0.0,-1.1821316156813676e-05,29.779999215617174,0.0,443.42153555854406,0.0,-0.0,4455088000.0,-0.9913258839867891,-0.1314267542694836,0.0
149599995.98212916,20047895.821161013,0.0,-1.1883753331248818e-05,29.77999920727234,0.0,443.421535558544,0.0,-0.0,4455088000.0,-0.9912330892164808,-0.1321248002547294,0.0
149599995.93923527,20155103.818292107,0.0,-1.1946172836980143e-05,29.779999198885136,0.0,443.421535558544,0.0,-0.0,4455088000.0,-0.9911398204695525,-0.13282264972354327,0.0
149599995.89611673,20262311.815392934,0.0,-1.2008574587921224e-05,29.779999190455598,0.0,443.4215355585439,0.0,-0.0,4455088000.0,-0.9910460781571416,-0.13352030171231918,0.0
149599995.85277358,20369519.812463336,0.0,-1.2070958498114388e-05,29.779999181983765,0.0,443.42153555854395,0.0,-0.0,4455088000.0,-0.9909518626922633,-0.13421775525888424,0.0
149599995.80920586,20476727.809503164,0.0,-1.2133324481731237e-05,29.779999173469673,0.0,443.4215355585439,0.0,-0.0,4455088000.0,-0.990857174489806,-0.13491500940250423,0.0
149599995.76541367,20583935.806512266,0.0,-1.2195672453073205e-05,29.77999916491336,0.0,443.4215355585439,0.0,-0.0,4455088000.0,-0.990762013966527,-0.13561206318389027,0.0
149599995.72139704,20691143.80349049,0.0,-1.2258002326572078e-05,29.77999915631486,0.0,443.42153555854395,0.0,-0.0,4455087999.999999,-0.9906663815410457,-0.13630891564520417,0.0
149599995.67715606,20798351.80043768,0.0,-1.2320314016790539e-05,29.779999147674218,0.0,443.42153555854384,0.0,-0.0,4455088000.0,-0.9905702776338404,-0.13700556583006493,0.0
149599995.6326908,20905559.797353692,0.0,-1.238260743842269e-05,29.779999138991467,0.0,443.4215355585439,0.0,-0.0,4455087999.999999,-0.9904737026672429,-0.1377020127835544,0.0
149599995.5880013,21012767.79423837,0.0,-1.244488250629459e-05,29.779999130266646,0.0,443.42153555854384,0.0,-0.0,4455088000.0,-0.9903766570654325,-0.13839825555222343,0.0
149599995.54308766,21119975.79109156,0.0,-1.2507139135364775e-05,29.77999912149979,0.0,443.42153555854384,0.0,-0.0,4455087999.999999,-0.9902791412544325,-0.13909429318409763,0.0
149599995.49794993,21227183.787913118,0.0,-1.2569377240724787e-05,29.779999112690945,0.0,443.4215355585438,0.0,-0.0,4455087999.999999,-0.9901811556621036,-0.13979012472868332,0.0
149599995.45258817,21334391.784702886,0.0,-1.2631596737599694e-05,29.779999103840144,0.0,443.4215355585437,0.0,-0.0,4455087999.999999,-0.9900827007181401,-0.14048574923697335,0.0
149599995.40700245,21441599.781460717,0.0,-1.2693797541348613e-05,29.779999094947428,0.0,443.4215355585438,0.0,-0.0,4455087999.999999,-0.9899837768540639,-0.14118116576145306,0.0
149599995.36119285,21548807.77818646,0.0,-1.2755979567465226e-05,29.779999086012833,0.0,443.4215355585437,0.0,-0.0,4455087999.999999,-0.98988438450322,-0.14187637335610598,0.0
149599995.31515944,21656015.77487996,0.0,-1.2818142731578298e-05,29.7799990770364,0.0,443.4215355585437,0.0,-0.0,4455087999.999999,-0.989784524100771,-0.14257137107641962,0.0
149599995.26890227,21763223.77154107,0.0,-1.2880286949452188e-05,29.77999906801817,0.0,443.4215355585437,0.0,-0.0,4455088000.0,-0.9896841960836922,-0.1432661579793913,0.0
149599995.2224214,21870431.76816964,0.0,-1.2942412136987367e-05,29.779999058958182,0.0,443.4215355585437,0.0,-0.0,4455088000.0,-0.9895834008907661,-0.1439607331235339,0.0
149599995.17571694,21977639.76476552,0.0,-1.300451821022092e-05,29.779999049856475,0.0,443.42153555854384,0.0,-0.0,4455088000.0,-0.9894821389625776,-0.14465509556888165,0.0
149599995.12878892,22084847.761328556,0.0,-1.3066605085327056e-05,29.779999040713086,0.0,443.42153555854384,0.0,-0.0,4455088000.000001,-0.9893804107415087,-0.14534924437699545,0.0
149599995.0816374,22192055.7578586,0.0,-1.3128672678617619e-05,29.779999031528057,0.0,443.4215355585438,0.0,-0.0,4455088000.0,-0.9892782166717331,-0.14604317861096913,0.0
149599995.0342625,22299263.754355505,0.0,-1.3190720906542579e-05,29.77999902230143,0.0,443.4215355585438,0.0,-0.0,4455088000.000001,-0.9891755571992112,-0.14673689733543457,0.0
149599994.98666427,22406471.75081912,0.0,-1.325274968569054e-05,29.77999901303324,0.0,443.42153555854384,0.0,-0.0,4455088000.000001,-0.989072432771685,-0.14743039961656765,0.0
149599994.93884274,22513679.747249294,0.0,-1.3314758932789241e-05,29.779999003723532,0.0,443.4215355585437,0.0,-0.0,4455088000.000001,-0.9889688438386719,-0.14812368452209365,0.0
149599994.89079803,22620887.74364588,0.0,-1.3376748564706046e-05,29.779998994372345,0.0,443.4215355585438,0.0,-0.0,4455088000.000001,-0.9888647908514607,-0.14881675112129292,0.0
149599994.8425302,22728095.740008727,0.0,-1.343871849844844e-05,29.77999898497972,0.0,443.4215355585438,0.0,-0.0,4455088000.000001,-0.9887602742631058,-0.14950959848500642,0.0
149599994.79403928,22835303.736337684,0.0,-1.3500668651164522e-05,29.7799989755457,0.0,443.4215355585437,0.0,-0.0,4455088000.000001,-0.9886552945284214,-0.15020222568564126,0.0
149599994.7453254,22942511.732632603,0.0,-1.356259894014349e-05,29.77999896607032,0.0,443.4215355585437,0.0,-0.0,4455088000.000001,-0.988549852103977,-0.15089463179717605,0.0
149599994.69638857,23049719.72889334,0.0,-1.3624509282816137e-05,29.779998956553626,0.0,443.4215355585438,0.0,-0.0,4455088000.0,-0.9884439474480913,-0.1515868158951665,0.0
149599994.64722893,23156927.72511974,0.0,-1.3686399596755324e-05,29.77999894699566,0.0,443.4215355585438,0.0,-0.0,4455088000.0,-0.9883375810208274,-0.15227877705675097,0.0
149599994.5978465,23264135.72131166,0.0,-1.374826979967647e-05,29.779998937396464,0.0,443.42153555854384,0.0,-0.0,4455088000.0,-0.988230753283987,-0.15297051436065554,0.0
149599994.5482414,23371343.717468947,0.0,-1.3810119809438034e-05,29.779998927756075,0.0,443.42153555854384,0.0,-0.0,4455088000.000001,-0.9881234647011058,-0.1536620268871998,0.0
149599994.49841368,23478551.713591456,0.0,-1.3871949544041985e-05,29.779998918074536,0.0,443.4215355585439,0.0,-0.0,4455088000.000001,-0.9880157157374468,-0.1543533137183019,0.0
149599994.4483634,23585759.709679037,0.0,-1.3933758921634284e-05,29.779998908351892,0.0,443.4215355585439,0.0,-0.0,4455088000.0,-0.9879075068599963,-0.15504437393748421,0.0
149599994.39809063,23692967.70573154,0.0,-1.3995547860505354e-05,29.779998898588182,0.0,443.4215355585439,0.0,-0.0,4455088000.000001,-0.9877988385374571,-0.15573520662987816,0.0
149599994.34759548,23800175.701748822,0.0,-1.4057316279090555e-05,29.77999888878345,0.0,443.4215355585439,0.0,-0.0,4455088000.000001,-0.9876897112402442,-0.15642581088223015,0.0
149599994.29687798,23907383.69773073,0.0,-1.4119064095970649e-05,29.779998878937736,0.0,443.4215355585439,0.0,-0.0,4455088000.000001,-0.9875801254404785,-0.15711618578290618,0.0
149599994.24593824,24014591.693677124,0.0,-1.4180791229872265e-05,29.779998869051084,0.0,443.4215355585439,0.0,-0.0,4455088000.0,-0.9874700816119822,-0.1578063304218977,0.0
149599994.19477633,24121799.68958785,0.0,-1.4242497599668367e-05,29.779998859123538,0.0,443.42153555854384,0.0,-0.0,4455088000.000001,-0.9873595802302724,-0.15849624389082628,0.0
149599994.1433923,24229007.685462765,0.0,-1.4304183124378716e-05,29.779998849155138,0.0,443.4215355585438,0.0,-0.0,4455088000.000001,-0.987248621772556,-0.15918592528294906,0.0
149599994.09178624,24336215.68130172,0.0,-1.4365847723170324e-05,29.779998839145932,0.0,443.42153555854384,0.0,-0.0,4455088000.000001,-0.9871372067177243,-0.159875373693164,0.0
149599994.0399582,24443423.677104566,0.0,-1.4427491315357916e-05,29.77999882909596,0.0,443.42153555854384,0.0,-0.0,4455088000.000001,-0.9870253355463471,-0.1605645882180148,0.0
149599993.9879083,24550631.67287116,0.0,-1.4489113820404383e-05,29.779998819005264,0.0,443.4215355585439,0.0,-0.0,4455088000.000001,-0.986913008740668,-0.1612535679556962,0.0
149599993.9356366,24657839.668601356,0.0,-1.4550715157921237e-05,29.779998808873888,0.0,443.4215355585438,0.0,-0.0,4455088000.000001,-0.986800226784597,-0.16194231200605883,0.0
149599993.8831432,24765047.664295007,0.0,-1.4612295247669053e-05,29.77999879870188,0.0,443.42153555854384,0.0,-0.0,4455088000.000001,-0.9866869901637075,-0.1626308194706145,0.0
149599993.83042812,24872255.659951963,0.0,-1.4673854009557926e-05,29.779998788489277,0.0,443.4215355585439,0.0,-0.0,4455088000.000001,-0.9865732993652285,-0.16331908945254117,0.0
149599993.77749148,24979463.65557208,0.0,-1.4735391363647912e-05,29.779998778236127,0.0,443.4215355585439,0.0,-0.0,4455088000.000002,-0.98645915487804,-0.16400712105668772,0.0
149599993.72433335,25086671.65115521,0.0,-1.4796907230149472e-05,29.779998767942473,0.0,443.4215355585439,0.0,-0.0,4455088000.000002,-0.9863445571926673,-0.16469491338957934,0.0
149599993.67095378,25193879.646701213,0.0,-1.485840152942391e-05,29.779998757608357,0.0,443.4215355585439,0.0,-0.0,4455088000.000002,-0.9862295068012752,-0.1653824655594222,0.0
149599993.61735287,25301087.64220994,0.0,-1.4919874181983814e-05,29.779998747233826,0.0,443.42153555854384,0.0,-0.0,4455088000.000001,-0.9861140041976625,-0.16606977667610837,0.0
149599993.5635307,25408295.637681246,0.0,-1.4981325108493492e-05,29.779998736818925,0.0,443.42153555854384,0.0,-0.0,4455088000.000002,-0.9859980498772561,-0.16675684585122094,0.0
149599993.50948736,25515503.633114986,0.0,-1.5042754229769403e-05,29.779998726363697,0.0,443.4215355585438,0.0,-0.0,4455088000.000001,-0.985881644337106,-0.1674436721980385,0.0
149599993.4552229,25622711.628511015,0.0,-1.5104161466780589e-05,29.77999871586819,0.0,443.42153555854384,0.0,-0.0,4455088000.000002,-0.9857647880758783,-0.16813025483154037,0.0
149599993.40073743,25729919.623869188,0.0,-1.5165546740649106e-05,29.779998705332442,0.0,443.4215355585438,0.0,-0.0,4455088000.000001,-0.9856474815938511,-0.1688165928684113,0.0
149599993.346031,25837127.61918936,0.0,-1.5226909972650445e-05,29.779998694756504,0.0,443.4215355585437,0.0,-0.0,4455088000.000001,-0.9855297253929076,-0.1695026854270462,0.0
149599993.29110372,25944335.614471387,0.0,-1.528825108421396e-05,29.77999868414042,0.0,443.4215355585437,0.0,-0.0,4455088000.000002,-0.9854115199765309,-0.17018853162755482,0.0
149599993.23595563,26051543.609715123,0.0,-1.5349569996923293e-05,29.779998673484236,0.0,443.4215355585437,0.0,-0.0,4455088000.000002,-0.985292865849798,-0.1708741305917668,0.0
149599993.18058684,26158751.604920425,0.0,-1.5410866632516783e-05,29.779998662787996,0.0,443.4215355585438,0.0,-0.0,4455088000.000002,-0.9851737635193742,-0.17155948144323593,0.0
149599993.12499744,26265959.600087147,0.0,-1.5472140912887895e-05,29.779998652051745,0.0,443.4215355585438,0.0,-0.0,4455088000.000002,-0.985054213493508,-0.17224458330724535,0.0
149599993.06918746,26373167.59521515,0.0,-1.553339276008562e-05,29.77999864127553,0.0,443.4215355585438,0.0,-0.0,4455088000.000001,-0.9849342162820235,-0.17292943531081173,0.0
149599993.01315704,26480375.590304285,0.0,-1.5594622096314895e-05,29.779998630459396,0.0,443.4215355585437,0.0,-0.0,4455088000.000002,-0.9848137723963167,-0.1736140365826903,0.0
149599992.95690623,26587583.58535441,0.0,-1.5655828843937018e-05,29.77999861960339,0.0,443.4215355585437,0.0,-0.0,4455088000.000003,-0.9846928823493485,-0.17429838625337907,0.0
149599992.90043512,26694791.580365382,0.0,-1.5717012925470046e-05,29.779998608707558,0.0,443.4215355585437,0.0,-0.0,4455088000.000003,-0.9845715466556391,-0.17498248345512377,0.0
149599992.84374377,26801999.575337056,0.0,-1.5778174263589202e-05,29.779998597771947,0.0,443.4215355585438,0.0,-0.0,4455088000.000002,-0.9844497658312623,-0.17566632732192206,0.0
149599992.78683227,26909207.57026929,0.0,-1.5839312781127278e-05,29.7799985867966,0.0,443.4215355585438,0.0,-0.0,4455088000.000002,-0.9843275403938399,-0.17634991698952845,0.0
149599992.72970074,27016415.565161943,0.0,-1.590042840107503e-05,29.77999857578157,0.0,443.4215355585438,0.0,-0.0,4455088000.000003,-0.9842048708625349,-0.17703325159545838,0.0
149599992.6723492,27123623.56001487,0.0,-1.596152104658159e-05,29.779998564726895,0.0,443.4215355585437,0.0,-0.0,4455088000.000002,-0.9840817577580472,-0.17771633027899286,0.0
149599992.6147778,27230831.55482793,0.0,-1.6022590640954843e-05,29.77999855363263,0.0,443.4215355585437,0.0,-0.0,4455088000.000002,-0.9839582016026063,-0.17839915218118316,0.0
149599992.5569866,27338039.549600977,0.0,-1.6083637107661825e-05,29.77999854249882,0.0,443.4215355585438,0.0,-0.0,4455088000.000003,-0.9838342029199659,-0.17908171644485466,0.0
149599992.49897566,27445247.54433387,0.0,-1.614466037032912e-05,29.77999853132551,0.0,443.42153555854384,0.0,-0.0,4455088000.000003,-0.9837097622353987,-0.17976402221461182,0.0
149599992.4407451,27552455.539026473,0.0,-1.620566035274324e-05,29.77999852011275,0.0,443.42153555854384,0.0,-0.0,4455088000.000004,-0.9835848800756893,-0.18044606863684215,0.0
149599992.38229495,27659663.533678636,0.0,-1.6266636978851013e-05,29.77999850886058,0.0,443.4215355585438,0.0,-0.0,4455088000.000004,-0.9834595569691292,-0.18112785485972083,0.0
149599992.32362533,27766871.52829022,0.0,-1.6327590172759964e-05,29.779998497569053,0.0,443.4215355585438,0.0,-0.0,4455088000.000003,-0.9833337934455106,-0.1818093800332146,0.0
149599992.26473632,27874079.522861086,0.0,-1.63885198587387e-05,29.77999848623822,0.0,443.4215355585438,0.0,-0.0,4455088000.000003,-0.9832075900361203,-0.18249064330908654,0.0
149599992.205628,27981287.51739109,0.0,-1.6449425961217285e-05,29.779998474868126,0.0,443.42153555854384,0.0,-0.0,4455088000.000003,-0.9830809472737342,-0.18317164384089996,0.0
149599992.14630046,28088495.51188009,0.0,-1.6510308404787608e-05,29.779998463458817,0.0,443.4215355585438,0.0,-0.0,4455088000.000002,-0.9829538656926106,-0.18385238078402277,0.0
149599992.08675382,28195703.506327946,0.0,-1.6571167114203766e-05,29.779998452010343,0.0,443.4215355585438,0.0,-0.0,4455088000.000003,-0.982826345828485,-0.18453285329563165,0.0
149599992.0269881,28302911.500734515,0.0,-1.6632002014382428e-05,29.77999844052275,0.0,443.4215355585437,0.0,-0.0,4455088000.000002,-0.982698388218564,-0.18521306053471612,0.0
149599991.9670034,28410119.49509966,0.0,-1.669281303040321e-05,29.77999842899609,0.0,443.4215355585438,0.0,-0.0,4455088000.000002,-0.9825699934015188,-0.18589300166208292,0.0
149599991.90679985,28517327.489423238,0.0,-1.6753600087509035e-05,29.77999841743041,0.0,443.4215355585438,0.0,-0.0,4455088000.000002,-0.9824411619174799,-0.18657267584035983,0.0
149599991.84637752,28624535.48370511,0.0,-1.6814363111106496e-05,29.779998405825758,0.0,443.42153555854384,0.0,-0.0,4455088000.000002,-0.9823118943080306,-0.18725208223399997,0.0
149599991.78573647,28731743.477945138,0.0,-1.6875102026766217e-05,29.779998394182183,0.0,443.42153555854384,0.0,-0.0,4455088000.000003,-0.982182191116201,-0.18793122000928575,0.0
149599991.72487682,28838951.472143177,0.0,-1.693581676022321e-05,29.779998382499734,0.0,443.42153555854395,0.0,-0.0,4455088000.000003,-0.9820520528864624,-0.188610088334333,0.0
149599991.66379863,28946159.46629909,0.0,-1.6996507237377234e-05,29.779998370778458,0.0,443.4215355585439,0.0,-0.0,4455088000.000003,-0.9819214801647211,-0.18928868637909485,0.0
149599991.602502,29053367.460412737,0.0,-1.705717338429315e-05,29.779998359018407,0.0,443.4215355585439,0.0,-0.0,4455088000.000003,-0.981790473498312,-0.1899670133153657,0.0
149599991.540987,29160575.45448398,0.0,-1.7117815127201257e-05,29.779998347219628,0.0,443.42153555854395,0.0,-0.0,4455088000.000003,-0.9816590334359931,-0.19064506831678532,0.0
149599991.47925377,29267783.448512673,0.0,-1.7178432392497662e-05,29.77999833538217,0.0,443.42153555854395,0.0,-0.0,4455088000.000003,-0.9815271605279391,-0.1913228505588426,0.0
149599991.41730234,29374991.442498684,0.0,-1.723902510674461e-05,29.779998323506085,0.0,443.4215355585439,0.0,-0.0,4455088000.000004,-0.9813948553257354,-0.19200035921887956,0.0
149599991.35513282,29482199.436441872,0.0,-1.7299593196670832e-05,29.77999831159142,0.0,443.42153555854384,0.0,-0.0,4455088000.000003,-0.9812621183823722,-0.19267759347609523,0.0
149599991.2927453,29589407.430342097,0.0,-1.7360136589171885e-05,29.779998299638226,0.0,443.42153555854384,0.0,-0.0,4455088000.000002,-0.9811289502522381,-0.1933545525115492,0.0
149599991.23013985,29696615.42419922,0.0,-1.7420655211310486e-05,29.779998287646553,0.0,443.4215355585437,0.0,-0.0,4455088000.000003,-0.9809953514911142,-0.19403123550816592,0.0
149599991.1673166,29803823.418013103,0.0,-1.7481148990316863e-05,29.779998275616453,0.0,443.42153555854384,0.0,-0.0,4455088000.000002,-0.9808613226561683,-0.19470764165073798,0.0
149599991.10427558,29911031.41178361,0.0,-1.754161785358907e-05,29.779998263547974,0.0,443.42153555854384,0.0,-0.0,4455088000.000002,-0.9807268643059482,-0.19538377012593025,0.0
149599991.04101697,30018239.4055106,0.0,-1.760206172869332e-05,29.779998251441164,0.0,443.4215355585437,0.0,-0.0,4455088000.000002,-0.980591977000376,-0.19605962012228334,0.0
149599990.9775408,30125447.39919394,0.0,-1.766248054336433e-05,29.779998239296077,0.0,443.4215355585438,0.0,-0.0,4455088000.000003,-0.980456661300742,-0.19673519083021745,0.0
149599990.91384715,30232655.392833486,0.0,-1.7722874225505627e-05,29.779998227112763,0.0,443.42153555854384,0.0,-0.0,4455088000.000003,-0.9803209177696983,-0.19741048144203605,0.0
149599990.84993613,30339863.386429105,0.0,-1.7783242703189888e-05,29.779998214891272,0.0,443.4215355585439,0.0,-0.0,4455088000.000003,-0.9801847469712528,-0.19808549115192928,0.0
149599990.78580782,30447071.379980657,0.0,-1.784358590465924e-05,29.779998202631653,0.0,443.42153555854384,0.0,-0.0,4455088000.000003,-0.9800481494707632,-0.19876021915597802,0.0
149599990.72146234,30554279.373488005,0.0,-1.7903903758325597e-05,29.77999819033396,0.0,443.42153555854395,0.0,-0.0,4455088000.000003,-0.9799111258349308,-0.19943466465215692,0.0
149599990.65689975,30661487.366951015,0.0,-1.7964196192770972e-05,29.77999817799824,0.0,443.421535558544,0.0,-0.0,4455088000.000003,-0.9797736766317942,-0.20010882684033834,0.0
149599990.59212017,30768695.36036955,0.0,-1.8024463136747783e-05,29.779998165624548,0.0,443.42153555854395,0.0,-0.0,4455088000.000004,-0.9796358024307228,-0.2007827049222959,0.0
149599990.52712366,30875903.353743467,0.0,-1.8084704519179166e-05,29.779998153212933,0.0,443.421535558544,0.0,-0.0,4455088000.000004,-0.979497503802412,-0.20145629810170768,0.0
149599990.46191034,30983111.347072635,0.0,-1.8144920269159292e-05,29.779998140763446,0.0,443.42153555854406,0.0,-0.0,4455088000.000004,-0.979358781318875,-0.20212960558415993,0.0
149599990.39648026,31090319.340356916,0.0,-1.8205110315953664e-05,29.779998128276137,0.0,443.421535558544,0.0,-0.0,4455088000.000004,-0.9792196355534385,-0.20280262657715045,0.0
149599990.33083355,31197527.333596177,0.0,-1.826527458899942e-05,29.77999811575106,0.0,443.421535558544,0.0,-0.0,4455088000.000003,-0.9790800670807354,-0.20347536029009206,0.0
149599990.2649703,31304735.32679028,0.0,-1.8325413017905634e-05,29.779998103188266,0.0,443.42153555854395,0.0,-0.0,4455088000.000003,-0.9789400764766988,-0.2041478059343159,0.0
149599990.1988906,31411943.319939088,0.0,-1.8385525532453622e-05,29.779998090587807,0.0,443.4215355585439,0.0,-0.0,4455088000.000003,-0.9787996643185561,-0.20481996272307482,0.0
149599990.13259456,31519151.313042466,0.0,-1.844561206259723e-05,29.779998077949735,0.0,443.4215355585439,0.0,-0.0,4455088000.000003,-0.9786588311848227,-0.20549182987154674,0.0
149599990.06608224,31626359.30610028,0.0,-1.8505672538463132e-05,29.779998065274103,0.0,443.4215355585439,0.0,-0.0,4455088000.000003,-0.9785175776552953,-0.20616340659683793,0.0
149599989.99935374,31733567.299112394,0.0,-1.8565706890351114e-05,29.779998052560963,0.0,443.42153555854395,0.0,-0.0,4455088000.000003,-0.9783759043110465,-0.20683469211798639,0.0
149599989.93240917,31840775.292078674,0.0,-1.8625715048734367e-05,29.779998039810366,0.0,443.421535558544,0.0,-0.0,4455088000.000003,-0.9782338117344176,-0.2075056856559649,0.0
149599989.86524862,31947983.284998983,0.0,-1.8685696944259775e-05,29.779998027022362,0.0,443.42153555854395,0.0,-0.0,4455088000.000003,-0.9780913005090135,-0.2081763864336843,0.0
149599989.7978722,32055191.27787319,0.0,-1.8745652507748196e-05,29.77999801419701,0.0,443.421535558544,0.0,-0.0,4455088000.000003,-0.9779483712196956,-0.20884679367599696,0.0
149599989.73027995,32162399.270701155,0.0,-1.8805581670194734e-05,29.779998001334356,0.0,443.42153555854406,0.0,-0.0,4455088000.000004,-0.9778050244525759,-0.20951690660969954,0.0
149599989.66247204,32269607.26348275,0.0,-1.8865484362769036e-05,29.779997988434456,0.0,443.4215355585441,0.0,-0.0,4455088000.000005,-0.9776612607950105,-0.2101867244635363,0.0
149599989.5944485,32376815.256217837,0.0,-1.8925360516815554e-05,29.77999797549736,0.0,443.421535558544,0.0,-0.0,4455088000.000004,-0.9775170808355937,-0.21085624646820236,0.0
149599989.52620947,32484023.248906285,0.0,-1.8985210063853816e-05,29.779997962523122,0.0,443.421535558544,0.0,-0.0,4455088000.000004,-0.9773724851641516,-0.21152547185634651,0.0
149599989.45775503,32591231.241547957,0.0,-1.9045032935578708e-05,29.7799979495118,0.0,443.42153555854406,0.0,-0.0,4455088000.000004,-0.977227474371736,-0.21219439986257443,0.0
149599989.38908526,32698439.234142724,0.0,-1.9104829063860734e-05,29.779997936463438,0.0,443.4215355585441,0.0,-0.0,4455088000.000004,-0.9770820490506174,-0.21286302972345172,0.0
149599989.3202003,32805647.22669045,0.0,-1.9164598380746288e-05,29.779997923378097,0.0,443.4215355585441,0.0,-0.0,4455088000.000005,-0.9769362097942794,-0.21353136067750678,0.0
149599989.25110018,32912855.219191,0.0,-1.9224340818457906e-05,29.779997910255826,0.0,443.42153555854406,0.0,-0.0,4455088000.000004,-0.976789957197413,-0.21419939196523394,0.0
149599989.18178505,33020063.211644247,0.0,-1.928405630939454e-05,29.77999789709668,0.0,443.42153555854406,0.0,-0.0,4455088000.000004,-0.9766432918559089,-0.2148671228290963,0.0
149599989.112255,33127271.204050053,0.0,-1.9343744786131803e-05,29.779997883900712,0.0,443.42153555854406,0.0,-0.0,4455088000.000004,-0.976496214366852,-0.21553455251352865,0.0
149599989.04251012,33234479.196408287,0.0,-1.940340618142224e-05,29.779997870667977,0.0,443.42153555854406,0.0,-0.0,4455088000.000003,-0.9763487253285152,-0.21620168026494024,0.0
149599988.9725505,33341687.188718818,0.0,-1.946304042819557e-05,29.779997857398527,0.0,443.421535558544,0.0,-0.0,4455088000.000004,-0.9762008253403531,-0.21686850533171806,0.0
149599988.90237626,33448895.180981513,0.0,-1.9522647459558942e-05,29.779997844092417,0.0,443.421535558544,0.0,-0.0,4455088000.000003,-0.9760525150029952,-0.21753502696422905,0.0
149599988.83198747,33556103.17319624,0.0,-1.9582227208797173e-05,29.7799978307497,0.0,443.421535558544,0.0,-0.0,4455088000.000003,-0.9759037949182401,-0.21820124441482353,0.0
149599988.76138425,33663311.165362865,0.0,-1.964177960937301e-05,29.779997817370433,0.0,443.42153555854406,0.0,-0.0,4455088000.000004,-0.9757546656890491,-0.21886715693783748,0.0
149599988.6905667,33770519.15748126,0.0,-1.970130459492736e-05,29.779997803954664,0.0,443.42153555854406,0.0,-0.0,4455088000.000003,-0.9756051279195398,-0.21953276378959552,0.0
149599988.61953488,33877727.149551295,0.0,-1.976080209927954e-05,29.779997790502453,0.0,443.42153555854406,0.0,-0.0,4455088000.000003,-0.9754551822149798,-0.2201980642284136,0.0
149599988.54828894,33984935.14157283,0.0,-1.9820272056427506e-05,29.77999777701385,0.0,443.42153555854395,0.0,-0.0,4455088000.000002,-0.9753048291817803,-0.22086305751460167,0.0
149599988.47682896,34092143.13354575,0.0,-1.9879714400548098e-05,29.779997763488915,0.0,443.421535558544,0.0,-0.0,4455088000.000003,-0.9751540694274902,-0.22152774291046637,0.0
149599988.40515503,34199351.12546991,0.0,-1.9939129065997266e-05,29.7799977499277,0.0,443.421535558544,0.0,-0.0,4455088000.000003,-0.975002903560789,-0.22219211968031363,0.0
149599988.33326727,34306559.117345184,0.0,-1.9998515987310303e-05,29.779997736330255,0.0,443.421535558544,0.0,-0.0,4455088000.000003,-0.9748513321914812,-0.22285618709045127,0.0
149599988.26116577,34413767.10917144,0.0,-2.0057875099202074e-05,29.779997722696642,0.0,443.42153555854406,0.0,-0.0,4455088000.000003,-0.9746993559304898,-0.2235199444091917,0.0
149599988.1888506,34520975.10094856,0.0,-2.011720633656724e-05,29.77999770902691,0.0,443.42153555854406,0.0,-0.0,4455088000.000003,-0.9745469753898498,-0.22418339090685419,0.0
149599988.11632192,34628183.09267639,0.0,-2.0176509634480492e-05,29.77999769532112,0.0,443.4215355585442,0.0,-0.0,4455088000.000004,-0.9743941911827018,-0.2248465258557678,0.0
149599988.0435798,34735391.084354825,0.0,-2.0235784928196745e-05,29.779997681579324,0.0,443.4215355585442,0.0,-0.0,4455088000.000004,-0.9742410039232857,-0.2255093485302734,0.0
149599987.9706243,34842599.07598372,0.0,-2.029503215315139e-05,29.779997667801574,0.0,443.4215355585441,0.0,-0.0,4455088000.000003,-0.974087414226935,-0.2261718582067266,0.0
149599987.89745557,34949807.06756295,0.0,-2.0354251244960484e-05,29.779997653987927,0.0,443.42153555854406,0.0,-0.0,4455088000.000004,-0.9739334227100692,-0.22683405416349983,0.0
149599987.8240737,35057015.05909239,0.0,-2.0413442139420974e-05,29.77999764013844,0.0,443.421535558544,0.0,-0.0,4455088000.000003,-0.9737790299901888,-0.22749593568098503,0.0
149599987.7504788,35164223.0505719,0.0,-2.0472604772510913e-05,29.77999762625317,0.0,443.4215355585441,0.0,-0.0,4455088000.000002,-0.9736242366858682,-0.22815750204159585,0.0
149599987.67667097,35271431.04200137,0.0,-2.0531739080389653e-05,29.77999761233217,0.0,443.4215355585442,0.0,-0.0,4455088000.000003,-0.9734690434167488,-0.2288187525297699,0.0
149599987.6026503,35378639.03338065,0.0,-2.0590844999398064e-05,29.779997598375495,0.0,443.42153555854406,0.0,-0.0,4455088000.000003,-0.9733134508035344,-0.22947968643197147,0.0
149599987.52841693,35485847.02470963,0.0,-2.0649922466058734e-05,29.779997584383203,0.0,443.4215355585442,0.0,-0.0,4455088000.000003,-0.9731574594679829,-0.23014030303669344,0.0
149599987.4539709,35593055.01598816,0.0,-2.0708971417076165e-05,29.77999757035535,0.0,443.42153555854424,0.0,-0.0,4455088000.000004,-0.9730010700329015,-0.23080060163445987,0.0
149599987.37931237,35700263.00721614,0.0,-2.076799178933698e-05,29.779997556291985,0.0,443.4215355585442,0.0,-0.0,4455088000.000003,-0.9728442831221391,-0.2314605815178279,0.0
149599987.3044414,35807470.998393424,0.0,-2.0826983519910113e-05,29.779997542193172,0.0,443.4215355585442,0.0,-0.0,4455088000.000003,-0.9726870993605811,-0.2321202419813903,0.0
149599987.2293581,35914678.98951989,0.0,-2.0885946546047e-05,29.779997528058963,0.0,443.4215355585441,0.0,-0.0,4455088000.000002,-0.9725295193741416,-0.2327795823217774,0.0
149599987.1540626,36021886.9805954,0.0,-2.094488080518178e-05,29.779997513889416,0.0,443.42153555854406,0.0,-0.0,4455088000.000002,-0.9723715437897588,-0.23343860183765944,0.0
149599987.078555,36129094.971619844,0.0,-2.100378623493147e-05,29.779997499684587,0.0,443.421535558544,0.0,-0.0,4455088000.000002,-0.9722131732353871,-0.2340972998297486,0.0
149599987.00283536,36236302.962593086,0.0,-2.1062662773096167e-05,29.779997485444532,0.0,443.421535558544,0.0,-0.0,4455088000.000001,-0.9720544083399918,-0.23475567560080116,0.0
149599986.92690384,36343510.953515,0.0,-2.1121510357659216e-05,29.77999747116931,0.0,443.421535558544,0.0,-0.0,4455088000.000001,-0.971895249733542,-0.23541372845561953,0.0
149599986.85076052,36450718.94438546,0.0,-2.11803289267874e-05,29.779997456858975,0.0,443.421535558544,0.0,-0.0,4455088000.000001,-0.9717356980470045,-0.23607145770105428,0.0
149599986.7744055,36557926.93520434,0.0,-2.1239118418831115e-05,29.779997442513583,0.0,443.421535558544,0.0,-0.0,4455088000.000001,-0.9715757539123381,-0.23672886264600643,0.0
149599986.6978389,36665134.925971515,0.0,-2.1297878772324555e-05,29.779997428133193,0.0,443.421535558544,0.0,-0.0,4455088000.000001,-0.9714154179624859,-0.2373859426014289,0.0
149599986.62106082,36772342.916686855,0.0,-2.135660992598587e-05,29.779997413717858,0.0,443.42153555854395,0.0,-0.0,4455088000.000001,-0.97125469083137,-0.23804269688032909,0.0
149599986.54407135,36879550.90735024,0.0,-2.1415311818717352e-05,29.77999739926764,0.0,443.42153555854395,0.0,-0.0,4455088000.000001,-0.9710935731538843,-0.23869912479777033,0.0
149599986.4668706,36986758.89796154,0.0,-2.1473984389605595e-05,29.779997384782593,0.0,443.42153555854395,0.0,-0.0,4455088000.000001,-0.9709320655658896,-0.23935522567087425,0.0
149599986.3894587,37093966.888520636,0.0,-2.1532627577921664e-05,29.779997370262773,0.0,443.42153555854395,0.0,-0.0,4455088000.000001,-0.9707701687042054,-0.2400109988188222,0.0
149599986.3118357,37201174.8790274,0.0,-2.159124132312126e-05,29.77999735570824,0.0,443.421535558544,0.0,-0.0,4455088000.000001,-0.9706078832066046,-0.2406664435628574,0.0
149599986.2340018,37308382.8694817,0.0,-2.1649825564844882e-05,29.77999734111905,0.0,443.42153555854395,0.0,-0.0,4455088000.000001,-0.9704452097118074,-0.24132155922628687,0.0
149599986.155957,37415590.85988341,0.0,-2.1708380242917983e-05,29.77999732649526,0.0,443.42153555854395,0.0,-0.0,4455088000.000001,-0.9702821488594737,-0.2419763451344827,0.0
149599986.07770148,37522798.85023242,0.0,-2.176690529735113e-05,29.779997311836926,0.0,443.421535558544,0.0,-0.0,4455088000.000001,-0.9701187012901978,-0.24263080061488457,0.0
149599985.99923533,37630006.8405286,0.0,-2.182540066834016e-05,29.779997297144106,0.0,443.4215355585439,0.0,-0.0,4455088000.000001,-0.9699548676455021,-0.24328492499700097,0.0
149599985.92055863,37737214.83077182,0.0,-2.1883866296266317e-05,29.77999728241686,0.0,443.4215355585439,0.0,-0.0,4455088000.0,-0.9697906485678299,-0.243938717612411,0.0
149599985.84167153,37844422.82096196,0.0,-2.1942302121696426e-05,29.779997267655247,0.0,443.42153555854395,0.0,-0.0,4455088000.000001,-0.9696260447005399,-0.24459217779476644,0.0
149599985.7625741,37951630.811098896,0.0,-2.2000708085383018e-05,29.77999725285932,0.0,443.421535558544,0.0,-0.0,4455088000.000001,-0.9694610566878988,-0.24524530487979276,0.0
149599985.68326646,38058838.80118251,0.0,-2.2059084128264488e-05,29.77999723802914,0.0,443.421535558544,0.0,-0.0,4455088000.000001,-0.9692956851750765,-0.24589809820529146,0.0
149599985.60374874,38166046.79121267,0.0,-2.211743019146523e-05,29.779997223164763,0.0,443.421535558544,0.0,-0.0,4455088000.000001,-0.9691299308081378,-0.24655055711114107,0.0
149599985.524021,38273254.781189255,0.0,-2.217574621629578e-05,29.779997208266245,0.0,443.421535558544,0.0,-0.0,4455088000.000001,-0.9689637942340379,-0.24720268093929923,0.0
149599985.4440834,38380462.771112144,0.0,-2.2234032144252952e-05,29.77999719333365,0.0,443.421535558544,0.0,-0.0,4455088000.000001,-0.9687972761006148,-0.24785446903380398,0.0
149599985.363936,38487670.76098122,0.0,-2.2292287917019974e-05,29.77999717836703,0.0,443.421535558544,0.0,-0.0,4455088000.000001,-0.9686303770565837,-0.24850592074077532,0.0
149599985.28357896,38594878.75079635,0.0,-2.2350513476466615e-05,29.779997163366446,0.0,443.42153555854395,0.0,-0.0,4455088000.000001,-0.9684630977515296,-0.24915703540841677,0.0
149599985.20301235,38702086.74055742,0.0,-2.2408708764649323e-05,29.779997148331958,0.0,443.421535558544,0.0,-0.0,4455088000.000001,-0.9682954388359024,-0.24980781238701702,0.0
149599985.12223628,38809294.7302643,0.0,-2.246687372381135e-05,29.77999713326362,0.0,443.421535558544,0.0,-0.0,4455088000.000001,-0.9681274009610095,-0.2504582510289508,0.0
149599985.04125088,38916502.71991687,0.0,-2.2525008296382873e-05,29.779997118161496,0.0,443.421535558544,0.0,-0.0,4455088000.000001,-0.9679589847790093,-0.25110835068868115,0.0
149599984.96005625,39023710.70951502,0.0,-2.2583112424981122e-05,29.77999710302564,0.0,443.42153555854395,0.0,-0.0,4455088000.0,-0.9677901909429061,-0.25175811072275994,0.0
149599984.8786525,39130918.699058615,0.0,-2.26411860524105e-05,29.77999708785611,0.0,443.42153555854395,0.0,-0.0,4455088000.0,-0.9676210201065423,-0.25240753048983017,0.0
149599984.79703975,39238126.688547544,0.0,-2.2699229121662697e-05,29.779997072652968,0.0,443.4215355585439,0.0,-0.0,4455088000.0,-0.967451472924593,-0.2530566093506262,0.0
149599984.7152181,39345334.67798168,0.0,-2.2757241575916808e-05,29.77999705741627,0.0,443.4215355585439,0.0,-0.0,4455088000.0,-0.9672815500525593,-0.2537053466679764,0.0
149599984.63318765,39452542.6673609,0.0,-2.281522335853945e-05,29.77999704214608,0.0,443.42153555854384,0.0,-0.0,4455088000.0,-0.9671112521467621,-0.2543537418068032,0.0
149599984.55094853,39559750.65668509,0.0,-2.287317441308486e-05,29.77999702684245,0.0,443.4215355585439,0.0,-0.0,4455088000.000001,-0.9669405798643355,-0.255001794134125,0.0
149599984.46850082,39666958.645954125,0.0,-2.2931094683295022e-05,29.779997011505444,0.0,443.42153555854384,0.0,-0.0,4455088000.0,-0.9667695338632206,-0.25564950301905753,0.0
149599984.38584468,39774166.63516789,0.0,-2.2988984113099762e-05,29.779996996135118,0.0,443.4215355585439,0.0,-0.0,4455088000.0,-0.9665981148021595,-0.25629686783281463,0.0
149599984.30298018,39881374.62432626,0.0,-2.3046842646616853e-05,29.779996980731532,0.0,443.4215355585438,0.0,-0.0,4455088000.0,-0.9664263233406886,-0.2569438879487096,0.0
149599984.21990746,39988582.613429114,0.0,-2.3104670228152116e-05,29.779996965294746,0.0,443.4215355585439,0.0,-0.0,4455088000.000001,-0.9662541601391319,-0.2575905627421566,0.0
149599984.1366266,40095790.602476336,0.0,-2.3162466802199518e-05,29.779996949824817,0.0,443.4215355585438,0.0,-0.0,4455088000.0,-0.9660816258585958,-0.2582368915906712,0.0
149599984.05313772,40202998.59146781,0.0,-2.3220232313441275e-05,29.779996934321808,0.0,443.42153555854384,0.0,-0.0,4455088000.0,-0.9659087211609618,-0.2588828738738725,0.0
149599983.96944097,40310206.58040342,0.0,-2.327796670674794e-05,29.779996918785777,0.0,443.42153555854384,0.0,-0.0,4455088000.0,-0.9657354467088805,-0.25952850897348295,0.0
149599983.8855364,40417414.56928303,0.0,-2.3335669927178496e-05,29.77999690321678,0.0,443.42153555854384,0.0,-0.0,4455088000.0,-0.965561803165765,-0.26017379627333026,0.0
149599983.80142418,40524622.558106534,0.0,-2.339334191998045e-05,29.77999688761488,0.0,443.4215355585439,0.0,-0.0,4455088000.0,-0.9653877911957855,-0.2608187351593484,0.0
149599983.71710438,40631830.546873815,0.0,-2.345098263058991e-05,29.77999687198014,0.0,443.4215355585439,0.0,-0.0,4455088000.000001,-0.965213411463862,-0.2614633250195781,0.0
149599983.63257712,40739038.535584755,0.0,-2.3508592004631687e-05,29.77999685631261,0.0,443.42153555854395,0.0,-0.0,4455088000.000001,-0.965038664635658,-0.26210756524416834,0.0
149599983.54784253,40846246.52423923,0.0,-2.3566169987919358e-05,29.779996840612355,0.0,443.42153555854395,0.0,-0.0,4455088000.0,-0.9648635513775753,-0.26275145522537685,0.0
149599983.46290073,40953454.51283712,0.0,-2.3623716526455364e-05,29.779996824879436,0.0,443.42153555854395,0.0,-0.0,4455088000.0,-0.9646880723567463,-0.2633949943575716,0.0
149599983.3777518,41060662.50137832,0.0,-2.3681231566431072e-05,29.77999680911391,0.0,443.421535558544,0.0,-0.0,4455087999.999999,-0.9645122282410286,-0.26403818203723106,0.0
149599983.2923959,41167870.4898627,0.0,-2.3738715054226864e-05,29.77999679331584,0.0,443.42153555854395,0.0,-0.0,4455087999.999999,-0.9643360196989986,-0.2646810176629456,0.0
149599983.2068331,41275078.478290156,0.0,-2.37961669364122e-05,29.77999677748528,0.0,443.4215355585439,0.0,-0.0,4455087999.999999,-0.964159447399945,-0.26532350063541804,0.0
149599983.12106353,41382286.46666056,0.0,-2.38535871597457e-05,29.779996761622296,0.0,443.4215355585439,0.0,-0.0,4455087999.999999,-0.9639825120138625,-0.26596563035746446,0.0
149599983.03508732,41489494.454973795,0.0,-2.39109756711752e-05,29.779996745726947,0.0,443.42153555854384,0.0,-0.0,4455088000.0,-0.9638052142114457,-0.26660740623401513,0.0
149599982.94890454,41596702.44322975,0.0,-2.396833241783783e-05,29.779996729799294,0.0,443.4215355585438,0.0,-0.0,4455087999.999999,-0.9636275546640829,-0.2672488276721153,0.0
149599982.86251536,41703910.431428306,0.0,-2.4025657347060066e-05,29.779996713839395,0.0,443.4215355585438,0.0,-0.0,4455088000.0,-0.9634495340438493,-0.2678898940809259,0.0
149599982.77591985,41811118.41956935,0.0,-2.4082950406357808e-05,29.779996697847313,0.0,443.4215355585439,0.0,-0.0,4455087999.999999,-0.9632711530235015,-0.2685306048717239,0.0
149599982.68911815,41918326.407652766,0.0,-2.4140211543436423e-05,29.779996681823103,0.0,443.42153555854384,0.0,-0.0,4455087999.999999,-0.9630924122764707,-0.2691709594579038,0.0
149599982.60211036,42025534.39567844,0.0,-2.4197440706190812e-05,29.77999666576683,0.0,443.42153555854384,0.0,-0.0,4455087999.999999,-0.9629133124768567,-0.2698109572549775,0.0
149599982.5148966,42132742.38364625,0.0,-2.4254637842705464e-05,29.779996649678555,0.0,443.4215355585439,0.0,-0.0,4455087999.999999,-0.9627338542994215,-0.27045059768057533,0.0
149599982.427477,42239950.37155609,0.0,-2.4311802901254503e-05,29.779996633558333,0.0,443.42153555854384,0.0,-0.0,4455087999.999999,-0.9625540384195829,-0.27108988015444657,0.0
149599982.33985168,42347158.359407835,0.0,-2.4368935830301745e-05,29.77999661740623,0.0,443.4215355585439,0.0,-0.0,4455088000.0,-0.9623738655134088,-0.2717288040984602,0.0
149599982.25202072,42454366.34720138,0.0,-2.4426036578500743e-05,29.779996601222305,0.0,443.42153555854384,0.0,-0.0,4455087999.999999,-0.9621933362576105,-0.27236736893660507,0.0
149599982.16398424,42561574.3349366,0.0,-2.4483105094694834e-05,29.779996585006618,0.0,443.4215355585439,0.0,-0.0,4455087999.999999,-0.9620124513295368,-0.273005574094991,0.0
149599982.0757424,42668782.32261338,0.0,-2.4540141327917182e-05,29.77999656875923,0.0,443.42153555854384,0.0,-0.0,4455087999.999999,-0.9618312114071671,-0.2736434190018489,0.0
149599981.98729527,42775990.31023162,0.0,-2.459714522739082e-05,29.779996552480203,0.0,443.4215355585439,0.0,-0.0,4455087999.999999,-0.9616496171691062,-0.27428090308753106,0.0
149599981.898643,42883198.2977912,0.0,-2.4654116742528687e-05,29.779996536169595,0.0,443.42153555854384,0.0,-0.0,4455088000.0,-0.961467669294577,-0.27491802578451224,0.0
149599981.80978566,42990406.285292,0.0,-2.471105582293367e-05,29.779996519827467,0.0,443.4215355585438,0.0,-0.0,4455087999.999999,-0.9612853684634155,-0.2755547865273897,0.0
149599981.72072342,43097614.27273391,0.0,-2.4767962418398626e-05,29.779996503453884,0.0,443.42153555854384,0.0,-0.0,4455087999.999998,-0.9611027153560636,-0.27619118475288346,0.0
149599981.63145638,43204822.26011682,0.0,-2.4824836478906437e-05,29.779996487048905,0.0,443.4215355585439,0.0,-0.0,4455087999.999999,-0.960919710653563,-0.2768272198998372,0.0
149599981.54198465,43312030.24744062,0.0,-2.4881677954630014e-05,29.779996470612588,0.0,443.4215355585438,0.0,-0.0,4455087999.999999,-0.9607363550375496,-0.2774628914092182,0.0
149599981.45230833,43419238.234705195,0.0,-2.4938486795932348e-05,29.779996454145,0.0,443.4215355585439,0.0,-0.0,4455087999.999999,-0.9605526491902467,-0.2780981987241177,0.0
149599981.36242756,43526446.22191043,0.0,-2.4995262953366516e-05,29.779996437646197,0.0,443.42153555854384,0.0,-0.0,4455087999.999999,-0.9603685937944595,-0.2787331412897515,0.0
149599981.27234247,43633654.20905621,0.0,-2.5052006377675718e-05,29.77999642111624,0.0,443.42153555854384,0.0,-0.0,4455087999.999999,-0.960184189533568,-0.2793677185534598,0.0
149599981.18205315,43740862.196142435,0.0,-2.5108717019793295e-05,29.779996404555195,0.0,443.42153555854384,0.0,-0.0,4455087999.999998,-0.9599994370915218,-0.280001929964708,0.0
149599981.09155974,43848070.18316898,0.0,-2.5165394830842748e-05,29.77999638796312,0.0,443.4215355585439,0.0,-0.0,4455087999.999999,-0.9598143371528332,-0.28063577497508674,0.0
149599981.00086236,43955278.17013573,0.0,-2.5222039762137745e-05,29.779996371340076,0.0,443.4215355585439,0.0,-0.0,4455088000.0,-0.9596288904025714,-0.28126925303831146,0.0
149599980.9099611,44062486.157042585,0.0,-2.527865176518216e-05,29.779996354686126,0.0,443.4215355585439,0.0,-0.0,4455087999.999999,-0.9594430975263563,-0.28190236361022364,0.0
149599980.81885612,44169694.143889435,0.0,-2.5335230791670057e-05,29.77999633800133,0.0,443.42153555854384,0.0,-0.0,4455088000.0,-0.9592569592103523,-0.2825351061487907,0.0
149599980.7275475,44276902.13067616,0.0,-2.539177679348572e-05,29.77999632128575,0.0,443.4215355585439,0.0,-0.0,4455087999.999999,-0.9590704761412624,-0.2831674801141053,0.0
149599980.63603535,44384110.11740265,0.0,-2.5448289722703657e-05,29.77999630453945,0.0,443.42153555854384,0.0,-0.0,4455087999.999999,-0.9588836490063216,-0.28379948496838653,0.0
149599980.54431984,44491318.1040688,0.0,-2.5504769531588596e-05,29.779996287762486,0.0,443.4215355585439,0.0,-0.0,4455087999.999999,-0.9586964784932912,-0.2844311201759795,0.0
149599980.45240104,44598526.090674505,0.0,-2.55612161725955e-05,29.779996270954925,0.0,443.4215355585439,0.0,-0.0,4455087999.999999,-0.9585089652904525,-0.2850623852033553,0.0
149599980.3602791,44705734.07721964,0.0,-2.561762959836957e-05,29.779996254116824,0.0,443.4215355585439,0.0,-0.0,4455087999.999999,-0.9583211100866007,-0.28569327951911144,0.0
149599980.26795414,44812942.06370411,0.0,-2.567400976174623e-05,29.77999623724825,0.0,443.42153555854384,0.0,-0.0,4455087999.999999,-0.9581329135710392,-0.28632380259397133,0.0
149599980.17542627,44920150.0501278,0.0,-2.5730356615751143e-05,29.779996220349258,0.0,443.4215355585438,0.0,-0.0,4455087999.999998,-0.9579443764335726,-0.28695395390078493,0.0
149599980.0826956,45027358.03649059,0.0,-2.5786670113600196e-05,29.779996203419916,0.0,443.4215355585438,0.0,-0.0,4455087999.999998,-0.9577554993645014,-0.28758373291452805,0.0
149599979.98976228,45134566.022792384,0.0,-2.584295020869949e-05,29.779996186460284,0.0,443.4215355585438,0.0,-0.0,4455087999.999998,-0.9575662830546158,-0.28821313911230273,0.0
149599979.8966264,45241774.00903307,0.0,-2.5899196854645337e-05,29.779996169470426,0.0,443.4215355585438,0.0,-0.0,4455087999.999998,-0.9573767281951892,-0.2888421719733372,0.0
149599979.8032881,45348981.99521253,0.0,-2.595541000522425e-05,29.779996152450398,0.0,443.4215355585438,0.0,-0.0,4455087999.999998,-0.9571868354779727,-0.2894708309789854,0.0
149599979.7097475,45456189.98133067,0.0,-2.6011589614412926e-05,29.779996135400268,0.0,443.4215355585438,0.0,-0.0,4455087999.999998,-0.9569966055951888,-0.29009911561272717,0.0
149599979.6160047,45563397.96738738,0.0,-2.6067735636378225e-05,29.779996118320096,0.0,443.4215355585438,0.0,-0.0,4455087999.999998,-0.9568060392395253,-0.2907270253601681,0.0
149599979.52205986,45670605.953382544,0.0,-2.6123848025477166e-05,29.779996101209942,0.0,443.4215355585439,0.0,-0.0,4455087999.999999,-0.9566151371041293,-0.2913545597090391,0.0
149599979.42791304,45777813.93931606,0.0,-2.61799267362569e-05,29.77999608406987,0.0,443.4215355585439,0.0,-0.0,4455087999.999999,-0.9564238998826008,-0.29198171814919655,0.0
149599979.3335644,45885021.92518781,0.0,-2.623597172345468e-05,29.779996066899944,0.0,443.42153555854395,0.0,-0.0,4455087999.999998,-0.9562323282689876,-0.29260850017262174,0.0
149599979.23901406,45992229.9109977,0.0,-2.629198294199786e-05,29.779996049700223,0.0,443.4215355585439,0.0,-0.0,4455087999.999998,-0.9560404229577785,-0.2932349052734209,0.0
149599979.14426216,46099437.89674562,0.0,-2.634796034700384e-05,29.77999603247077,0.0,443.42153555854395,0.0,-0.0,4455087999.999999,-0.9558481846438972,-0.2938609329478249,0.0
149599979.0493088,46206645.88243146,0.0,-2.6403903893780067e-05,29.779996015211648,0.0,443.421535558544,0.0,-0.0,4455087999.999999,-0.9556556140226974,-0.2944865826941886,0.0
149599978.9541541,46313853.86805511,0.0,-2.6459813537823976e-05,29.779995997922917,0.0,443.42153555854406,0.0,-0.0,4455087999.999999,-0.9554627117899552,-0.29511185401299106,0.0
149599978.85879818,46421061.85361647,0.0,-2.651568923482298e-05,29.779995980604642,0.0,443.42153555854406,0.0,-0.0,4455087999.999999,-0.9552694786418645,-0.2957367464068349,0.0
149599978.76324117,46528269.839115426,0.0,-2.6571530940654428e-05,29.779995963256884,0.0,443.42153555854406,0.0,-0.0,4455088000.0,-0.9550759152750299,-0.296361259380446,0.0
149599978.6674832,46635477.82455188,0.0,-2.662733861138557e-05,29.779995945879705,0.0,443.4215355585441,0.0,-0.0,4455087999.999999,-0.9548820223864618,-0.2969853924406732,0.0
149599978.57152438,46742685.80992573,0.0,-2.6683112203273516e-05,29.77999592847317,0.0,443.4215355585441,0.0,-0.0,4455087999.999999,-0.9546878006735697,-0.2976091450964876,0.0
149599978.47536483,46849893.795236856,0.0,-2.6738851672765193e-05,29.77999591103734,0.0,443.4215355585442,0.0,-0.0,4455088000.0,-0.9544932508341567,-0.29823251685898283,0.0
149599978.3790047,46957101.78048516,0.0,-2.6794556976497317e-05,29.779995893572274,0.0,443.4215355585441,0.0,-0.0,4455088000.0,-0.9542983735664131,-0.29885550724137355,0.0
149599978.28244406,47064309.76567054,0.0,-2.6850228071296328e-05,29.77999587607804,0.0,443.4215355585441,0.0,-0.0,4455088000.0,-0.9541031695689107,-0.2994781157589958,0.0
149599978.18568307,47171517.75079288,0.0,-2.690586491417836e-05,29.7799958585547,0.0,443.42153555854424,0.0,-0.0,4455087999.999999,-0.953907639540597,-0.3001003419293062,0.0
149599978.08872187,47278725.73585209,0.0,-2.6961467462349186e-05,29.77999584100231,0.0,443.4215355585442,0.0,-0.0,4455088000.0,-0.9537117841807891,-0.30072218527188166,0.0
149599977.99156055,47385933.72084806,0.0,-2.7017035673204166e-05,29.77999582342094,0.0,443.4215355585441,0.0,-0.0,4455087999.999999,-0.953515604189168,-0.3013436453084185,0.0
149599977.89419925,47493141.705780685,0.0,-2.7072569504328195e-05,29.77999580581065,0.0,443.4215355585441,0.0,-0.0,4455088000.0,-0.9533191002657723,-0.3019647215627319,0.0
149599977.7966381,47600349.69064986,0.0,-2.7128068913495656e-05,29.779995788171505,0.0,443.4215355585442,0.0,-0.0,4455088000.0,-0.9531222731109931,-0.3025854135607557,0.0
149599977.69887722,47707557.67545548,0.0,-2.718353385867035e-05,29.779995770503565,0.0,443.42153555854424,0.0,-0.0,4455088000.0,-0.9529251234255668,-0.30320572083054154,0.0
149599977.6009167,47814765.66019745,0.0,-2.7238964298005452e-05,29.77999575280689,0.0,443.4215355585442,0.0,-0.0,4455088000.000001,-0.9527276519105707,-0.30382564290225794,0.0
149599977.5027567,47921973.64487566,0.0,-2.7294360189843432e-05,29.77999573508155,0.0,443.4215355585442,0.0,-0.0,4455088000.000001,-0.9525298592674163,-0.3044451793081905,0.0
149599977.40439737,48029181.62949,0.0,-2.7349721492716017e-05,29.7799957173276,0.0,443.42153555854424,0.0,-0.0,4455088000.0,-0.9523317461978433,-0.30506432958274,0.0
149599977.30583876,48136389.61404038,0.0,-2.7405048165344108e-05,29.77999569954511,0.0,443.42153555854424,0.0,-0.0,4455088000.0,-0.9521333134039146,-0.30568309326242277,0.0
149599977.20708105,48243597.598526694,0.0,-2.7460340166637718e-05,29.77999568173414,0.0,443.42153555854424,0.0,-0.0,4455088000.0,-0.9519345615880094,-0.30630146988586954,0.0
149599977.10812435,48350805.58294883,0.0,-2.7515597455695906e-05,29.779995663894752,0.0,443.42153555854424,0.0,-0.0,4455088000.0,-0.9517354914528185,-0.30691945899382467,0.0
149599977.00896877,48458013.567306705,0.0,-2.7570819991806706e-05,29.779995646027007,0.0,443.4215355585442,0.0,-0.0,4455088000.0,-0.9515361037013375,-0.3075370601291454,0.0
149599976.90961447,48565221.551600195,0.0,-2.762600773444705e-05,29.779995628130973,0.0,443.4215355585442,0.0,-0.0,4455088000.0,-0.9513363990368613,-0.30815427283680114,0.0
149599976.81006157,48672429.53582921,0.0,-2.7681160643282705e-05,29.779995610206708,0.0,443.4215355585441,0.0,-0.0,4455087999.999999,-0.951136378162979,-0.30877109666387254,0.0
149599976.71031016,48779637.51999365,0.0,-2.773627867816818e-05,29.77999559225428,0.0,443.4215355585442,0.0,-0.0,4455088000.0,-0.950936041783567,-0.3093875311595508,0.0
149599976.61036038,48886845.50409341,0.0,-2.779136179914667e-05,29.779995574273748,0.0,443.4215355585441,0.0,-0.0,4455087999.999999,-0.9507353906027839,-0.3100035758751371,0.0
149599976.5102124,48994053.48812839,0.0,-2.7846409966449956e-05,29.779995556265177,0.0,443.4215355585441,0.0,-0.0,4455087999.999999,-0.9505344253250646,-0.31061923036404077,0.0
149599976.40986627,49101261.472098485,0.0,-2.790142314049833e-05,29.77999553822863,0.0,443.4215355585441,0.0,-0.0,4455087999.999999,-0.9503331466551147,-0.3112344941817795,0.0
149599976.30932218,49208469.4560036,0.0,-2.795640128190052e-05,29.779995520164167,0.0,443.42153555854406,0.0,-0.0,4455087999.999999,-0.9501315552979044,-0.31184936688597775,0.0
149599976.20858023,49315677.43984363,0.0,-2.801134435145358e-05,29.779995502071856,0.0,443.42153555854406,0.0,-0.0,4455087999.999998,-0.9499296519586631,-0.31246384803636595,0.0
149599976.10764053,49422885.42361848,0.0,-2.806625231014284e-05,29.779995483951758,0.0,443.421535558544,0.0,-0.0,4455087999.999998,-0.9497274373428732,-0.3130779371947799,0.0
149599976.00650325,49530093.40732805,0.0,-2.8121125119141777e-05,29.779995465803935,0.0,443.421535558544,0.0,-0.0,4455087999.999999,-0.9495249121562657,-0.3136916339251591,0.0
149599975.90516847,49637301.390972234,0.0,-2.8175962739811954e-05,29.779995447628455,0.0,443.421535558544,0.0,-0.0,4455087999.999998,-0.9493220771048122,-0.3143049377935463,0.0
149599975.80363634,49744509.37455094,0.0,-2.823076513370291e-05,29.779995429425377,0.0,443.42153555854406,0.0,-0.0,4455087999.999998,-0.9491189328947215,-0.3149178483680865,0.0
149599975.701907,49851717.35806406,0.0,-2.8285532262552068e-05,29.77999541119476,0.0,443.421535558544,0.0,-0.0,4455087999.999998,-0.9489154802324327,-0.31553036521902544,0.0
149599975.59998056,49958925.34151151,0.0,-2.8340264088284643e-05,29.779995392936677,0.0,443.421535558544,0.0,-0.0,4455087999.999998,-0.9487117198246099,-0.31614248791870914,0.0
149599975.49785715,50066133.32489318,0.0,-2.839496057301354e-05,29.779995374651183,0.0,443.42153555854395,0.0,-0.0,4455087999.999998,-0.948507652378136,-0.31675421604158205,0.0
149599975.3955369,50173341.308208965,0.0,-2.8449621679039246e-05,29.779995356338347,0.0,443.42153555854395,0.0,-0.0,4455087999.999998,-0.948303278600108,-0.3173655491641868,0.0
149599975.29301992,50280549.29145878,0.0,-2.8504247368849746e-05,29.77999533799823,0.0,443.42153555854406,0.0,-0.0,4455087999.999999,-0.9480985991978308,-0.3179764868651625,0.0
149599975.19030637,50387757.27464252,0.0,-2.85588376051204e-05,29.779995319630896,0.0,443.42153555854406,0.0,-0.0,4455087999.999999,-0.9478936148788116,-0.31858702872524397,0.0
149599975.08739635,50494965.25776009,0.0,-2.8613392350713847e-05,29.779995301236404,0.0,443.42153555854406,0.0,-0.0,4455087999.999999,-0.9476883263507538,-0.31919717432725997,0.0
149599974.98429,50602173.24081139,0.0,-2.8667911568679893e-05,29.779995282814824,0.0,443.42153555854406,0.0,-0.0,4455087999.999999,-0.9474827343215526,-0.31980692325613275,0.0
149599974.88098744,50709381.22379632,0.0,-2.8722395222255402e-05,29.779995264366214,0.0,443.4215355585441,0.0,-0.0,4455088000.0,-0.9472768394992886,-0.32041627509887644,0.0
149599974.7774888,50816589.206714794,0.0,-2.8776843274864183e-05,29.77999524589064,0.0,443.421535558544,0.0,-0.0,4455087999.999999,-0.9470706425922223,-0.3210252294445958,0.0
149599974.6737942,50923797.1895667,0.0,-2.8831255690116885e-05,29.779995227388163,0.0,443.42153555854406,0.0,-0.0,4455087999.999999,-0.946864144308788,-0.321633785884485,0.0
149599974.5699038,51031005.17235196,0.0,-2.888563243181087e-05,29.77999520885885,0.0,443.42153555854395,0.0,-0.0,4455087999.999998,-0.9466573453575896,-0.32224194401182676,0.0
149599974.4658177,51138213.155070454,0.0,-2.89399734639301e-05,29.779995190302763,0.0,443.421535558544,0.0,-0.0,4455087999.999999,-0.946450246447394,-0.3228497034219904,0.0
149599974.36153603,51245421.137722105,0.0,-2.8994278750645024e-05,29.779995171719968,0.0,443.421535558544,0.0,-0.0,4455087999.999999,-0.9462428482871257,-0.3234570637124309,0.0
149599974.25705892,51352629.120306805,0.0,-2.904854825631245e-05,29.779995153110523,0.0,443.421535558544,0.0,-0.0,4455087999.999999,-0.9460351515858616,-0.3240640244826876,0.0
149599974.15238652,51459837.102824464,0.0,-2.910278194547543e-05,29.779995134474493,0.0,443.421535558544,0.0,-0.0,4455087999.999999,-0.945827157052825,-0.3246705853343827,0.0
149599974.04751894,51567045.08527499,0.0,-2.915697978286313e-05,29.779995115811946,0.0,443.421535558544,0.0,-0.0,4455087999.999999,-0.9456188653973809,-0.3252767458712201,0.0
149599973.9424563,51674253.067658275,0.0,-2.92111417333907e-05,29.779995097122942,0.0,443.4215355585441,0.0,-0.0,4455087999.999999,-0.9454102773290293,-0.3258825056989835,0.0
149599973.83719876,51781461.04997424,0.0,-2.9265267762159157e-05,29.779995078407545,0.0,443.4215355585441,0.0,-0.0,4455088000.0,-0.945201393557401,-0.32648786442553607,0.0
149599973.73174644,51888669.03222278,0.0,-2.9319357834455255e-05,29.779995059665815,0.0,443.42153555854406,0.0,-0.0,4455087999.999999,-0.9449922147922513,-0.32709282166081766,0.0
149599973.62609944,51995877.0144038,0.0,-2.9373411915751344e-05,29.77999504089782,0.0,443.421535558544,0.0,-0.0,4455087999.999999,-0.9447827417434551,-0.32769737701684454,0.0
149599973.52025792,52103084.99651721,0.0,-2.9427429971705248e-05,29.779995022103623,0.0,443.4215355585441,0.0,-0.0,4455088000.0,-0.9445729751210007,-0.32830153010770696,0.0
149599973.414222,52210292.978562914,0.0,-2.948141196816012e-05,29.779995003283286,0.0,443.42153555854406,0.0,-0.0,4455088000.0,-0.944362915634985,-0.3289052805495684,0.0
149599973.3079918,52317500.960540816,0.0,-2.9535357871144324e-05,29.779994984436875,0.0,443.4215355585441,0.0,-0.0,4455088000.0,-0.9441525639956081,-0.32950862796066377,0.0
149599973.20156747,52424708.94245083,0.0,-2.958926764687127e-05,29.779994965564452,0.0,443.4215355585441,0.0,-0.0,4455088000.0,-0.9439419209131676,-0.330111571961298,0.0
149599973.09494913,52531916.924292855,0.0,-2.96431412617393e-05,29.77999494666608,0.0,443.4215355585441,0.0,-0.0,4455088000.0,-0.9437309870980533,-0.3307141121738441,0.0
149599972.9881369,52639124.9060668,0.0,-2.9696978682331528e-05,29.77999492774182,0.0,443.4215355585441,0.0,-0.0,4455088000.0,-0.9435197632607418,-0.3313162482227424,0.0
149599972.8811309,52746332.88777257,0.0,-2.9750779875415716e-05,29.779994908791743,0.0,443.42153555854424,0.0,-0.0,4455088000.0,-0.9433082501117911,-0.33191797973449805,0.0
149599972.7739313,52853540.86941007,0.0,-2.980454480794411e-05,29.779994889815907,0.0,443.42153555854424,0.0,-0.0,4455088000.0,-0.9430964483618355,-0.33251930633767995,0.0
149599972.6665382,52960748.85097921,0.0,-2.9858273447053308e-05,29.779994870814374,0.0,443.4215355585442,0.0,-0.0,4455087999.999999,-0.9428843587215798,-0.3331202276629193,0.0
149599972.55895177,53067956.8324799,0.0,-2.9911965760064102e-05,29.77999485178721,0.0,443.4215355585442,0.0,-0.0,4455088000.0,-0.9426719819017947,-0.3337207433429074,0.0
149599972.45117208,53175164.81391205,0.0,-2.9965621714481338e-05,29.779994832734484,0.0,443.42153555854424,0.0,-0.0,4455087999.999999,-0.9424593186133101,-0.3343208530123945,0.0
149599972.3431993,53282372.79527556,0.0,-3.0019241277993758e-05,29.779994813656252,0.0,443.42153555854424,0.0,-0.0,4455087999.999999,-0.9422463695670119,-0.3349205563081879,0.0
149599972.23503357,53389580.77657034,0.0,-3.007282441847385e-05,29.77999479455258,0.0,443.4215355585442,0.0,-0.0,4455087999.999998,-0.9420331354738345,-0.3355198528691502,0.0
149599972.126675,53496788.75779631,0.0,-3.0126371103977686e-05,29.779994775423532,0.0,443.4215355585442,0.0,-0.0,4455087999.999999,-0.941819617044757,-0.3361187423361978,0.0
149599972.01812375,53603996.73895337,0.0,-3.0179881302744785e-05,29.779994756269172,0.0,443.4215355585443,0.0,-0.0,4455087999.999998,-0.9416058149907972,-0.336717224352299,0.0
149599971.9093799,53711204.72004142,0.0,-3.0233354983197934e-05,29.779994737089563,0.0,443.4215355585443,0.0,-0.0,4455087999.999999,-0.941391730023007,-0.33731529856247244,0.0
149599971.80044362,53818412.70106038,0.0,-3.0286792113943042e-05,29.77999471788477,0.0,443.4215355585443,0.0,-0.0,4455087999.999999,-0.9411773628524662,-0.337912964613785,0.0
149599971.69131503,53925620.68201016,0.0,-3.0340192663768973e-05,29.779994698654853,0.0,443.4215355585443,0.0,-0.0,4455087999.999998,-0.9409627141902782,-0.3385102221553503,0.0
149599971.58199427,54032828.662890665,0.0,-3.0393556601647383e-05,29.779994679399877,0.0,443.42153555854435,0.0,-0.0,4455087999.999998,-0.9407477847475644,-0.33910707083832714,0.0
149599971.47248146,54140036.64370181,0.0,-3.0446883896732563e-05,29.779994660119907,0.0,443.42153555854424,0.0,-0.0,4455087999.999998,-0.9405325752354586,-0.3397035103159169,0.0
149599971.36277676,54247244.624443494,0.0,-3.0500174518361265e-05,29.77999464081501,0.0,443.4215355585443,0.0,-0.0,4455087999.999999,-0.9403170863651027,-0.3402995402433624,0.0
149599971.25288025,54354452.605115645,0.0,-3.055342843605254e-05,29.77999462148524,0.0,443.42153555854424,0.0,-0.0,4455087999.999998,-0.9401013188476408,-0.3408951602779461,0.0
149599971.1427921,54461660.58571816,0.0,-3.0606645619507574e-05,29.77999460213067,0.0,443.4215355585443,0.0,-0.0,4455087999.999998,-0.9398852733942139,-0.3414903700789874,0.0
149599971.03251246,54568868.56625096,0.0,-3.06598260386095e-05,29.77999458275136,0.0,443.4215355585443,0.0,-0.0,4455087999.999999,-0.9396689507159557,-0.34208516930784194,0.0
149599970.92204142,54676076.54671394,0.0,-3.0712969663423246e-05,29.779994563347373,0.0,443.42153555854424,0.0,-0.0,4455087999.999998,-0.9394523515239864,-0.34267955762789853,0.0
149599970.81137913,54783284.52710703,0.0,-3.0766076464195344e-05,29.77999454391877,0.0,443.42153555854424,0.0,-0.0,4455087999.999999,-0.9392354765294083,-0.3432735347045782,0.0
149599970.70052573,54890492.50743013,0.0,-3.081914641135377e-05,29.77999452446562,0.0,443.4215355585442,0.0,-0.0,4455087999.999999,-0.9390183264433002,-0.3438671002053316,0.0
149599970.58948132,54997700.487683155,0.0,-3.0872179475507764e-05,29.779994504987986,0.0,443.42153555854406,0.0,-0.0,4455087999.999998,-0.9388009019767127,-0.34446025379963724,0.0
149599970.47824606,55104908.46786602,0.0,-3.092517562744765e-05,29.77999448548593,0.0,443.42153555854406,0.0,-0.0,4455087999.999997,-0.9385832038406627,-0.345052995159,0.0
149599970.3668201,55212116.44797863,0.0,-3.0978134838144645e-05,29.779994465959515,0.0,443.42153555854406,0.0,-0.0,4455087999.999998,-0.9383652327461288,-0.345645323956948,0.0
149599970.25520355,55319324.4280209,0.0,-3.1031057078750704e-05,29.779994446408807,0.0,443.42153555854406,0.0,-0.0,4455087999.999998,-0.9381469894040457,-0.3462372398690318,0.0
149599970.14339653,55426532.40799274,0.0,-3.1083942320598315e-05,29.779994426833866,0.0,443.42153555854406,0.0,-0.0,4455087999.999998,-0.9379284745252995,-0.34682874257282176,0.0
149599970.0313992,55533740.38789407,0.0,-3.1136790535200325e-05,29.77999440723476,0.0,443.4215355585441,0.0,-0.0,4455087999.999997,-0.9377096888207228,-0.34741983174790597,0.0
149599969.9192117,55640948.3677248,0.0,-3.1189601694249745e-05,29.77999438761155,0.0,443.4215355585441,0.0,-0.0,4455087999.999998,-0.9374906330010891,-0.34801050707588854,0.0
149599969.8068341,55748156.34748484,0.0,-3.124237576961958e-05,29.779994367964296,0.0,443.421535558544,0.0,-0.0,4455087999.999997,-0.9372713077771088,-0.34860076824038716,0.0
149599969.69426662,55855364.32717411,0.0,-3.129511273336263e-05,29.77999434829307,0.0,443.42153555854406,0.0,-0.0,4455087999.999998,-0.9370517138594229,-0.34919061492703135,0.0
149599969.58150935,55962572.30679252,0.0,-3.1347812557711285e-05,29.77999432859793,0.0,443.4215355585441,0.0,-0.0,4455087999.999998,-0.9368318519585989,-0.34978004682346003,0.0
149599969.46856242,56069780.28633998,0.0,-3.1400475215077376e-05,29.77999430887894,0.0,443.4215355585441,0.0,-0.0,4455087999.999999,-0.9366117227851258,-0.35036906361931947,0.0
149599969.35542598,56176988.26581642,0.0,-3.145310067805193e-05,29.779994289136162,0.0,443.42153555854406,0.0,-0.0,4455087999.999998,-0.9363913270494088,-0.35095766500626147,0.0
149599969.24210015,56284196.24522174,0.0,-3.150568891940503e-05,29.779994269369663,0.0,443.42153555854406,0.0,-0.0,4455087999.999998,-0.9361706654617645,-0.3515458506779408,0.0
149599969.12858507,56391404.22455586,0.0,-3.155823991208555e-05,29.779994249579506,0.0,443.42153555854406,0.0,-0.0,4455087999.999998,-0.9359497387324163,-0.3521336203300131,0.0
149599969.01488087,56498612.20381869,0.0,-3.1610753629221044e-05,29.77999422976575,0.0,443.421535558544,0.0,-0.0,4455087999.999998,-0.9357285475714887,-0.352720973660133,0.0
149599968.90098768,56605820.183010146,0.0,-3.1663230044117475e-05,29.779994209928468,0.0,443.42153555854406,0.0,-0.0,4455087999.999999,-0.9355070926890032,-0.3533079103679516,0.0
149599968.78690565,56713028.16213015,0.0,-3.1715669130259045e-05,29.779994190067715,0.0,443.42153555854406,0.0,-0.0,4455087999.999999,-0.9352853747948735,-0.3538944301551143,0.0
149599968.6726349,56820236.14117861,0.0,-3.1768070861307996e-05,29.779994170183556,0.0,443.42153555854406,0.0,-0.0,4455087999.999998,-0.9350633945988993,-0.3544805327252587,0.0
149599968.55817556,56927444.12015544,0.0,-3.18204352111044e-05,29.779994150276057,0.0,443.42153555854406,0.0,-0.0,4455087999.999997,-0.934841152810763,-0.3550662177840122,0.0
149599968.4435278,57034652.099060565,0.0,-3.1872762153665966e-05,29.77999413034528,0.0,443.4215355585441,0.0,-0.0,4455087999.999998,-0.9346186501400243,-0.3556514850389899,0.0
149599968.32869172,57141860.0778939,0.0,-3.192505166318781e-05,29.77999411039129,0.0,443.4215355585442,0.0,-0.0,4455087999.999998,-0.9343958872961149,-0.3562363341997921,0.0
149599968.21366748,57249068.056655355,0.0,-3.197730371404228e-05,29.779994090414146,0.0,443.4215355585441,0.0,-0.0,4455087999.999998,-0.9341728649883346,-0.35682076497800225,0.0
149599968.0984552,57356276.035344854,0.0,-3.202951828077872e-05,29.779994070413917,0.0,443.4215355585442,0.0,-0.0,4455087999.999999,-0.9339495839258456,-0.3574047770871843,0.0
149599967.983055,57463484.013962306,0.0,-3.208169533812328e-05,29.779994050390663,0.0,443.42153555854424,0.0,-0.0,4455087999.999999,-0.9337260448176681,-0.35798837024288094,0.0
149599967.86746702,57570691.99250764,0.0,-3.21338348609787e-05,29.779994030344447,0.0,443.42153555854424,0.0,-0.0,4455087999.999998,-0.9335022483726758,-0.3585715441626106,0.0
149599967.7516914,57677899.970980756,0.0,-3.2185936824424084e-05,29.779994010275335,0.0,443.42153555854424,0.0,-0.0,4455087999.999998,-0.9332781952995909,-0.35915429856586545,0.0
149599967.6357283,57785107.94938159,0.0,-3.2238001203714705e-05,29.77999399018339,0.0,443.42153555854424,0.0,-0.0,4455087999.999998,-0.9330538863069787,-0.35973663317410914,0.0
149599967.51957783,57892315.92771005,0.0,-3.2290027974281777e-05,29.77999397006867,0.0,443.42153555854424,0.0,-0.0,4455087999.999997,-0.9328293221032444,-0.3603185477107741,0.0
149599967.40324014,57999523.90596606,0.0,-3.2342017111732255e-05,29.779993949931246,0.0,443.42153555854424,0.0,-0.0,4455087999.999997,-0.9326045033966269,-0.3609000419012593,0.0
149599967.28671536,58106731.88414953,0.0,-3.23939685918486e-05,29.779993929771177,0.0,443.4215355585441,0.0,-0.0,4455087999.999998,-0.932379430895195,-0.3614811154729278,0.0
149599967.17000362,58213939.86226039,0.0,-3.2445882390588574e-05,29.779993909588526,0.0,443.4215355585442,0.0,-0.0,4455087999.999998,-0.9321541053068422,-0.3620617681551046,0.0
149599967.05310506,58321147.84029854,0.0,-3.2497758484085005e-05,29.77999388938336,0.0,443.4215355585441,0.0,-0.0,4455087999.999997,-0.9319285273392821,-0.36264199967907346,0.0
149599966.9360198,58428355.81826392,0.0,-3.2549596848645576e-05,29.77999386915574,0.0,443.4215355585441,0.0,-0.0,4455087999.999998,-0.9317026977000441,-0.3632218097780753,0.0
149599966.818748,58535563.796156436,0.0,-3.2601397460752606e-05,29.77999384890573,0.0,443.4215355585442,0.0,-0.0,4455087999.999997,-0.9314766170964686,-0.36380119818730516,0.0
149599966.70128977,58642771.77397601,0.0,-3.2653160297062815e-05,29.77999382863339,0.0,443.4215355585442,0.0,-0.0,4455087999.999997,-0.931250286235702,-0.36438016464391004,0.0
149599966.58364528,58749979.75172257,0.0,-3.27048853344071e-05,29.779993808338787,0.0,443.4215355585441,0.0,-0.0,4455087999.999997,-0.9310237058246927,-0.36495870888698617,0.0
149599966.46581465,58857187.72939602,0.0,-3.2756572549790323e-05,29.779993788021983,0.0,443.4215355585441,0.0,-0.0,4455087999.999997,-0.9307968765701862,-0.3655368306575764,0.0
149599966.34779802,58964395.7069963,0.0,-3.280822192039107e-05,29.77999376768304,0.0,443.4215355585442,0.0,-0.0,4455087999.999998,-0.9305697991787198,-0.36611452969866826,0.0
149599966.2295955,59071603.684523314,0.0,-3.285983342356141e-05,29.779993747322024,0.0,443.4215355585441,0.0,-0.0,4455087999.999998,-0.9303424743566198,-0.3666918057551905,0.0
149599966.11120728,59178811.66197699,0.0,-3.2911407036826706e-05,29.779993726938997,0.0,443.4215355585442,0.0,-0.0,4455087999.999998,-0.930114902809995,-0.3672686585740113,0.0
149599965.99263343,59286019.639357254,0.0,-3.2962942737885336e-05,29.77999370653402,0.0,443.42153555854406,0.0,-0.0,4455087999.999998,-0.9298870852447333,-0.3678450879039355,0.0
149599965.87387413,59393227.616664015,0.0,-3.301444050460849e-05,29.77999368610716,0.0,443.4215355585442,0.0,-0.0,4455087999.999998,-0.9296590223664972,-0.36842109349570185,0.0
149599965.7549295,59500435.5938972,0.0,-3.306590031503993e-05,29.779993665658477,0.0,443.4215355585441,0.0,-0.0,4455087999.999998,-0.9294307148807186,-0.3689966751019803,0.0
149599965.6357997,59607643.57105673,0.0,-3.311732214739575e-05,29.779993645188036,0.0,443.4215355585441,0.0,-0.0,4455087999.999998,-0.9292021634925948,-0.36957183247736985,0.0
149599965.51648486,59714851.54814253,0.0,-3.316870598006414e-05,29.779993624695898,0.0,443.4215355585442,0.0,-0.0,4455087999.999998,-0.9289733689070839,-0.37014656537839546,0.0
149599965.39698508,59822059.525154516,0.0,-3.3220051791605154e-05,29.779993604182128,0.0,443.42153555854424,0.0,-0.0,4455087999.999999,-0.9287443318289007,-0.3707208735635059,0.0
149599965.27730054,59929267.502092615,0.0,-3.3271359560750464e-05,29.779993583646785,0.0,443.4215355585442,0.0,-0.0,4455087999.999999,-0.928515052962511,-0.37129475679307045,0.0
149599965.15743133,60036475.478956744,0.0,-3.3322629266403135e-05,29.77999356308994,0.0,443.42153555854424,0.0,-0.0,4455087999.999999,-0.928285533012129,-0.37186821482937676,0.0
149599965.03737763,60143683.45574684,0.0,-3.337386088763736e-05,29.779993542511647,0.0,443.4215355585443,0.0,-0.0,4455087999.999999,-0.9280557726817114,-0.372441247436628,0.0
149599964.91713956,60250891.432462804,0.0,-3.342505440369825e-05,29.779993521911972,0.0,443.42153555854424,0.0,-0.0,4455087999.999999,-0.9278257726749536,-0.37301385438094026,0.0
149599964.7967173,60358099.40910458,0.0,-3.3476209794001544e-05,29.77999350129098,0.0,443.42153555854424,0.0,-0.0,4455087999.999999,-0.9275955336952854,-0.3735860354303393,0.0
149599964.6761109,60465307.38567208,0.0,-3.352732703813342e-05,29.779993480648734,0.0,443.4215355585443,0.0,-0.0,4455087999.999998,-0.927365056445866,-0.37415779035475893,0.0
149599964.55532056,60572515.36216523,0.0,-3.357840611585021e-05,29.779993459985295,0.0,443.42153555854435,0.0,-0.0,4455087999.999998,-0.9271343416295807,-0.37472911892603705,0.0
149599964.4343464,60679723.338583946,0.0,-3.362944700707816e-05,29.779993439300725,0.0,443.4215355585443,0.0,-0.0,4455087999.999998,-0.9269033899490353,-0.37530002091791376,0.0
149599964.31318858,60786931.31492817,0.0,-3.3680449691913206e-05,29.77999341859509,0.0,443.4215355585443,0.0,-0.0,4455087999.999999,-0.9266722021065529,-0.3758704961060284,0.0
149599964.1918472,60894139.29119781,0.0,-3.373141415062069e-05,29.77999339786845,0.0,443.42153555854424,0.0,-0.0,4455087999.999998,-0.9264407788041689,-0.37644054426791634,0.0
149599964.07032242,61001347.26739279,0.0,-3.378234036363513e-05,29.779993377120867,0.0,443.4215355585443,0.0,-0.0,4455087999.999998,-0.9262091207436265,-0.377010165183007,0.0
149599963.9486144,61108555.24351305,0.0,-3.383322831155998e-05,29.779993356352406,0.0,443.4215355585443,0.0,-0.0,4455087999.999997,-0.9259772286263735,-0.3775793586326203,0.0
149599963.82672322,61215763.2195585,0.0,-3.3884077975167335e-05,29.77999333556313,0.0,443.42153555854424,0.0,-0.0,4455087999.999997,-0.9257451031535566,-0.3781481243999643,0.0
149599963.70464906,61322971.19552907,0.0,-3.393488933539773e-05,29.779993314753103,0.0,443.42153555854424,0.0,-0.0,4455087999.999997,-0.9255127450260183,-0.3787164622701321,0.0
149599963.58239207,61430179.171424694,0.0,-3.398566237335985e-05,29.779993293922384,0.0,443.4215355585443,0.0,-0.0,4455087999.999997,-0.925280154944292,-0.3792843720300995,0.0
149599963.45995235,61537387.14724529,0.0,-3.403639707033029e-05,29.77999327307104,0.0,443.4215355585443,0.0,-0.0,4455087999.999998,-0.9250473336085981,-0.3798518534687214,0.0
149599963.33733007,61644595.12299078,0.0,-3.408709340775329e-05,29.779993252199127,0.0,443.4215355585443,0.0,-0.0,4455087999.999999,-0.9248142817188395,-0.3804189063767297,0.0
149599963.21452534,61751803.098661095,0.0,-3.413775136724049e-05,29.77999323130671,0.0,443.42153555854435,0.0,-0.0,4455087999.999998,-0.9245809999745976,-0.3809855305467298,0.0
149599963.0915383,61859011.07425616,0.0,-3.418837093057066e-05,29.779993210393858,0.0,443.42153555854435,0.0,-0.0,4455087999.999999,-0.9243474890751282,-0.3815517257731982,0.0
149599962.96836913,61966219.049775906,0.0,-3.4238952079689447e-05,29.779993189460626,0.0,443.4215355585444,0.0,-0.0,4455087999.999999,-0.924113749719357,-0.38211749185247923,0.0
149599962.8450179,62073427.02522025,0.0,-3.4289494796709095e-05,29.77999316850708,0.0,443.42153555854446,0.0,-0.0,4455087999.999999,-0.9238797826058759,-0.38268282858278274,0.0
149599962.7214848,62180635.00058913,0.0,-3.433999906390822e-05,29.77999314753328,0.0,443.4215355585445,0.0,-0.0,4455087999.999999,-0.9236455884329384,-0.3832477357641803,0.0
149599962.59776998,62287842.97588247,0.0,-3.4390464863731514e-05,29.77999312653929,0.0,443.4215355585445,0.0,-0.0,4455087999.999999,-0.9234111678984557,-0.38381221319860315,0.0
149599962.47387353,62395050.95110019,0.0,-3.4440892178789494e-05,29.77999310552517,0.0,443.42153555854446,0.0,-0.0,4455088000.0,-0.9231765216999929,-0.3843762606898385,0.0
149599962.3497956,62502258.926242225,0.0,-3.449128099185824e-05,29.779993084490982,0.0,443.42153555854446,0.0,-0.0,4455088000.0,-0.922941650534764,-0.38493987804352714,0.0
149599962.22553635,62609466.9013085,0.0,-3.454163128587913e-05,29.779993063436795,0.0,443.42153555854446,0.0,-0.0,4455087999.999999,-0.9227065550996291,-0.3855030650671605,0.0
149599962.1010959,62716674.87629894,0.0,-3.459194304395856e-05,29.779993042362666,0.0,443.42153555854446,0.0,-0.0,4455088000.0,-0.9224712360910889,-0.386065821570077,0.0
149599961.9764744,62823882.851213485,0.0,-3.464221624936769e-05,29.77999302126866,0.0,443.42153555854446,0.0,-0.0,4455088000.0,-0.9222356942052822,-0.38662814736345996,0.0
149599961.851672,62931090.826052055,0.0,-3.469245088554217e-05,29.779993000154835,0.0,443.4215355585445,0.0,-0.0,4455088000.0,-0.9219999301379803,-0.3871900422603341,0.0
149599961.7266888,63038298.80081458,0.0,-3.4742646936081874e-05,29.779992979021255,0.0,443.42153555854446,0.0,-0.0,4455088000.0,-0.9217639445845845,-0.3877515060755624,0.0
149599961.60152498,63145506.77550098,0.0,-3.479280438475062e-05,29.779992957867986,0.0,443.42153555854446,0.0,-0.0,4455088000.0,-0.9215277382401209,-0.38831253862584364,0.0
149599961.47618064,63252714.7501112,0.0,-3.484292321547592e-05,29.779992936695084,0.0,443.4215355585445,0.0,-0.0,4455087999.999999,-0.9212913117992367,-0.38887313972970877,0.0
149599961.35065597,63359922.72464516,0.0,-3.489300341234867e-05,29.779992915502614,0.0,443.42153555854446,0.0,-0.0,4455088000.0,-0.9210546659561969,-0.3894333092075183,0.0
149599961.2249511,63467130.6991028,0.0,-3.494304495962291e-05,29.77999289429064,0.0,443.4215355585445,0.0,-0.0,4455088000.0,-0.9208178014048796,-0.38999304688145897,0.0
149599961.0990661,63574338.673484035,0.0,-3.499304784171554e-05,29.77999287305922,0.0,443.4215355585445,0.0,-0.0,4455088000.0,-0.9205807188387721,-0.3905523525755409,0.0
149599960.97300118,63681546.6477888,0.0,-3.504301204320605e-05,29.77999285180842,0.0,443.42153555854446,0.0,-0.0,4455088000.0,-0.9203434189509676,-0.3911112261155946,0.0
149599960.84675646,63788754.62201703,0.0,-3.5092937548836216e-05,29.779992830538298,0.0,443.42153555854446,0.0,-0.0,4455088000.0,-0.9201059024341605,-0.39166966732926767,0.0
149599960.7203321,63895962.59616866,0.0,-3.514282434350986e-05,29.779992809248917,0.0,443.4215355585444,0.0,-0.0,4455087999.999999,-0.919868169980643,-0.39222767604602155,0.0
149599960.59372818,64003170.570243604,0.0,-3.5192672412292544e-05,29.77999278794034,0.0,443.4215355585444,0.0,-0.0,4455088000.0,-0.9196302222823014,-0.3927852520971288,0.0
149599960.4669449,64110378.54424181,0.0,-3.524248174041132e-05,29.77999276661263,0.0,443.42153555854435,0.0,-0.0,4455087999.999999,-0.9193920600306114,-0.3933423953156699,0.0
149599960.33998236,64217586.5181632,0.0,-3.529225231325442e-05,29.779992745265847,0.0,443.42153555854435,0.0,-0.0,4455088000.0,-0.919153683916635,-0.39389910553653,0.0
149599960.21284074,64324794.4920077,0.0,-3.5341984116370974e-05,29.779992723900055,0.0,443.42153555854435,0.0,-0.0,4455088000.0,-0.9189150946310168,-0.39445538259639623,0.0
149599960.08552015,64432002.46577526,0.0,-3.5391677135470776e-05,29.77999270251531,0.0,443.4215355585444,0.0,-0.0,4455088000.0,-0.9186762928639794,-0.3950112263337535,0.0
149599959.95802072,64539210.43946579,0.0,-3.544133135642394e-05,29.779992681111683,0.0,443.4215355585444,0.0,-0.0,4455088000.000001,-0.9184372793053203,-0.39556663658888275,0.0
149599959.8303426,64646418.41307924,0.0,-3.5490946765260666e-05,29.779992659689228,0.0,443.42153555854446,0.0,-0.0,4455088000.0,-0.9181980546444074,-0.39612161320385664,0.0
149599959.70248592,64753626.38661553,0.0,-3.554052334817091e-05,29.779992638248007,0.0,443.42153555854446,0.0,-0.0,4455088000.0,-0.9179586195701764,-0.39667615602253703,0.0
149599959.57445085,64860834.3600746,0.0,-3.559006109150413e-05,29.779992616788086,0.0,443.42153555854446,0.0,-0.0,4455088000.0,-0.9177189747711259,-0.3972302648905716,0.0
149599959.44623753,64968042.33345638,0.0,-3.563955998176902e-05,29.779992595309523,0.0,443.42153555854446,0.0,-0.0,4455088000.0,-0.917479120935314,-0.3977839396553908,0.0
149599959.3178461,65075250.30676081,0.0,-3.568902000563316e-05,29.77999257381238,0.0,443.4215355585445,0.0,-0.0,4455088000.000001,-0.917239058750355,-0.39833718016620406,0.0
149599959.18927664,65182458.27998781,0.0,-3.573844114992279e-05,29.77999255229672,0.0,443.4215355585446,0.0,-0.0,4455088000.000001,-0.916998788903415,-0.39888998627399774,0.0
149599959.06052935,65289666.25313733,0.0,-3.5787823401622474e-05,29.7799925307626,0.0,443.4215355585445,0.0,-0.0,4455088000.0,-0.9167583120812088,-0.3994423578315308,0.0
149599958.93160436,65396874.22620928,0.0,-3.5837166747874856e-05,29.779992509210086,0.0,443.4215355585445,0.0,-0.0,4455088000.0,-0.9165176289699963,-0.3999942946933322,0.0
149599958.8025018,65504082.19920362,0.0,-3.588647117598034e-05,29.779992487639237,0.0,443.4215355585446,0.0,-0.0,4455088000.000001,-0.9162767402555776,-0.4005457967156972,0.0
149599958.67322183,65611290.172120266,0.0,-3.5935736673396804e-05,29.779992466050118,0.0,443.42153555854463,0.0,-0.0,4455088000.000002,-0.9160356466232913,-0.40109686375668474,0.0
149599958.54376456,65718498.14495916,0.0,-3.598496322773931e-05,29.779992444442783,0.0,443.4215355585446,0.0,-0.0,4455088000.000001,-0.9157943487580092,-0.4016474956761137,0.0
149599958.41413015,65825706.11772023,0.0,-3.603415082677982e-05,29.7799924228173,0.0,443.4215355585446,0.0,-0.0,4455088000.000001,-0.9155528473441336,-0.40219769233555974,0.0
149599958.28431872,65932914.09040342,0.0,-3.608329945844689e-05,29.77999240117373,0.0,443.42153555854463,0.0,-0.0,4455088000.000002,-0.9153111430655932,-0.40274745359835235,0.0
149599958.15433043,66040122.063008666,0.0,-3.613240911082539e-05,29.779992379512127,0.0,443.4215355585446,0.0,-0.0,4455088000.000002,-0.9150692366058404,-0.4032967793295709,0.0
149599958.02416542,66147330.035535894,0.0,-3.6181479772156185e-05,29.77999235783256,0.0,443.4215355585446,0.0,-0.0,4455088000.000002,-0.914827128647846,-0.4038456693960422,0.0
149599957.89382383,66254538.00798504,0.0,-3.623051143083588e-05,29.779992336135084,0.0,443.42153555854463,0.0,-0.0,4455088000.000002,-0.9145848198740977,-0.4043941236663364,0.0
149599957.76330578,66361745.980356045,0.0,-3.6279504075416474e-05,29.779992314419765,0.0,443.4215355585446,0.0,-0.0,4455088000.000001,-0.9143423109665954,-0.40494214201076423,0.0
149599957.63261145,66468953.95264884,0.0,-3.632845769460511e-05,29.77999229268666,0.0,443.42153555854463,0.0,-0.0,4455088000.000002,-0.9140996026068472,-0.4054897243013736,0.0
149599957.50174096,66576161.92486337,0.0,-3.637737227726375e-05,29.779992270935832,0.0,443.4215355585446,0.0,-0.0,4455088000.000002,-0.9138566954758676,-0.40603687041194597,0.0
149599957.37069443,66683369.89699956,0.0,-3.6426247812408885e-05,29.779992249167343,0.0,443.4215355585445,0.0,-0.0,4455088000.000002,-0.9136135902541722,-0.4065835802179937,0.0
149599957.23947203,66790577.86905735,0.0,-3.647508428921122e-05,29.77999222738125,0.0,443.4215355585446,0.0,-0.0,4455088000.000002,-0.9133702876217751,-0.4071298535967557,0.0
149599957.1080739,66897785.84103668,0.0,-3.652388169699542e-05,29.779992205577617,0.0,443.4215355585445,0.0,-0.0,4455088000.000002,-0.9131267882581859,-0.407675690427195,0.0
149599956.97650015,67004993.81293748,0.0,-3.657264002523974e-05,29.779992183756505,0.0,443.4215355585445,0.0,-0.0,4455088000.000003,-0.912883092842405,-0.40822109058999506,0.0
149599956.84475094,67112201.7847597,0.0,-3.6621359263575785e-05,29.779992161917974,0.0,443.4215355585446,0.0,-0.0,4455088000.000003,-0.9126392020529212,-0.40876605396755644,0.0
149599956.7128264,67219409.75650327,0.0,-3.667003940178819e-05,29.779992140062085,0.0,443.4215355585446,0.0,-0.0,4455088000.000003,-0.9123951165677079,-0.4093105804439933,0.0
149599956.58072668,67326617.72816813,0.0,-3.6718680429814296e-05,29.779992118188897,0.0,443.42153555854463,0.0,-0.0,4455088000.000003,-0.9121508370642197,-0.4098546699051302,0.0
149599956.44845194,67433825.69975421,0.0,-3.676728233774387e-05,29.779992096298468,0.0,443.4215355585446,0.0,-0.0,4455088000.000003,-0.9119063642193892,-0.41039832223849865,0.0
149599956.3160023,67541033.67126146,0.0,-3.68158451158188e-05,29.77999207439086,0.0,443.4215355585445,0.0,-0.0,4455088000.000003,-0.9116616987096235,-0.41094153733333366,0.0
149599956.18337792,67648241.64268981,0.0,-3.686436875443279e-05,29.779992052466138,0.0,443.4215355585445,0.0,-0.0,4455088000.000003,-0.9114168412108008,-0.4114843150805703,0.0
149599956.05057892,67755449.6140392,0.0,-3.691285324413103e-05,29.779992030524358,0.0,443.42153555854446,0.0,-0.0,4455088000.000003,-0.9111717923982668,-0.4120266553728409,0.0
149599955.91760543,67862657.58530957,0.0,-3.696129857560993e-05,29.779992008565582,0.0,443.4215355585444,0.0,-0.0,4455088000.000002,-0.9109265529468323,-0.4125685581044705,0.0
149599955.78445762,67969865.55650085,0.0,-3.7009704739716776e-05,29.77999198658987,0.0,443.42153555854435,0.0,-0.0,4455088000.000003,-0.9106811235307689,-0.4131100231714747,0.0
149599955.65113562,68077073.527613,0.0,-3.705807172744946e-05,29.779991964597283,0.0,443.42153555854435,0.0,-0.0,4455088000.000003,-0.9104355048238063,-0.4136510504715551,0.0
149599955.51763958,68184281.49864593,0.0,-3.7106399529956136e-05,29.77999194258788,0.0,443.42153555854435,0.0,-0.0,4455088000.000003,-0.9101896974991286,-0.41419163990409674,0.0
149599955.3839696,68291489.4695996,0.0,-3.715468813853494e-05,29.779991920561724,0.0,443.4215355585444,0.0,-0.0,4455088000.000003,-0.9099437022293714,-0.41473179137016397,0.0
149599955.25012586,68398697.44047396,0.0,-3.720293754463367e-05,29.77999189851887,0.0,443.4215355585443,0.0,-0.0,4455088000.000003,-0.9096975196866184,-0.4152715047724977,0.0
149599955.11610848,68505905.41126892,0.0,-3.725114773984947e-05,29.77999187645938,0.0,443.42153555854435,0.0,-0.0,4455088000.000002,-0.9094511505423983,-0.4158107800155114,0.0
149599954.98191762,68613113.38198444,0.0,-3.729931871592852e-05,29.779991854383315,0.0,443.42153555854424,0.0,-0.0,4455088000.000002,-0.9092045954676814,-0.4163496170052878,0.0
149599954.84755343,68720321.35262047,0.0,-3.7347450464765756e-05,29.779991832290737,0.0,443.4215355585443,0.0,-0.0,4455088000.000002,-0.9089578551328765,-0.4168880156495754,0.0
149599954.71301603,68827529.32317692,0.0,-3.7395542978404504e-05,29.779991810181702,0.0,443.4215355585443,0.0,-0.0,4455088000.000002,-0.9087109302078279,-0.4174259758577852,0.0
149599954.57830557,68934737.29365376,0.0,-3.744359624903622e-05,29.77999178805627,0.0,443.4215355585443,0.0,-0.0,4455088000.000002,-0.9084638213618115,-0.417963497540987,0.0
149599954.4434222,69041945.26405092,0.0,-3.749161026900015e-05,29.779991765914506,0.0,443.4215355585443,0.0,-0.0,4455088000.000002,-0.9082165292635329,-0.418500580611906,0.0
149599954.30836603,69149153.23436832,0.0,-3.753958503078301e-05,29.77999174375646,0.0,443.4215355585443,0.0,-0.0,4455088000.000002,-0.9079690545811231,-0.4190372249849191,0.0
149599954.17313722,69256361.20460594,0.0,-3.7587520527018696e-05,29.779991721582203,0.0,443.42153555854424,0.0,-0.0,4455088000.000001,-0.9077213979821358,-0.41957343057605184,0.0
149599954.0377359,69363569.1747637,0.0,-3.763541675048797e-05,29.779991699391786,0.0,443.4215355585443,0.0,-0.0,4455088000.000002,-0.9074735601335449,-0.42010919730297464,0.0
149599953.90216225,69470777.14484154,0.0,-3.768327369411811e-05,29.779991677185272,0.0,443.4215355585443,0.0,-0.0,4455088000.000001,-0.9072255417017401,-0.420644525084999,0.0
149599953.76641637,69577985.1148394,0.0,-3.7731091350982634e-05,29.77999165496272,0.0,443.42153555854424,0.0,-0.0,4455088000.000001,-0.906977343352525,-0.42117941384307467,0.0
149599953.63049844,69685193.08475724,0.0,-3.777886971430097e-05,29.77999163272419,0.0,443.4215355585442,0.0,-0.0,4455088000.000001,-0.9067289657511138,-0.42171386349978546,0.0
149599953.49440858,69792401.054595,0.0,-3.782660877743813e-05,29.779991610469743,0.0,443.42153555854424,0.0,-0.0,4455088000.000002,-0.9064804095621276,-0.4222478739793458,0.0
149599953.3581469,69899609.02435261,0.0,-3.78743085339044e-05,29.779991588199433,0.0,443.42153555854424,0.0,-0.0,4455088000.000001,-0.906231675449592,-0.4227814452075979,0.0
149599953.2217136,70006816.99403001,0.0,-3.7921968977355044e-05,29.779991565913324,0.0,443.4215355585441,0.0,-0.0,4455088000.000001,-0.9059827640769345,-0.42331457711200754,0.0
149599953.0851088,70114024.96362716,0.0,-3.796959010158995e-05,29.779991543611473,0.0,443.4215355585441,0.0,-0.0,4455088000.000001,-0.90573367610698,-0.4238472696216602,0.0
149599952.9483326,70221232.93314399,0.0,-3.801717190055333e-05,29.77999152129394,0.0,443.42153555854406,0.0,-0.0,4455088000.000001,-0.9054844122019493,-0.4243795226672586,0.0
149599952.8113852,70328440.90258045,0.0,-3.8064714368333395e-05,29.779991498960786,0.0,443.4215355585441,0.0,-0.0,4455088000.000001,-0.9052349730234558,-0.4249113361811181,0.0
149599952.67426673,70435648.87193649,0.0,-3.811221749916205e-05,29.779991476612068,0.0,443.4215355585441,0.0,-0.0,4455088000.000002,-0.904985359232502,-0.4254427100971639,0.0
149599952.5369773,70542856.84121203,0.0,-3.8159681287414564e-05,29.779991454247845,0.0,443.4215355585441,0.0,-0.0,4455088000.000001,-0.9047355714894768,-0.42597364435092683,0.0
149599952.39951706,70650064.81040704,0.0,-3.820710572760924e-05,29.779991431868176,0.0,443.421535558544,0.0,-0.0,4455088000.000001,-0.9044856104541531,-0.42650413887954025,0.0
149599952.26188618,70757272.77952147,0.0,-3.825449081440712e-05,29.77999140947312,0.0,443.421535558544,0.0,-0.0,4455088000.000001,-0.9042354767856842,-0.4270341936217362,0.0
149599952.12408477,70864480.74855523,0.0,-3.830183654261163e-05,29.779991387062736,0.0,443.421535558544,0.0,-0.0,4455088000.000001,-0.9039851711426011,-0.4275638085178421,0.0
149599951.98611298,70971688.71750829,0.0,-3.8349142907168285e-05,29.779991364637084,0.0,443.42153555854395,0.0,-0.0,4455088000.0,-0.9037346941828105,-0.4280929835097768,0.0
149599951.84797096,71078896.6863806,0.0,-3.839640990316436e-05,29.779991342196222,0.0,443.421535558544,0.0,-0.0,4455088000.0,-0.90348404656359,-0.4286217185410471,0.0
149599951.70965886,71186104.65517208,0.0,-3.844363752582856e-05,29.77999131974021,0.0,443.421535558544,0.0,-0.0,4455088000.0,-0.9032332289415874,-0.42915001355674437,0.0
149599951.57117683,71293312.6238827,0.0,-3.849082577053071e-05,29.779991297269103,0.0,443.421535558544,0.0,-0.0,4455088000.0,-0.9029822419728164,-0.42967786850354067,0.0
149599951.43252498,71400520.5925124,0.0,-3.8537974632781416e-05,29.77999127478296,0.0,443.42153555854395,0.0,-0.0,4455088000.0,-0.9027310863126544,-0.4302052833296852,0.0
149599951.29370347,71507728.56106111,0.0,-3.8585084108231756e-05,29.779991252281846,0.0,443.421535558544,0.0,-0.0,4455088000.0,-0.9024797626158397,-0.43073225798500103,0.0
149599951.15471244,71614936.52952881,0.0,-3.8632154192672945e-05,29.779991229765812,0.0,443.42153555854406,0.0,-0.0,4455088000.000001,-0.9022282715364686,-0.4312587924208808,0.0
149599951.015552,71722144.49791542,0.0,-3.867918488203601e-05,29.779991207234918,0.0,443.421535558544,0.0,-0.0,4455088000.000001,-0.9019766137279923,-0.43178488659028375,0.0
149599950.87622234,71829352.46622089,0.0,-3.872617617239148e-05,29.779991184689223,0.0,443.42153555854395,0.0,-0.0,4455088000.0,-0.901724789843215,-0.43231054044773165,0.0
149599950.73672357,71936560.43444516,0.0,-3.877312805994904e-05,29.779991162128788,0.0,443.421535558544,0.0,-0.0,4455088000.0,-0.9014728005342902,-0.4328357539493055,0.0
149599950.59705585,72043768.40258819,0.0,-3.882004054105722e-05,29.77999113955367,0.0,443.42153555854406,0.0,-0.0,4455088000.0,-0.9012206464527189,-0.4333605270526416,0.0
149599950.45721933,72150976.37064992,0.0,-3.8866913612203045e-05,29.779991116963924,0.0,443.4215355585441,0.0,-0.0,4455088000.0,-0.9009683282493461,-0.4338848597169281,0.0
149599950.31721413,72258184.3386303,0.0,-3.8913747270011764e-05,29.77999109435961,0.0,443.42153555854406,0.0,-0.0,4455088000.0,-0.9007158465743588,-0.4344087519029011,0.0
149599950.1770404,72365392.30652928,0.0,-3.8960541511246454e-05,29.779991071740785,0.0,443.42153555854406,0.0,-0.0,4455088000.0,-0.9004632020772821,-0.43493220357284157,0.0
149599950.03669828,72472600.27434681,0.0,-3.900729633280773e-05,29.779991049107508,0.0,443.421535558544,0.0,-0.0,4455088000.0,-0.9002103954069786,-0.43545521469057097,0.0
149599949.8961879,72579808.24208283,0.0,-3.9054011731733426e-05,29.77999102645984,0.0,443.42153555854406,0.0,-0.0,4455088000.0,-0.8999574272116436,-0.43597778522144814,0.0
149599949.75550944,72687016.2097373,0.0,-3.910068770519823e-05,29.779991003797836,0.0,443.42153555854406,0.0,-0.0,4455088000.0,-0.899704298138804,-0.4364999151323653,0.0
149599949.614663,72794224.17731015,0.0,-3.914732425051339e-05,29.779990981121554,0.0,443.4215355585441,0.0,-0.0,4455088000.000001,-0.8994510088353148,-0.4370216043917444,0.0
149599949.47364876,72901432.14480135,0.0,-3.919392136512638e-05,29.77999095843105,0.0,443.4215355585441,0.0,-0.0,4455088000.000001,-0.8991975599473571,-0.437542852969534,0.0
149599949.3324668,73008640.11221084,0.0,-3.924047904662055e-05,29.77999093572638,0.0,443.42153555854406,0.0,-0.0,4455088000.0,-0.8989439521204348,-0.43806366083720466,0.0
149599949.19111735,73115848.07953857,0.0,-3.928699729271482e-05,29.77999091300761,0.0,443.421535558544,0.0,-0.0,4455088000.0,-0.8986901859993728,-0.43858402796774615,0.0
149599949.04960048,73223056.04678448,0.0,-3.9333476101263324e-05,29.77999089027479,0.0,443.421535558544,0.0,-0.0,4455088000.0,-0.8984362622283142,-0.439103954335663,0.0
149599948.90791637,73330264.01394853,0.0,-3.9379915470255115e-05,29.779990867527978,0.0,443.421535558544,0.0,-0.0,4455088000.0,-0.8981821814507173,-0.4396234399169713,0.0
149599948.76606515,73437471.98103067,0.0,-3.942631539781381e-05,29.779990844767237,0.0,443.421535558544,0.0,-0.0,4455088000.000001,-0.8979279443093535,-0.4401424846891952,0.0
149599948.62404695,73544679.94803084,0.0,-3.947267588219726e-05,29.77999082199262,0.0,443.421535558544,0.0,-0.0,4455088000.0,-0.8976735514463052,-0.4406610886313626,0.0
149599948.48186192,73651887.914949,0.0,-3.951899692179723e-05,29.779990799204185,0.0,443.421535558544,0.0,-0.0,4455088000.0,-0.8974190035029622,-0.44117925172400174,0.0
149599948.3395102,73759095.8817851,0.0,-3.9565278515139064e-05,29.77999077640199,0.0,443.42153555854406,0.0,-0.0,4455088000.0,-0.8971643011200205,-0.4416969739491377,0.0
149599948.19699195,73866303.84853908,0.0,-3.961152066088133e-05,29.77999075358609,0.0,443.421535558544,0.0,-0.0,4455088000.0,-0.8969094449374785,-0.4422142552902884,0.0
149599948.0543073,73973511.81521091,0.0,-3.965772335781553e-05,29.779990730756545,0.0,443.421535558544,0.0,-0.0,4455087999.999999,-0.8966544355946354,-0.44273109573246106,0.0
149599947.9114564,74080719.78180052,0.0,-3.9703886604865746e-05,29.77999070791341,0.0,443.4215355585439,0.0,-0.0,4455087999.999999,-0.8963992737300893,-0.4432474952621485,0.0
149599947.76843938,74187927.74830787,0.0,-3.975001040108829e-05,29.77999068505674,0.0,443.42153555854384,0.0,-0.0,4455087999.999999,-0.8961439599817332,-0.44376345386732524,0.0
149599947.6252564,74295135.71473292,0.0,-3.9796094745671415e-05,29.7799906621866,0.0,443.42153555854384,0.0,-0.0,4455088000.0,-0.8958884949867539,-0.44427897153744395,0.0
149599947.48190755,74402343.6810756,0.0,-3.984213963793493e-05,29.77999063930304,0.0,443.42153555854384,0.0,-0.0,4455087999.999999,-0.8956328793816292,-0.4447940482634317,0.0
149599947.33839303,74509551.64733589,0.0,-3.988814507732992e-05,29.77999061640612,0.0,443.4215355585439,0.0,-0.0,4455088000.0,-0.8953771138021251,-0.44530868403768653,0.0
149599947.19471297,74616759.61351371,0.0,-3.9934111063438354e-05,29.779990593495896,0.0,443.42153555854395,0.0,-0.0,4455088000.0,-0.8951211988832947,-0.4458228788540728,0.0
149599947.0508675,74723967.57960904,0.0,-3.998003759597281e-05,29.779990570572423,0.0,443.421535558544,0.0,-0.0,4455088000.000001,-0.894865135259474,-0.44633663270791846,0.0
149599946.90685675,74831175.54562181,0.0,-4.00259246747761e-05,29.77999054763576,0.0,443.421535558544,0.0,-0.0,4455088000.000001,-0.8946089235642811,-0.4468499455960111,0.0
149599946.7626809,74938383.51155199,0.0,-4.007177229982094e-05,29.779990524685957,0.0,443.421535558544,0.0,-0.0,4455088000.000001,-0.8943525644306135,-0.44736281751659385,0.0
149599946.61834005,75045591.47739953,0.0,-4.011758047120965e-05,29.779990501723077,0.0,443.421535558544,0.0,-0.0,4455088000.000001,-0.8940960584906452,-0.4478752484693618,0.0
149599946.47383437,75152799.44316438,0.0,-4.016334918917377e-05,29.779990478747177,0.0,443.421535558544,0.0,-0.0,4455088000.000001,-0.8938394063758254,-0.44838723845545847,0.0
149599946.329164,75260007.4088465,0.0,-4.020907845407378e-05,29.77999045575831,0.0,443.42153555854395,0.0,-0.0,4455088000.000001,-0.8935826087168749,-0.4488987874774718,0.0
149599946.18432906,75367215.37444583,0.0,-4.025476826639869e-05,29.779990432756534,0.0,443.421535558544,0.0,-0.0,4455088000.000002,-0.8933256661437855,-0.4494098955394307,0.0
149599946.0393297,75474423.33996233,0.0,-4.0300418626765784e-05,29.779990409741906,0.0,443.421535558544,0.0,-0.0,4455088000.000001,-0.8930685792858162,-0.44992056264680086,0.0
149599945.89416608,75581631.30539596,0.0,-4.034602953592023e-05,29.77999038671448,0.0,443.421535558544,0.0,-0.0,4455088000.000001,-0.892811348771492,-0.4504307888064815,0.0
149599945.74883834,75688839.27074666,0.0,-4.0391600994734766e-05,29.779990363674315,0.0,443.42153555854406,0.0,-0.0,4455088000.000002,-0.8925539752286015,-0.4509405740268013,0.0
149599945.60334662,75796047.2360144,0.0,-4.043713300420938e-05,29.779990340621463,0.0,443.42153555854406,0.0,-0.0,4455088000.000002,-0.8922964592841941,-0.4514499183175148,0.0
149599945.45769104,75903255.20119911,0.0,-4.048262556547092e-05,29.779990317555985,0.0,443.42153555854406,0.0,-0.0,4455088000.000002,-0.8920388015645784,-0.4519588216897983,0.0
149599945.31187177,76010463.16630077,0.0,-4.052807867977283e-05,29.779990294477933,0.0,443.4215355585441,0.0,-0.0,4455088000.000003,-0.8917810026953199,-0.45246728415624676,0.0
149599945.16588894,76117671.13131933,0.0,-4.057349234849475e-05,29.779990271387362,0.0,443.42153555854406,0.0,-0.0,4455088000.000002,-0.8915230633012392,-0.4529753057308695,0.0
149599945.01974267,76224879.09625474,0.0,-4.061886657314222e-05,29.77999024828433,0.0,443.4215355585441,0.0,-0.0,4455088000.000003,-0.8912649840064087,-0.45348288642908663,0.0
149599944.87343314,76332087.06110695,0.0,-4.066420135534632e-05,29.779990225168895,0.0,443.42153555854406,0.0,-0.0,4455088000.000003,-0.8910067654341519,-0.4539900262677254,0.0
149599944.72696048,76439295.02587593,0.0,-4.0709496696863346e-05,29.77999020204111,0.0,443.42153555854406,0.0,-0.0,4455088000.000003,-0.8907484082070407,-0.45449672526501583,0.0
149599944.58032483,76546502.99056162,0.0,-4.0754752599574474e-05,29.779990178901027,0.0,443.4215355585441,0.0,-0.0,4455088000.000003,-0.8904899129468924,-0.455002983440588,0.0
149599944.4335263,76653710.95516399,0.0,-4.079996906548541e-05,29.779990155748706,0.0,443.42153555854406,0.0,-0.0,4455088000.000003,-0.8902312802747694,-0.45550880081546735,0.0
149599944.2865651,76760918.919683,0.0,-4.084514609672606e-05,29.779990132584203,0.0,443.42153555854406,0.0,-0.0,4455088000.000003,-0.8899725108109755,-0.4560141774120713,0.0
149599944.1394413,76868126.88411859,0.0,-4.0890283695550196e-05,29.77999010940757,0.0,443.42153555854406,0.0,-0.0,4455088000.000003,-0.889713605175055,-0.4565191132542055,0.0
149599943.9921551,76975334.84847072,0.0,-4.0935381864335116e-05,29.779990086218866,0.0,443.42153555854406,0.0,-0.0,4455088000.000002,-0.88945456398579,-0.4570236083670601,0.0
149599943.84470662,77082542.81273934,0.0,-4.09804406055813e-05,29.779990063018143,0.0,443.421535558544,0.0,-0.0,4455088000.000004,-0.8891953878611988,-0.4575276627772055,0.0
149599943.697096,77189750.77692443,0.0,-4.1025459921912086e-05,29.77999003980546,0.0,443.42153555854395,0.0,-0.0,4455088000.000003,-0.888936077418533,-0.45803127651258924,0.0
149599943.54932335,77296958.74102592,0.0,-4.107043981607332e-05,29.779990016580868,0.0,443.421535558544,0.0,-0.0,4455088000.000003,-0.8886766332742766,-0.458534449602532,0.0
149599943.40138885,77404166.7050438,0.0,-4.1115380290933023e-05,29.779989993344426,0.0,443.42153555854406,0.0,-0.0,4455088000.000003,-0.8884170560441436,-0.45903718207772337,0.0
149599943.25329265,77511374.66897799,0.0,-4.116028134948104e-05,29.779989970096185,0.0,443.42153555854406,0.0,-0.0,4455088000.000003,-0.8881573463430759,-0.4595394739702189,0.0
149599943.1050349,77618582.63282847,0.0,-4.120514299482872e-05,29.779989946836203,0.0,443.4215355585441,0.0,-0.0,4455088000.000004,-0.8878975047852413,-0.4600413253134357,0.0
149599942.9566157,77725790.5965952,0.0,-4.1249965230208584e-05,29.779989923564532,0.0,443.4215355585441,0.0,-0.0,4455088000.000003,-0.8876375319840318,-0.4605427361421485,0.0
149599942.8080352,77832998.56027812,0.0,-4.1294748058973945e-05,29.77998990028123,0.0,443.4215355585442,0.0,-0.0,4455088000.000005,-0.8873774285520619,-0.4610437064924867,0.0
149599942.65929356,77940206.5238772,0.0,-4.133949148459862e-05,29.77998987698635,0.0,443.42153555854424,0.0,-0.0,4455088000.000005,-0.8871171951011656,-0.4615442364019299,0.0
149599942.5103909,78047414.48739241,0.0,-4.1384195510676566e-05,29.779989853679943,0.0,443.42153555854424,0.0,-0.0,4455088000.000005,-0.8868568322423956,-0.4620443259093041,0.0
149599942.3613274,78154622.4508237,0.0,-4.1428860140921525e-05,29.77998983036207,0.0,443.42153555854424,0.0,-0.0,4455088000.000005,-0.8865963405860214,-0.4625439750547785,0.0
149599942.2121032,78261830.41417101,0.0,-4.147348537916673e-05,29.77998980703278,0.0,443.4215355585443,0.0,-0.0,4455088000.000005,-0.8863357207415266,-0.4630431838798608,0.0
149599942.06271836,78369038.37743431,0.0,-4.151807122936453e-05,29.77998978369213,0.0,443.42153555854424,0.0,-0.0,4455088000.000005,-0.8860749733176077,-0.46354195242739454,0.0
149599941.9131731,78476246.34061357,0.0,-4.1562617695586045e-05,29.779989760340175,0.0,443.42153555854435,0.0,-0.0,4455088000.000005,-0.8858140989221719,-0.46404028074155435,0.0
149599941.76346755,78583454.30370875,0.0,-4.160712478202087e-05,29.77998973697697,0.0,443.4215355585443,0.0,-0.0,4455088000.000005,-0.885553098162336,-0.4645381688678424,0.0
149599941.61360183,78690662.26671979,0.0,-4.165159249297669e-05,29.779989713602564,0.0,443.4215355585443,0.0,-0.0,4455088000.000004,-0.8852919716444233,-0.46503561685308525,0.0
149599941.4635761,78797870.22964667,0.0,-4.1696020832878976e-05,29.779989690217015,0.0,443.42153555854435,0.0,-0.0,4455088000.000005,-0.8850307199739632,-0.46553262474542895,0.0
149599941.31339052,78905078.19248934,0.0,-4.1740409806270614e-05,29.779989666820377,0.0,443.4215355585443,0.0,-0.0,4455088000.000004,-0.884769343755688,-0.46602919259433634,0.0
149599941.1630452,79012286.15524776,0.0,-4.178475941781159e-05,29.779989643412705,0.0,443.42153555854435,0.0,-0.0,4455088000.000004,-0.8845078435935328,-0.46652532045058237,0.0
149599941.01254028,79119494.1179219,0.0,-4.182906967227866e-05,29.77998961999405,0.0,443.42153555854435,0.0,-0.0,4455088000.000004,-0.8842462200906318,-0.467021008366251,0.0
149599940.86187592,79226702.08051172,0.0,-4.187334057456495e-05,29.77998959656447,0.0,443.4215355585444,0.0,-0.0,4455088000.000004,-0.8839844738493183,-0.46751625639473116,0.0
149599940.71105227,79333910.04301716,0.0,-4.1917572129679704e-05,29.779989573124013,0.0,443.42153555854435,0.0,-0.0,4455088000.000004,-0.8837226054711219,-0.46801106459071246,0.0
149599940.56006944,79441118.00543821,0.0,-4.196176434274788e-05,29.779989549672734,0.0,443.42153555854435,0.0,-0.0,4455088000.000004,-0.883460615556767,-0.4685054330101822,0.0
149599940.4089276,79548325.96777481,0.0,-4.200591721900984e-05,29.77998952621069,0.0,443.42153555854435,0.0,-0.0,4455088000.000003,-0.8831985047061716,-0.4689993617104214,0.0
149599940.25762686,79655533.93002692,0.0,-4.2050030763820994e-05,29.779989502737934,0.0,443.4215355585443,0.0,-0.0,4455088000.000003,-0.8829362735184447,-0.4694928507500005,0.0
149599940.1061674,79762741.89219451,0.0,-4.209410498265148e-05,29.779989479254517,0.0,443.4215355585443,0.0,-0.0,4455088000.000003,-0.8826739225918855,-0.46998590018877606,0.0
149599939.95454934,79869949.85427754,0.0,-4.21381398810858e-05,29.779989455760496,0.0,443.42153555854435,0.0,-0.0,4455088000.000002,-0.8824114525239811,-0.4704785100878869,0.0
149599939.80277285,79977157.81627597,0.0,-4.2182135464822516e-05,29.77998943225592,0.0,443.42153555854424,0.0,-0.0,4455088000.000003,-0.8821488639114052,-0.47097068050974994,0.0
149599939.65083802,80084365.77818976,0.0,-4.2226091739673873e-05,29.779989408740846,0.0,443.42153555854435,0.0,-0.0,4455088000.000002,-0.8818861573500165,-0.47146241151805707,0.0
149599939.49874502,80191573.74001889,0.0,-4.2270008711565486e-05,29.779989385215323,0.0,443.42153555854424,0.0,-0.0,4455088000.000002,-0.8816233334348567,-0.47195370317777074,0.0
149599939.346494,80298781.7017633,0.0,-4.231388638653599e-05,29.77998936167941,0.0,443.4215355585443,0.0,-0.0,4455088000.000002,-0.8813603927601492,-0.47244455555512055,0.0
149599939.1940851,80405989.66342297,0.0,-4.2357724770736693e-05,29.779989338133152,0.0,443.4215355585443,0.0,-0.0,4455088000.000002,-0.8810973359192976,-0.47293496871759927,0.0
149599939.04151842,80513197.62499785,0.0,-4.2401523870431264e-05,29.77998931457661,0.0,443.4215355585443,0.0,-0.0,4455088000.000002,-0.8808341635048834,-0.47342494273395896,0.0
149599938.88879415,80620405.58648792,0.0,-4.244528369199536e-05,29.779989291009834,0.0,443.42153555854435,0.0,-0.0,4455088000.000002,-0.8805708761086656,-0.4739144776742076,0.0
149599938.7359124,80727613.54789312,0.0,-4.248900424191632e-05,29.779989267432875,0.0,443.42153555854435,0.0,-0.0,4455088000.000002,-0.8803074743215783,-0.47440357360960483,0.0
149599938.58287334,80834821.50921343,0.0,-4.2532685526792794e-05,29.779989243845787,0.0,443.42153555854435,0.0,-0.0,4455088000.000001,-0.8800439587337292,-0.47489223061265845,0.0
149599938.4296771,80942029.4704488,0.0,-4.257632755333443e-05,29.77998922024862,0.0,443.42153555854435,0.0,-0.0,4455088000.000001,-0.8797803299343984,-0.47538044875712043,0.0
149599938.27632383,81049237.43159921,0.0,-4.261993032836152e-05,29.77998919664143,0.0,443.42153555854435,0.0,-0.0,4455088000.000001,-0.8795165885120364,-0.47586822811798346,0.0
149599938.12281364,81156445.39266461,0.0,-4.266349385880467e-05,29.77998917302427,0.0,443.42153555854424,0.0,-0.0,4455088000.000001,-0.8792527350542637,-0.47635556877147656,0.0
149599937.9691467,81263653.35364497,0.0,-4.270701815170445e-05,29.77998914939719,0.0,443.42153555854424,0.0,-0.0,4455088000.0,-0.8789887701478675,-0.47684247079506187,0.0
149599937.81532314,81370861.31454025,0.0,-4.2750503214211066e-05,29.779989125760242,0.0,443.4215355585443,0.0,-0.0,4455088000.0,-0.8787246943788017,-0.4773289342674309,0.0
149599937.66134313,81478069.27535042,0.0,-4.279394905358403e-05,29.779989102113483,0.0,443.42153555854424,0.0,-0.0,4455088000.000001,-0.8784605083321854,-0.4778149592685002,0.0
149599937.50720677,81585277.23607545,0.0,-4.283735567719179e-05,29.77998907845696,0.0,443.4215355585443,0.0,-0.0,4455088000.000001,-0.8781962125923002,-0.4783005458794079,0.0
149599937.3529142,81692485.1967153,0.0,-4.288072309251143e-05,29.77998905479073,0.0,443.42153555854435,0.0,-0.0,4455088000.000001,-0.87793180774259,-0.4787856941825099,0.0
149599937.19846562,81799693.15726992,0.0,-4.2924051307128296e-05,29.779989031114837,0.0,443.4215355585443,0.0,-0.0,4455088000.0,-0.8776672943656593,-0.47927040426137646,0.0
149599937.0438611,81906901.1177393,0.0,-4.296734032873569e-05,29.77998900742934,0.0,443.42153555854424,0.0,-0.0,4455088000.0,-0.8774026730432712,-0.47975467620078743,0.0
149599936.8891008,82014109.0781234,0.0,-4.3010590165134505e-05,29.779988983734288,0.0,443.42153555854424,0.0,-0.0,4455087999.999999,-0.877137944356347,-0.48023851008672985,0.0
149599936.73418486,82121317.03842218,0.0,-4.3053800824232905e-05,29.779988960029737,0.0,443.4215355585443,0.0,-0.0,4455088000.0,-0.8768731088849634,-0.48072190600639264,0.0
149599936.57911345,82228524.9986356,0.0,-4.3096972314045984e-05,29.779988936315732,0.0,443.42153555854424,0.0,-0.0,4455087999.999999,-0.8766081672083532,-0.48120486404816404,0.0
149599936.42388672,82335732.95876364,0.0,-4.314010464269541e-05,29.77998891259233,0.0,443.4215355585443,0.0,-0.0,4455087999.999999,-0.8763431199049013,-0.48168738430162733,0.0
149599936.26850477,82442940.91880625,0.0,-4.3183197818409124e-05,29.77998888885958,0.0,443.4215355585443,0.0,-0.0,4455087999.999999,-0.8760779675521461,-0.48216946685755707,0.0
149599936.11296776,82550148.87876342,0.0,-4.3226251849520957e-05,29.779988865117534,0.0,443.4215355585443,0.0,-0.0,4455088000.0,-0.8758127107267758,-0.48265111180791553,0.0
149599935.9572758,82657356.8386351,0.0,-4.326926674447033e-05,29.779988841366244,0.0,443.4215355585442,0.0,-0.0,4455087999.999999,-0.8755473500046286,-0.4831323192458485,0.0
149599935.8014291,82764564.79842125,0.0,-4.331224251180191e-05,29.779988817605762,0.0,443.42153555854424,0.0,-0.0,4455088000.0,-0.8752818859606907,-0.4836130892656819,0.0
149599935.64542773,82871772.75812185,0.0,-4.335517916016525e-05,29.77998879383614,0.0,443.4215355585443,0.0,-0.0,4455088000.000001,-0.8750163191690954,-0.4840934219629179,0.0
149599935.48927185,82978980.71773686,0.0,-4.3398076698314475e-05,29.779988770057425,0.0,443.4215355585443,0.0,-0.0,4455088000.0,-0.8747506502031215,-0.4845733174342312,0.0
149599935.33296162,83086188.67726624,0.0,-4.344093513510794e-05,29.779988746269673,0.0,443.4215355585443,0.0,-0.0,4455088000.000001,-0.874484879635192,-0.48505277577746514,0.0
149599935.17649716,83193396.63670997,0.0,-4.348375447950788e-05,29.779988722472932,0.0,443.42153555854435,0.0,-0.0,4455088000.000001,-0.874219008036873,-0.4855317970916278,0.0
149599935.01987863,83300604.59606802,0.0,-4.35265347405801e-05,29.779988698667253,0.0,443.42153555854435,0.0,-0.0,4455088000.000001,-0.8739530359788729,-0.4860103814768889,0.0
149599934.86310616,83407812.55534036,0.0,-4.356927592749361e-05,29.77998867485269,0.0,443.4215355585444,0.0,-0.0,4455088000.000001,-0.8736869640310397,-0.486488529034575,0.0
149599934.7061799,83515020.51452695,0.0,-4.361197804952031e-05,29.77998865102929,0.0,443.4215355585444,0.0,-0.0,4455088000.000001,-0.8734207927623621,-0.4869662398671667,0.0
149599934.54909995,83622228.47362776,0.0,-4.365464111603464e-05,29.779988627197103,0.0,443.42153555854446,0.0,-0.0,4455088000.000001,-0.8731545227409657,-0.4874435140782945,0.0
149599934.3918665,83729436.43264276,0.0,-4.369726513651326e-05,29.779988603356184,0.0,443.42153555854446,0.0,-0.0,4455088000.000001,-0.8728881545341137,-0.48792035177273485,0.0
149599934.2344797,83836644.39157191,0.0,-4.373985012053468e-05,29.77998857950658,0.0,443.4215355585444,0.0,-0.0,4455088000.000001,-0.8726216887082051,-0.4883967530564065,0.0
149599934.07693964,83943852.35041519,0.0,-4.378239607777897e-05,29.779988555648345,0.0,443.42153555854446,0.0,-0.0,4455088000.000001,-0.8723551258287734,-0.488872718036367,0.0
149599933.9192465,84051060.30917256,0.0,-4.382490301802739e-05,29.779988531781527,0.0,443.4215355585445,0.0,-0.0,4455088000.000002,-0.8720884664604852,-0.4893482468208088,0.0
149599933.7614004,84158268.26784399,0.0,-4.386737095116208e-05,29.779988507906175,0.0,443.42153555854446,0.0,-0.0,4455088000.000001,-0.87182171116714,-0.48982333951905527,0.0
149599933.60340148,84265476.22642946,0.0,-4.3909799887165695e-05,29.779988484022343,0.0,443.42153555854446,0.0,-0.0,4455088000.000002,-0.8715548605116684,-0.4902979962415574,0.0
149599933.4452499,84372684.18492894,0.0,-4.3952189836121095e-05,29.779988460130077,0.0,443.42153555854446,0.0,-0.0,4455088000.000001,-0.8712879150561303,-0.4907722170998897,0.0
149599933.28694576,84479892.14334239,0.0,-4.3994540808211005e-05,29.77998843622943,0.0,443.4215355585444,0.0,-0.0,4455088000.000001,-0.8710208753617155,-0.49124600220674663,0.0
149599933.12848923,84587100.10166979,0.0,-4.403685281371767e-05,29.779988412320453,0.0,443.4215355585444,0.0,-0.0,4455088000.000001,-0.8707537419887409,-0.49171935167593844,0.0
149599932.96988046,84694308.05991109,0.0,-4.407912586302254e-05,29.779988388403194,0.0,443.4215355585444,0.0,-0.0,4455088000.000002,-0.8704865154966505,-0.49219226562238827,0.0
149599932.8111196,84801516.01806627,0.0,-4.4121359966605914e-05,29.779988364477703,0.0,443.42153555854435,0.0,-0.0,4455088000.000002,-0.870219196444014,-0.49266474416212763,0.0
149599932.65220672,84908723.97613531,0.0,-4.416355513504662e-05,29.77998834054403,0.0,443.42153555854435,0.0,-0.0,4455088000.000001,-0.8699517853885255,-0.49313678741229294,0.0
149599932.49314204,85015931.93411818,0.0,-4.420571137902167e-05,29.779988316602225,0.0,443.42153555854435,0.0,-0.0,4455088000.000001,-0.8696842828870025,-0.4936083954911221,0.0
149599932.33392566,85123139.89201485,0.0,-4.424782870930594e-05,29.779988292652337,0.0,443.4215355585443,0.0,-0.0,4455088000.000002,-0.8694166894953859,-0.4940795685179501,0.0
149599932.17455772,85230347.84982528,0.0,-4.428990713677184e-05,29.779988268694417,0.0,443.42153555854424,0.0,-0.0,4455088000.000001,-0.8691490057687369,-0.4945503066132061,0.0
149599932.01503837,85337555.80754945,0.0,-4.433194667238896e-05,29.779988244728514,0.0,443.42153555854424,0.0,-0.0,4455088000.000001,-0.868881232261238,-0.49502060989840885,0.0
149599931.85536775,85444763.76518732,0.0,-4.4373947327223736e-05,29.779988220754678,0.0,443.42153555854424,0.0,-0.0,4455088000.0,-0.8686133695261907,-0.4954904784961634,0.0
149599931.695546,85551971.72273888,0.0,-4.441590911243915e-05,29.77998819677296,0.0,443.4215355585443,0.0,-0.0,4455088000.000002,-0.8683454181160157,-0.4959599125301579,0.0
149599931.53557324,85659179.68020408,0.0,-4.445783203929438e-05,29.7799881727834,0.0,443.42153555854424,0.0,-0.0,4455088000.000001,-0.8680773785822503,-0.4964289121251588,0.0
149599931.37544966,85766387.63758291,0.0,-4.449971611914445e-05,29.77998814878606,0.0,443.4215355585443,0.0,-0.0,4455088000.000001,-0.8678092514755487,-0.49689747740700785,0.0
149599931.21517536,85873595.59487534,0.0,-4.454156136343991e-05,29.77998812478098,0.0,443.4215355585443,0.0,-0.0,4455088000.000002,-0.8675410373456809,-0.4973656085026183,0.0
149599931.05475047,85980803.55208133,0.0,-4.4583367783726525e-05,29.779988100768215,0.0,443.4215355585443,0.0,-0.0,4455088000.000002,-0.8672727367415316,-0.4978333055399711,0.0
149599930.89417514,86088011.50920086,0.0,-4.462513539164492e-05,29.77998807674781,0.0,443.42153555854435,0.0,-0.0,4455088000.000001,-0.8670043502110986,-0.49830056864811123,0.0
149599930.73344952,86195219.4662339,0.0,-4.466686419893025e-05,29.779988052719812,0.0,443.4215355585443,0.0,-0.0,4455088000.000001,-0.8667358783014929,-0.4987673979571436,0.0
149599930.57257375,86302427.42318043,0.0,-4.470855421741187e-05,29.779988028684276,0.0,443.4215355585443,0.0,-0.0,4455088000.000001,-0.8664673215589377,-0.49923379359823034,0.0
149599930.41154796,86409635.38004042,0.0,-4.475020545901302e-05,29.779988004641247,0.0,443.42153555854435,0.0,-0.0,4455088000.000001,-0.8661986805287667,-0.49969975570358605,0.0
149599930.2503723,86516843.33681384,0.0,-4.4791817935750474e-05,29.77998798059077,0.0,443.4215355585443,0.0,-0.0,4455088000.0,-0.8659299557554238,-0.5001652844064747,0.0
149599930.0890469,86624051.29350066,0.0,-4.483339165973422e-05,29.779987956532903,0.0,443.42153555854424,0.0,-0.0,4455087999.999999,-0.8656611477824623,-0.5006303798412056,0.0
149599929.92757192,86731259.25010087,0.0,-4.487492664316714e-05,29.779987932467687,0.0,443.4215355585443,0.0,-0.0,4455088000.0,-0.865392257152544,-0.5010950421431302,0.0
149599929.7659475,86838467.20661442,0.0,-4.491642289834464e-05,29.779987908395174,0.0,443.42153555854435,0.0,-0.0,4455088000.000001,-0.8651232844074375,-0.5015592714486375,0.0
149599929.60417372,86945675.1630413,0.0,-4.4957880437654386e-05,29.77998788431541,0.0,443.4215355585444,0.0,-0.0,4455088000.0,-0.8648542300880189,-0.5020230678951517,0.0
149599929.4422508,87052883.11938147,0.0,-4.499929927357591e-05,29.779987860228445,0.0,443.42153555854446,0.0,-0.0,4455088000.0,-0.8645850947342697,-0.5024864316211273,0.0
149599929.28017882,87160091.07563493,0.0,-4.504067941868032e-05,29.779987836134325,0.0,443.4215355585444,0.0,-0.0,4455088000.000001,-0.8643158788852767,-0.502949362766046,0.0
149599929.11795795,87267299.03180163,0.0,-4.508202088562997e-05,29.7799878120331,0.0,443.4215355585444,0.0,-0.0,4455088000.000001,-0.8640465830792308,-0.5034118614704127,0.0
149599928.9555883,87374506.98788156,0.0,-4.51233236871781e-05,29.779987787924814,0.0,443.4215355585444,0.0,-0.0,4455088000.0,-0.8637772078534262,-0.5038739278757525,0.0
149599928.79307005,87481714.94387469,0.0,-4.516458783616855e-05,29.77998776380952,0.0,443.42153555854435,0.0,-0.0,4455088000.0,-0.86350775374426,-0.5043355621246061,0.0
149599928.6304033,87588922.89978099,0.0,-4.520581334553541e-05,29.779987739687265,0.0,443.4215355585444,0.0,-0.0,4455088000.0,-0.863238221287231,-0.5047967643605268,0.0
149599928.46758825,87696130.85560043,0.0,-4.524700022830269e-05,29.779987715558093,0.0,443.4215355585444,0.0,-0.0,4455088000.0,-0.8629686110169397,-0.5052575347280769,0.0
149599928.30462497,87803338.811333,0.0,-4.5288148497584e-05,29.779987691422058,0.0,443.4215355585444,0.0,-0.0,4455088000.0,-0.8626989234670861,-0.5057178733728233,0.0
149599928.14151365,87910546.76697867,0.0,-4.532925816658222e-05,29.7799876672792,0.0,443.4215355585444,0.0,-0.0,4455088000.000001,-0.8624291591704701,-0.5061777804413344,0.0
149599927.97825438,88017754.7225374,0.0,-4.537032924858919e-05,29.779987643129573,0.0,443.42153555854435,0.0,-0.0,4455088000.000001,-0.8621593186589912,-0.5066372560811769,0.0
149599927.81484732,88124962.67800918,0.0,-4.5411361756985346e-05,29.779987618973223,0.0,443.4215355585444,0.0,-0.0,4455088000.000002,-0.8618894024636463,-0.507096300440911,0.0
149599927.65129262,88232170.63339399,0.0,-4.545235570523943e-05,29.779987594810194,0.0,443.4215355585444,0.0,-0.0,4455088000.000001,-0.8616194111145301,-0.5075549136700879,0.0
149599927.4875904,88339378.5886918,0.0,-4.549331110690816e-05,29.779987570640536,0.0,443.4215355585444,0.0,-0.0,4455088000.000001,-0.8613493451408342,-0.5080130959192452,0.0
149599927.3237408,88446586.54390259,0.0,-4.5534227975635875e-05,29.779987546464294,0.0,443.42153555854435,0.0,-0.0,4455088000.0,-0.861079205070846,-0.5084708473399038,0.0
149599927.159744,88553794.49902633,0.0,-4.557510632515425e-05,29.77998752228152,0.0,443.4215355585443,0.0,-0.0,4455088000.0,-0.8608089914319491,-0.5089281680845644,0.0
149599926.99560007,88661002.454063,0.0,-4.5615946169281944e-05,29.779987498092257,0.0,443.42153555854435,0.0,-0.0,4455088000.0,-0.860538704750621,-0.5093850583067033,0.0
149599926.83130923,88768210.40901259,0.0,-4.565674752192428e-05,29.779987473896554,0.0,443.4215355585444,0.0,-0.0,4455088000.0,-0.8602683455524337,-0.5098415181607695,0.0
149599926.66687155,88875418.36387505,0.0,-4.569751039707295e-05,29.779987449694456,0.0,443.42153555854446,0.0,-0.0,4455088000.000001,-0.8599979143620532,-0.5102975478021805,0.0
149599926.5022872,88982626.31865038,0.0,-4.573823480880563e-05,29.77998742548601,0.0,443.4215355585444,0.0,-0.0,4455088000.000001,-0.8597274117032375,-0.5107531473873186,0.0
149599926.33755633,89089834.27333854,0.0,-4.577892077128572e-05,29.779987401271264,0.0,443.4215355585444,0.0,-0.0,4455088000.000001,-0.8594568380988377,-0.5112083170735277,0.0
149599926.17267904,89197042.22793952,0.0,-4.5819568298761995e-05,29.77998737705026,0.0,443.42153555854446,0.0,-0.0,4455088000.000002,-0.8591861940707959,-0.5116630570191095,0.0
149599926.00765547,89304250.18245329,0.0,-4.5860177405568275e-05,29.779987352823053,0.0,443.4215355585444,0.0,-0.0,4455088000.000001,-0.8589154801401457,-0.5121173673833208,0.0
149599925.8424858,89411458.13687983,0.0,-4.59007481061231e-05,29.779987328589684,0.0,443.4215355585444,0.0,-0.0,4455088000.0,-0.858644696827011,-0.5125712483263672,0.0
149599925.67717013,89518666.09121913,0.0,-4.594128041492944e-05,29.779987304350197,0.0,443.4215355585444,0.0,-0.0,4455088000.000001,-0.8583738446506056,-0.513024700009403,0.0
149599925.51170862,89625874.04547115,0.0,-4.5981774346574335e-05,29.779987280104642,0.0,443.4215355585444,0.0,-0.0,4455088000.000001,-0.8581029241292328,-0.5134777225945252,0.0
149599925.3461014,89733081.99963588,0.0,-4.60222299157286e-05,29.779987255853065,0.0,443.42153555854435,0.0,-0.0,4455088000.000001,-0.8578319357802847,-0.5139303162447703,0.0
149599925.1803486,89840289.95371328,0.0,-4.606264713714648e-05,29.779987231595513,0.0,443.42153555854435,0.0,-0.0,4455088000.000001,-0.8575608801202413,-0.5143824811241117,0.0
149599925.01445037,89947497.90770335,0.0,-4.610302602566537e-05,29.77998720733203,0.0,443.42153555854435,0.0,-0.0,4455088000.0,-0.8572897576646709,-0.5148342173974552,0.0
149599924.84840685,90054705.86160606,0.0,-4.614336659620544e-05,29.779987183062666,0.0,443.4215355585444,0.0,-0.0,4455088000.0,-0.8570185689282281,-0.5152855252306354,0.0
149599924.68221816,90161913.81542139,0.0,-4.6183668863769365e-05,29.77998715878746,0.0,443.42153555854435,0.0,-0.0,4455088000.0,-0.8567473144246556,-0.5157364047904127,0.0
149599924.51588446,90269121.76914932,0.0,-4.622393284344197e-05,29.779987134506463,0.0,443.4215355585444,0.0,-0.0,4455088000.0,-0.8564759946667807,-0.5161868562444694,0.0
149599924.34940588,90376329.72278982,0.0,-4.626415855038994e-05,29.779987110219718,0.0,443.4215355585444,0.0,-0.0,4455088000.0,-0.8562046101665177,-0.516636879761406,0.0
149599924.18278256,90483537.67634289,0.0,-4.630434599986148e-05,29.77998708592727,0.0,443.42153555854435,0.0,-0.0,4455087999.999999,-0.8559331614348653,-0.5170864755107377,0.0
149599924.01601464,90590745.62980849,0.0,-4.6344495207186e-05,29.779987061629168,0.0,443.4215355585443,0.0,-0.0,4455087999.999999,-0.8556616489819073,-0.5175356436628914,0.0
149599923.84910223,90697953.58318661,0.0,-4.6384606187773814e-05,29.779987037325455,0.0,443.42153555854424,0.0,-0.0,4455087999.999999,-0.8553900733168119,-0.5179843843892006,0.0
149599923.6820455,90805161.53647722,0.0,-4.6424678957115785e-05,29.77998701301618,0.0,443.4215355585443,0.0,-0.0,4455087999.999999,-0.8551184349478307,-0.5184326978619045,0.0
149599923.51484457,90912369.48968032,0.0,-4.646471353078306e-05,29.77998698870138,0.0,443.42153555854424,0.0,-0.0,4455087999.999998,-0.8548467343822991,-0.5188805842541413,0.0
149599923.34749958,91019577.44279587,0.0,-4.65047099244267e-05,29.779986964381113,0.0,443.4215355585443,0.0,-0.0,4455087999.999998,-0.8545749721266355,-0.519328043739947,0.0
149599923.18001068,91126785.39582387,0.0,-4.654466815377741e-05,29.779986940055412,0.0,443.4215355585443,0.0,-0.0,4455087999.999997,-0.8543031486863403,-0.5197750764942513,0.0
149599923.012378,91233993.34876427,0.0,-4.658458823464519e-05,29.77998691572433,0.0,443.4215355585443,0.0,-0.0,4455087999.999997,-0.854031264565997,-0.5202216826928729,0.0
149599922.8446017,91341201.30161707,0.0,-4.662447018291904e-05,29.779986891387907,0.0,443.42153555854424,0.0,-0.0,4455087999.999997,-0.8537593202692699,-0.5206678625125177,0.0
149599922.67668188,91448409.25438225,0.0,-4.666431401456663e-05,29.77998686704619,0.0,443.42153555854424,0.0,-0.0,4455087999.999998,-0.8534873162989055,-0.5211136161307746,0.0
149599922.50861868,91555617.2070598,0.0,-4.670411974563398e-05,29.779986842699223,0.0,443.42153555854424,0.0,-0.0,4455087999.999997,-0.8532152531567304,-0.5215589437261108,0.0
149599922.34041226,91662825.15964969,0.0,-4.6743887392245185e-05,29.77998681834705,0.0,443.4215355585441,0.0,-0.0,4455087999.999996,-0.8529431313436527,-0.5220038454778705,0.0
149599922.17206275,91770033.11215189,0.0,-4.678361697060205e-05,29.77998679398972,0.0,443.4215355585442,0.0,-0.0,4455087999.999998,-0.85267095135966,-0.5224483215662696,0.0
149599922.0035703,91877241.0645664,0.0,-4.682330849698381e-05,29.779986769627275,0.0,443.4215355585442,0.0,-0.0,4455087999.999997,-0.8523987137038204,-0.5228923721723931,0.0
149599921.83493498,91984449.01689321,0.0,-4.6862961987746806e-05,29.77998674525976,0.0,443.4215355585441,0.0,-0.0,4455087999.999997,-0.8521264188742813,-0.5233359974781909,0.0
149599921.666157,92091656.96913227,0.0,-4.6902577459324166e-05,29.779986720887216,0.0,443.4215355585441,0.0,-0.0,4455087999.999997,-0.851854067368269,-0.5237791976664753,0.0
149599921.4972365,92198864.92128359,0.0,-4.69421549282255e-05,29.77998669650969,0.0,443.42153555854424,0.0,-0.0,4455087999.999998,-0.8515816596820895,-0.5242219729209161,0.0
149599921.32817355,92306072.87334713,0.0,-4.6981694411036597e-05,29.77998667212723,0.0,443.4215355585442,0.0,-0.0,4455087999.999999,-0.851309196311127,-0.5246643234260387,0.0
149599921.15896833,92413280.8253229,0.0,-4.702119592441909e-05,29.77998664773987,0.0,443.4215355585442,0.0,-0.0,4455087999.999998,-0.8510366777498438,-0.5251062493672196,0.0
149599920.98962098,92520488.77721086,0.0,-4.706065948511017e-05,29.779986623347664,0.0,443.4215355585442,0.0,-0.0,4455087999.999998,-0.8507641044917804,-0.5255477509306827,0.0
149599920.82013163,92627696.729011,0.0,-4.7100085109922256e-05,29.779986598950654,0.0,443.4215355585442,0.0,-0.0,4455087999.999999,-0.8504914770295553,-0.5259888283034969,0.0
149599920.65050042,92734904.6807233,0.0,-4.713947281574269e-05,29.77998657454888,0.0,443.4215355585442,0.0,-0.0,4455087999.999998,-0.8502187958548639,-0.5264294816735717,0.0
149599920.48072746,92842112.63234775,0.0,-4.717882261953344e-05,29.779986550142386,0.0,443.4215355585442,0.0,-0.0,4455087999.999998,-0.8499460614584794,-0.5268697112296536,0.0
149599920.31081292,92949320.58388433,0.0,-4.7218134538330774e-05,29.77998652573122,0.0,443.42153555854424,0.0,-0.0,4455087999.999997,-0.8496732743302514,-0.5273095171613243,0.0
149599920.14075693,93056528.53533301,0.0,-4.7257408589244956e-05,29.779986501315424,0.0,443.4215355585442,0.0,-0.0,4455087999.999997,-0.8494004349591071,-0.5277488996589947,0.0
149599919.97055963,93163736.48669378,0.0,-4.729664478945994e-05,29.77998647689504,0.0,443.4215355585442,0.0,-0.0,4455087999.999997,-0.8491275438330489,-0.5281878589139034,0.0
149599919.80022115,93270944.43796664,0.0,-4.7335843156233065e-05,29.779986452470112,0.0,443.4215355585441,0.0,-0.0,4455087999.999998,-0.8488546014391565,-0.5286263951181125,0.0
149599919.6297416,93378152.38915156,0.0,-4.7375003706894735e-05,29.779986428040687,0.0,443.42153555854424,0.0,-0.0,4455087999.999998,-0.8485816082635852,-0.529064508464504,0.0
149599919.45912117,93485360.34024853,0.0,-4.7414126458848124e-05,29.779986403606802,0.0,443.42153555854424,0.0,-0.0,4455087999.999998,-0.848308564791566,-0.5295021991467772,0.0
149599919.28835994,93592568.29125752,0.0,-4.745321142956887e-05,29.779986379168506,0.0,443.4215355585443,0.0,-0.0,4455087999.999998,-0.8480354715074061,-0.5299394673594441,0.0
149599919.11745808,93699776.24217853,0.0,-4.7492258636604746e-05,29.77998635472584,0.0,443.4215355585443,0.0,-0.0,4455087999.999998,-0.8477623288944875,-0.5303763132978271,0.0
149599918.94641572,93806984.19301154,0.0,-4.7531268097575386e-05,29.779986330278845,0.0,443.4215355585443,0.0,-0.0,4455087999.999999,-0.8474891374352678,-0.5308127371580544,0.0
149599918.775233,93914192.14375652,0.0,-4.7570239830171964e-05,29.779986305827567,0.0,443.42153555854435,0.0,-0.0,4455087999.999999,-0.8472158976112796,-0.5312487391370577,0.0
149599918.60391006,94021400.09441349,0.0,-4.760917385215689e-05,29.779986281372047,0.0,443.4215355585444,0.0,-0.0,4455088000.0,-0.8469426099031307,-0.5316843194325682,0.0
149599918.43244702,94128608.0449824,0.0,-4.7648070181363496e-05,29.779986256912327,0.0,443.42153555854435,0.0,-0.0,4455087999.999999,-0.8466692747905034,-0.5321194782431132,0.0
149599918.260844,94235815.99546325,0.0,-4.768692883569575e-05,29.77998623244845,0.0,443.42153555854435,0.0,-0.0,4455087999.999999,-0.8463958927521545,-0.532554215768013,0.0
149599918.08910117,94343023.94585602,0.0,-4.772574983312795e-05,29.779986207980464,0.0,443.42153555854435,0.0,-0.0,4455087999.999999,-0.846122464265916,-0.5329885322073767,0.0
149599917.91721866,94450231.8961607,0.0,-4.7764533191704396e-05,29.779986183508406,0.0,443.42153555854435,0.0,-0.0,4455088000.0,-0.8458489898086934,-0.5334224277621002,0.0
149599917.74519658,94557439.84637728,0.0,-4.7803278929539116e-05,29.77998615903232,0.0,443.4215355585443,0.0,-0.0,4455088000.0,-0.845575469856467,-0.5338559026338615,0.0
149599917.5730351,94664647.79650573,0.0,-4.7841987064815556e-05,29.779986134552246,0.0,443.4215355585443,0.0,-0.0,4455088000.0,-0.8453019048842915,-0.534288957025118,0.0
149599917.4007343,94771855.74654604,0.0,-4.7880657615786264e-05,29.77998611006823,0.0,443.4215355585443,0.0,-0.0,4455087999.999998,-0.845028295366295,-0.5347215911391028,0.0
149599917.22829437,94879063.69649822,0.0,-4.791929060077262e-05,29.779986085580312,0.0,443.42153555854424,0.0,-0.0,4455087999.999998,-0.8447546417756802,-0.5351538051798214,0.0
149599917.05571544,94986271.64636222,0.0,-4.795788603816449e-05,29.779986061088536,0.0,443.42153555854424,0.0,-0.0,4455087999.999998,-0.8444809445847233,-0.5355855993520489,0.0
149599916.88299763,95093479.59613805,0.0,-4.7996443946419976e-05,29.779986036592945,0.0,443.4215355585442,0.0,-0.0,4455087999.999997,-0.8442072042647747,-0.5360169738613255,0.0
149599916.7101411,95200687.54582568,0.0,-4.803496434406507e-05,29.779986012093577,0.0,443.4215355585442,0.0,-0.0,4455087999.999998,-0.8439334212862583,-0.5364479289139542,0.0
149599916.53714594,95307895.4954251,0.0,-4.807344724969339e-05,29.77998598759048,0.0,443.4215355585442,0.0,-0.0,4455087999.999997,-0.8436595961186718,-0.5368784647169969,0.0
149599916.36401233,95415103.44493632,0.0,-4.811189268196585e-05,29.77998596308369,0.0,443.42153555854424,0.0,-0.0,4455087999.999998,-0.8433857292305865,-0.537308581478271,0.0
149599916.19074038,95522311.3943593,0.0,-4.81503006596104e-05,29.77998593857325,0.0,443.42153555854424,0.0,-0.0,4455087999.999999,-0.8431118210896474,-0.5377382794063468,0.0
149599916.01733023,95629519.34369405,0.0,-4.8188671201421686e-05,29.779985914059203,0.0,443.4215355585442,0.0,-0.0,4455087999.999999,-0.8428378721625736,-0.5381675587105427,0.0
149599915.843782,95736727.29294053,0.0,-4.822700432626078e-05,29.779985889541592,0.0,443.42153555854424,0.0,-0.0,4455087999.999999,-0.8425638829151565,-0.5385964196009237,0.0
149599915.67009586,95843935.24209873,0.0,-4.826530005305488e-05,29.779985865020457,0.0,443.4215355585443,0.0,-0.0,4455088000.0,-0.8422898538122628,-0.5390248622882965,0.0
149599915.4962719,95951143.19116867,0.0,-4.830355840079699e-05,29.779985840495836,0.0,443.42153555854424,0.0,-0.0,4455088000.0,-0.8420157853178314,-0.5394528869842071,0.0
149599915.3223103,96058351.14015031,0.0,-4.834177938854567e-05,29.779985815967773,0.0,443.4215355585443,0.0,-0.0,4455088000.0,-0.8417416778948753,-0.5398804939009373,0.0
149599915.14821115,96165559.08904363,0.0,-4.837996303542469e-05,29.77998579143631,0.0,443.4215355585442,0.0,-0.0,4455087999.999999,-0.8414675320054813,-0.5403076832515009,0.0
149599914.97397462,96272767.03784864,0.0,-4.8418109360622774e-05,29.77998576690149,0.0,443.42153555854424,0.0,-0.0,4455088000.0,-0.8411933481108096,-0.5407344552496413,0.0
149599914.7996008,96379974.9865653,0.0,-4.845621838339327e-05,29.77998574236335,0.0,443.42153555854424,0.0,-0.0,4455088000.0,-0.8409191266710941,-0.5411608101098272,0.0
149599914.62508988,96487182.93519364,0.0,-4.8494290123053884e-05,29.779985717821933,0.0,443.42153555854424,0.0,-0.0,4455087999.999999,-0.8406448681456422,-0.5415867480472503,0.0
149599914.45044196,96594390.88373362,0.0,-4.8532324598986384e-05,29.779985693277283,0.0,443.42153555854424,0.0,-0.0,4455087999.999999,-0.8403705729928357,-0.5420122692778209,0.0
149599914.27565718,96701598.83218522,0.0,-4.857032183063629e-05,29.779985668729434,0.0,443.42153555854424,0.0,-0.0,4455088000.0,-0.8400962416701293,-0.542437374018166,0.0
149599914.10073566,96808806.78054845,0.0,-4.860828183751259e-05,29.77998564417843,0.0,443.4215355585442,0.0,-0.0,4455087999.999999,-0.8398218746340523,-0.5428620624856246,0.0
149599913.92567757,96916014.7288233,0.0,-4.864620463918746e-05,29.779985619624316,0.0,443.4215355585443,0.0,-0.0,4455087999.999998,-0.8395474723402077,-0.5432863348982453,0.0
149599913.75048304,97023222.67700975,0.0,-4.868409025529596e-05,29.779985595067128,0.0,443.42153555854424,0.0,-0.0,4455087999.999999,-0.8392730352432722,-0.5437101914747831,0.0
149599913.57515216,97130430.62510778,0.0,-4.872193870553572e-05,29.779985570506906,0.0,443.42153555854424,0.0,-0.0,4455087999.999998,-0.8389985637969972,-0.5441336324346951,0.0
149599913.3996851,97237638.57311739,0.0,-4.8759750009666716e-05,29.779985545943692,0.0,443.4215355585443,0.0,-0.0,4455087999.999999,-0.838724058454208,-0.544556657998139,0.0
149599913.22408202,97344846.52103856,0.0,-4.8797524187510896e-05,29.779985521377526,0.0,443.4215355585443,0.0,-0.0,4455088000.0,-0.8384495196668043,-0.5449792683859682,0.0
149599913.048343,97452054.4688713,0.0,-4.8835261258951955e-05,29.779985496808447,0.0,443.4215355585443,0.0,-0.0,4455088000.0,-0.8381749478857601,-0.5454014638197292,0.0
149599912.8724682,97559262.41661558,0.0,-4.887296124393501e-05,29.779985472236497,0.0,443.42153555854424,0.0,-0.0,4455088000.0,-0.8379003435611239,-0.5458232445216588,0.0
149599912.69645774,97666470.36427139,0.0,-4.891062416246634e-05,29.779985447661716,0.0,443.42153555854424,0.0,-0.0,4455088000.0,-0.8376257071420192,-0.54624461071468,0.0
149599912.52031177,97773678.31183873,0.0,-4.8948250034613056e-05,29.779985423084142,0.0,443.42153555854424,0.0,-0.0,4455088000.0,-0.8373510390766441,-0.5466655626223994,0.0
149599912.3440304,97880886.25931759,0.0,-4.898583888050287e-05,29.77998539850382,0.0,443.4215355585442,0.0,-0.0,4455088000.0,-0.8370763398122716,-0.5470861004691039,0.0
149599912.16761377,97988094.20670795,0.0,-4.902339072032375e-05,29.779985373920784,0.0,443.42153555854424,0.0,-0.0,4455088000.000001,-0.8368016097952499,-0.5475062244797573,0.0
149599911.99106202,98095302.15400982,0.0,-4.906090557432368e-05,29.779985349335078,0.0,443.4215355585443,0.0,-0.0,4455088000.000001,-0.8365268494710025,-0.547925934879997,0.0
149599911.81437528,98202510.10122317,0.0,-4.9098383462810336e-05,29.77998532474674,0.0,443.4215355585443,0.0,-0.0,4455088000.000001,-0.8362520592840285,-0.5483452318961312,0.0
149599911.6375537,98309718.048348,0.0,-4.913582440615083e-05,29.779985300155808,0.0,443.42153555854435,0.0,-0.0,4455088000.0,-0.8359772396779022,-0.5487641157551352,0.0
149599911.4605974,98416925.99538429,0.0,-4.917322842477142e-05,29.77998527556232,0.0,443.4215355585443,0.0,-0.0,4455088000.0,-0.8357023910952739,-0.5491825866846488,0.0
149599911.2835065,98524133.94233204,0.0,-4.92105955391572e-05,29.779985250966323,0.0,443.4215355585443,0.0,-0.0,4455088000.0,-0.8354275139778703,-0.5496006449129727,0.0
149599911.10628116,98631341.88919124,0.0,-4.924792576985185e-05,29.77998522636785,0.0,443.4215355585443,0.0,-0.0,4455088000.0,-0.8351526087664934,-0.5500182906690652,0.0
149599910.9289215,98738549.83596188,0.0,-4.928521913745733e-05,29.77998520176694,0.0,443.4215355585443,0.0,-0.0,4455088000.0,-0.8348776759010228,-0.5504355241825395,0.0
149599910.75142762,98845757.78264396,0.0,-4.932247566263361e-05,29.77998517716364,0.0,443.4215355585443,0.0,-0.0,4455088000.000001,-0.8346027158204133,-0.55085234568366,0.0
149599910.5737997,98952965.72923745,0.0,-4.9359695366098374e-05,29.779985152557977,0.0,443.4215355585443,0.0,-0.0,4455088000.0,-0.8343277289626977,-0.5512687554033399,0.0
149599910.39603785,99060173.67574237,0.0,-4.9396878268626756e-05,29.77998512795,0.0,443.4215355585443,0.0,-0.0,4455087999.999999,-0.8340527157649853,-0.5516847535731368,0.0
149599910.2181422,99167381.62215869,0.0,-4.943402439105104e-05,29.779985103339744,0.0,443.4215355585443,0.0,-0.0,4455088000.0,-0.8337776766634626,-0.5521003404252512,0.0
149599910.0401129,99274589.5684864,0.0,-4.94711337542604e-05,29.779985078727247,0.0,443.4215355585443,0.0,-0.0,4455088000.0,-0.8335026120933943,-0.5525155161925217,0.0
149599909.8619501,99381797.51472552,0.0,-4.9508206379200595e-05,29.77998505411255,0.0,443.42153555854435,0.0,-0.0,4455088000.0,-0.8332275224891221,-0.5529302811084228,0.0
149599909.6836539,99489005.46087602,0.0,-4.9545242286873704e-05,29.77998502949569,0.0,443.4215355585444,0.0,-0.0,4455088000.000001,-0.8329524082840665,-0.5533446354070616,0.0
149599909.5052244,99596213.40693788,0.0,-4.958224149833785e-05,29.779985004876707,0.0,443.42153555854435,0.0,-0.0,4455088000.000001,-0.8326772699107253,-0.5537585793231752,0.0
149599909.3266618,99703421.35291111,0.0,-4.961920403470691e-05,29.779984980255637,0.0,443.42153555854435,0.0,-0.0,4455088000.0,-0.8324021078006758,-0.5541721130921259,0.0
149599909.14796618,99810629.29879571,0.0,-4.9656129917150246e-05,29.77998495563252,0.0,443.42153555854435,0.0,-0.0,4455088000.0,-0.8321269223845741,-0.5545852369499004,0.0
149599908.9691377,99917837.24459167,0.0,-4.9693019166892425e-05,29.779984931007398,0.0,443.42153555854435,0.0,-0.0,4455088000.000001,-0.8318517140921546,-0.5549979511331049,0.0
149599908.79017648,100025045.19029896,0.0,-4.9729871805212946e-05,29.779984906380303,0.0,443.4215355585443,0.0,-0.0,4455088000.0,-0.8315764833522322,-0.5554102558789624,0.0
149599908.61108267,100132253.1359176,0.0,-4.976668785344594e-05,29.779984881751275,0.0,443.42153555854424,0.0,-0.0,4455088000.0,-0.8313012305927011,-0.5558221514253103,0.0
149599908.4318564,100239461.08144757,0.0,-4.980346733297993e-05,29.779984857120354,0.0,443.42153555854424,0.0,-0.0,4455088000.0,-0.8310259562405357,-0.5562336380105967,0.0
149599908.25249776,100346669.02688886,0.0,-4.9840210265257534e-05,29.779984832487578,0.0,443.4215355585442,0.0,-0.0,4455088000.0,-0.8307506607217902,-0.556644715873877,0.0
149599908.07300693,100453876.97224148,0.0,-4.987691667177519e-05,29.779984807852983,0.0,443.4215355585441,0.0,-0.0,4455088000.0,-0.8304753444615999,-0.557055385254812,0.0
149599907.893384,100561084.9175054,0.0,-4.9913586574082886e-05,29.77998478321661,0.0,443.4215355585441,0.0,-0.0,4455088000.0,-0.8302000078841814,-0.5574656463936636,0.0
149599907.71362916,100668292.86268063,0.0,-4.995021999378389e-05,29.779984758578493,0.0,443.4215355585441,0.0,-0.0,4455088000.0,-0.8299246514128323,-0.5578754995312921,0.0
149599907.5337425,100775500.80776717,0.0,-4.998681695253447e-05,29.779984733938672,0.0,443.4215355585441,0.0,-0.0,4455088000.0,-0.8296492754699322,-0.5582849449091536,0.0
149599907.35372412,100882708.752765,0.0,-5.002337747204362e-05,29.779984709297185,0.0,443.42153555854406,0.0,-0.0,4455088000.0,-0.829373880476942,-0.5586939827692965,0.0
149599907.1735742,100989916.69767411,0.0,-5.005990157407279e-05,29.77998468465407,0.0,443.4215355585441,0.0,-0.0,4455088000.000001,-0.8290984668544061,-0.5591026133543583,0.0
149599906.99329287,101097124.6424945,0.0,-5.009638928043563e-05,29.77998466000936,0.0,443.42153555854406,0.0,-0.0,4455088000.0,-0.8288230350219511,-0.5595108369075632,0.0
149599906.81288025,101204332.58722617,0.0,-5.013284061299768e-05,29.7799846353631,0.0,443.42153555854406,0.0,-0.0,4455088000.0,-0.8285475853982863,-0.5599186536727182,0.0
149599906.63233647,101311540.53186911,0.0,-5.0169255593676154e-05,29.77998461071532,0.0,443.42153555854406,0.0,-0.0,4455088000.0,-0.8282721184012054,-0.560326063894211,0.0
149599906.45166165,101418748.47642332,0.0,-5.020563424443962e-05,29.77998458606606,0.0,443.421535558544,0.0,-0.0,4455087999.999999,-0.8279966344475854,-0.5607330678170065,0.0
149599906.27085593,101525956.4208888,0.0,-5.024197658730775e-05,29.779984561415358,0.0,443.42153555854406,0.0,-0.0,4455087999.999999,-0.8277211339533878,-0.5611396656866433,0.0
149599906.08991945,101633164.36526552,0.0,-5.027828264435106e-05,29.77998453676325,0.0,443.4215355585441,0.0,-0.0,4455087999.999999,-0.8274456173336587,-0.5615458577492317,0.0
149599905.90885234,101740372.30955349,0.0,-5.031455243769063e-05,29.779984512109774,0.0,443.42153555854406,0.0,-0.0,4455088000.0,-0.8271700850025295,-0.5619516442514498,0.0
149599905.72765473,101847580.25375271,0.0,-5.035078598949784e-05,29.779984487454964,0.0,443.421535558544,0.0,-0.0,4455087999.999999,-0.8268945373732168,-0.5623570254405414,0.0
149599905.54632673,101954788.19786316,0.0,-5.0386983321994104e-05,29.77998446279886,0.0,443.421535558544,0.0,-0.0,4455088000.0,-0.8266189748580234,-0.5627620015643118,0.0
149599905.3648685,102061996.14188485,0.0,-5.042314445745059e-05,29.7799844381415,0.0,443.42153555854406,0.0,-0.0,4455087999.999999,-0.8263433978683382,-0.5631665728711261,0.0
149599905.18328014,102169204.08581777,0.0,-5.0459269418187974e-05,29.779984413482918,0.0,443.42153555854406,0.0,-0.0,4455088000.0,-0.826067806814637,-0.5635707396099052,0.0
149599905.0015618,102276412.02966192,0.0,-5.049535822657617e-05,29.77998438882315,0.0,443.42153555854406,0.0,-0.0,4455087999.999999,-0.8257922021064829,-0.5639745020301236,0.0
149599904.8197136,102383619.9734173,0.0,-5.0531410905034066e-05,29.77998436416223,0.0,443.421535558544,0.0,-0.0,4455088000.0,-0.8255165841525263,-0.5643778603818058,0.0
149599904.63773566,102490827.91708389,0.0,-5.056742747602924e-05,29.779984339500203,0.0,443.42153555854406,0.0,-0.0,4455088000.0,-0.825240953360506,-0.5647808149155239,0.0
149599904.45562816,102598035.8606617,0.0,-5.0603407962077704e-05,29.779984314837098,0.0,443.42153555854406,0.0,-0.0,4455087999.999999,-0.8249653101372495,-0.5651833658823938,0.0
149599904.2733912,102705243.80415072,0.0,-5.0639352385743667e-05,29.77998429017295,0.0,443.42153555854395,0.0,-0.0,4455087999.999999,-0.8246896548886729,-0.5655855135340735,0.0
149599904.09102488,102812451.74755093,0.0,-5.0675260769639245e-05,29.779984265507803,0.0,443.421535558544,0.0,-0.0,4455088000.0,-0.824413988019782,-0.5659872581227591,0.0
149599903.90852934,102919659.69086236,0.0,-5.0711133136424204e-05,29.77998424084169,0.0,443.421535558544,0.0,-0.0,4455087999.999999,-0.8241383099346727,-0.5663885999011822,0.0
149599903.72590473,103026867.63408498,0.0,-5.07469695088057e-05,29.77998421617464,0.0,443.421535558544,0.0,-0.0,4455087999.999999,-0.8238626210365309,-0.5667895391226072,0.0
149599903.5431512,103134075.57721882,0.0,-5.078276990953802e-05,29.779984191506696,0.0,443.42153555854395,0.0,-0.0,4455087999.999999,-0.8235869217276339,-0.5671900760408279,0.0
149599903.36026883,103241283.52026384,0.0,-5.0818534361422326e-05,29.77998416683789,0.0,443.4215355585439,0.0,-0.0,4455087999.999998,-0.8233112124093501,-0.5675902109101653,0.0
149599903.17725778,103348491.46322004,0.0,-5.085426288730638e-05,29.779984142168264,0.0,443.4215355585439,0.0,-0.0,4455087999.999998,-0.82303549348214,-0.5679899439854637,0.0
149599902.99411818,103455699.40608744,0.0,-5.0889955510084284e-05,29.77998411749785,0.0,443.4215355585439,0.0,-0.0,4455087999.999998,-0.8227597653455565,-0.5683892755220887,0.0
149599902.81085014,103562907.34886603,0.0,-5.092561225269626e-05,29.779984092826684,0.0,443.42153555854395,0.0,-0.0,4455087999.999998,-0.8224840283982452,-0.5687882057759237,0.0
149599902.6274538,103670115.29155579,0.0,-5.096123313812834e-05,29.7799840681548,0.0,443.421535558544,0.0,-0.0,4455087999.999998,-0.8222082830379452,-0.5691867350033679,0.0
149599902.4439293,103777323.23415674,0.0,-5.0996818189412134e-05,29.779984043482234,0.0,443.42153555854395,0.0,-0.0,4455087999.999999,-0.8219325296614901,-0.5695848634613316,0.0
149599902.26027676,103884531.17666887,0.0,-5.103236742962457e-05,29.77998401880902,0.0,443.421535558544,0.0,-0.0,4455087999.999999,-0.8216567686648072,-0.5699825914072354,0.0
149599902.0764963,103991739.11909217,0.0,-5.1067880881887646e-05,29.779983994135197,0.0,443.42153555854406,0.0,-0.0,4455087999.999999,-0.8213810004429194,-0.5703799190990064,0.0
149599901.89258805,104098947.06142664,0.0,-5.1103358569368155e-05,29.779983969460798,0.0,443.421535558544,0.0,-0.0,4455087999.999999,-0.8211052253899448,-0.5707768467950747,0.0
149599901.70855215,104206155.00367229,0.0,-5.113880051527745e-05,29.779983944785858,0.0,443.42153555854406,0.0,-0.0,4455087999.999999,-0.8208294438990977,-0.5711733747543718,0.0
149599901.52438873,104313362.9458291,0.0,-5.117420674287116e-05,29.77998392011041,0.0,443.42153555854406,0.0,-0.0,4455087999.999999,-0.8205536563626895,-0.5715695032363267,0.0
149599901.3400979,104420570.88789707,0.0,-5.1209577275448984e-05,29.779983895434494,0.0,443.42153555854406,0.0,-0.0,4455087999.999999,-0.8202778631721283,-0.571965232500864,0.0
149599901.15567982,104527778.82987621,0.0,-5.124491213635438e-05,29.77998387075814,0.0,443.42153555854406,0.0,-0.0,4455087999.999999,-0.8200020647179199,-0.5723605628083999,0.0
149599900.9711346,104634986.77176653,0.0,-5.1280211348974356e-05,29.779983846081386,0.0,443.4215355585442,0.0,-0.0,4455088000.0,-0.8197262613896693,-0.5727554944198403,0.0
149599900.78646237,104742194.713568,0.0,-5.1315474936739194e-05,29.779983821404265,0.0,443.4215355585442,0.0,-0.0,4455088000.0,-0.8194504535760793,-0.5731500275965778,0.0
149599900.60166323,104849402.65528063,0.0,-5.135070292312222e-05,29.77998379672681,0.0,443.42153555854406,0.0,-0.0,4455088000.0,-0.8191746416649528,-0.5735441626004889,0.0
149599900.41673735,104956610.59690443,0.0,-5.138589533163951e-05,29.77998377204906,0.0,443.4215355585441,0.0,-0.0,4455088000.000001,-0.8188988260431932,-0.5739378996939305,0.0
149599900.23168483,105063818.53843938,0.0,-5.14210521858497e-05,29.779983747371045,0.0,443.4215355585441,0.0,-0.0,4455088000.0,-0.8186230070968036,-0.5743312391397378,0.0
149599900.0465058,105171026.47988549,0.0,-5.145617350935368e-05,29.7799837226928,0.0,443.4215355585441,0.0,-0.0,4455087999.999999,-0.8183471852108892,-0.5747241812012216,0.0
149599899.86120042,105278234.42124276,0.0,-5.149125932579437e-05,29.779983698014362,0.0,443.42153555854406,0.0,-0.0,4455087999.999999,-0.8180713607696568,-0.5751167261421649,0.0
149599899.6757688,105385442.36251119,0.0,-5.152630965885649e-05,29.779983673335764,0.0,443.421535558544,0.0,-0.0,4455087999.999999,-0.8177955341564158,-0.5755088742268208,0.0
149599899.49021104,105492650.30369078,0.0,-5.156132453226626e-05,29.77998364865704,0.0,443.421535558544,0.0,-0.0,4455088000.0,-0.8175197057535784,-0.5759006257199089,0.0
149599899.3045273,105599858.24478152,0.0,-5.1596303969791204e-05,29.779983623978225,0.0,443.42153555854406,0.0,-0.0,4455088000.0,-0.8172438759426609,-0.5762919808866133,0.0
149599899.1187177,105707066.18578343,0.0,-5.163124799523987e-05,29.779983599299353,0.0,443.42153555854406,0.0,-0.0,4455088000.0,-0.8169680451042837,-0.5766829399925794,0.0
149599898.93278235,105814274.12669648,0.0,-5.16661566324616e-05,29.779983574620456,0.0,443.42153555854406,0.0,-0.0,4455088000.0,-0.8166922136181725,-0.5770735033039114,0.0
149599898.74672142,105921482.0675207,0.0,-5.170102990534628e-05,29.77998354994157,0.0,443.4215355585441,0.0,-0.0,4455088000.0,-0.8164163818631581,-0.5774636710871689,0.0
149599898.56053498,106028690.00825606,0.0,-5.173586783782407e-05,29.779983525262725,0.0,443.4215355585441,0.0,-0.0,4455088000.0,-0.8161405502171781,-0.5778534436093651,0.0
149599898.3742232,106135897.94890259,0.0,-5.177067045386521e-05,29.77998350058396,0.0,443.4215355585441,0.0,-0.0,4455088000.0,-0.8158647190572766,-0.5782428211379635,0.0
149599898.1877862,106243105.88946027,0.0,-5.1805437777479736e-05,29.779983475905304,0.0,443.4215355585441,0.0,-0.0,4455088000.0,-0.8155888887596057,-0.5786318039408752,0.0
149599898.0012241,106350313.8299291,0.0,-5.184016983271725e-05,29.77998345122679,0.0,443.4215355585441,0.0,-0.0,4455088000.0,-0.8153130596994251,-0.5790203922864561,0.0
149599897.81453702,106457521.77030909,0.0,-5.1874866643666666e-05,29.779983426548455,0.0,443.42153555854406,0.0,-0.0,4455087999.999999,-0.8150372322511039,-0.5794085864435045,0.0
149599897.6277251,106564729.71060024,0.0,-5.1909528234455974e-05,29.779983401870332,0.0,443.4215355585441,0.0,-0.0,4455088000.0,-0.8147614067881205,-0.5797963866812581,0.0
149599897.44078845,106671937.65080255,0.0,-5.194415462925201e-05,29.779983377192455,0.0,443.4215355585442,0.0,-0.0,4455088000.0,-0.8144855836830633,-0.5801837932693911,0.0
149599897.25372723,106779145.59091602,0.0,-5.19787458522602e-05,29.779983352514854,0.0,443.42153555854424,0.0,-0.0,4455088000.0,-0.8142097633076323,-0.5805708064780121,0.0
149599897.06654152,106886353.53094065,0.0,-5.2013301927724316e-05,29.779983327837563,0.0,443.42153555854424,0.0,-0.0,4455088000.000001,-0.8139339460326382,-0.5809574265776609,0.0
149599896.87923148,106993561.47087646,0.0,-5.2047822879926245e-05,29.779983303160616,0.0,443.42153555854424,0.0,-0.0,4455088000.0,-0.8136581322280046,-0.5813436538393061,0.0
149599896.69179723,107100769.41072342,0.0,-5.208230873318575e-05,29.779983278484046,0.0,443.4215355585443,0.0,-0.0,4455088000.0,-0.8133823222627676,-0.5817294885343421,0.0
149599896.5042389,107207977.35048154,0.0,-5.211675951186023e-05,29.779983253807885,0.0,443.4215355585443,0.0,-0.0,4455088000.000001,-0.8131065165050771,-0.5821149309345867,0.0
149599896.3165566,107315185.29015084,0.0,-5.2151175240344475e-05,29.779983229132164,0.0,443.42153555854424,0.0,-0.0,4455088000.0,-0.8128307153221977,-0.5824999813122781,0.0
149599896.12875047,107422393.22973129,0.0,-5.2185555943070425e-05,29.77998320445692,0.0,443.4215355585443,0.0,-0.0,4455088000.0,-0.8125549190805087,-0.5828846399400727,0.0
149599895.94082063,107529601.16922292,0.0,-5.221990164450694e-05,29.77998317978218,0.0,443.42153555854424,0.0,-0.0,4455088000.0,-0.8122791281455047,-0.5832689070910421,0.0
149599895.7527672,107636809.10862572,0.0,-5.225421236915958e-05,29.779983155107985,0.0,443.42153555854435,0.0,-0.0,4455088000.0,-0.8120033428817979,-0.5836527830386706,0.0
149599895.56459033,107744017.0479397,0.0,-5.228848814157033e-05,29.77998313043436,0.0,443.4215355585443,0.0,-0.0,4455088000.0,-0.8117275636531164,-0.5840362680568525,0.0
149599895.37629014,107851224.98716486,0.0,-5.2322728986317395e-05,29.77998310576134,0.0,443.4215355585443,0.0,-0.0,4455088000.0,-0.8114517908223076,-0.5844193624198892,0.0
149599895.18786675,107958432.92630118,0.0,-5.2356934928014955e-05,29.779983081088954,0.0,443.42153555854424,0.0,-0.0,4455088000.0,-0.8111760247513364,-0.5848020664024873,0.0
149599894.99932027,108065640.8653487,0.0,-5.239110599131293e-05,29.77998305641724,0.0,443.4215355585443,0.0,-0.0,4455088000.000001,-0.8109002658012877,-0.5851843802797551,0.0
149599894.81065083,108172848.80430739,0.0,-5.242524220089674e-05,29.779983031746227,0.0,443.42153555854424,0.0,-0.0,4455088000.0,-0.8106245143323663,-0.5855663043272002,0.0
149599894.62185857,108280056.74317726,0.0,-5.2459343581487094e-05,29.77998300707595,0.0,443.42153555854424,0.0,-0.0,4455088000.000001,-0.8103487707038978,-0.5859478388207279,0.0
149599894.4329436,108387264.68195833,0.0,-5.2493410157839726e-05,29.779982982406434,0.0,443.42153555854424,0.0,-0.0,4455088000.000001,-0.8100730352743296,-0.5863289840366368,0.0
149599894.24390608,108494472.62065059,0.0,-5.2527441954745194e-05,29.77998295773772,0.0,443.4215355585443,0.0,-0.0,4455088000.000001,-0.8097973084012318,-0.5867097402516175,0.0
149599894.0547461,108601680.55925404,0.0,-5.256143899702862e-05,29.77998293306983,0.0,443.42153555854424,0.0,-0.0,4455088000.000001,-0.8095215904412967,-0.5870901077427497,0.0
149599893.86546376,108708888.49776869,0.0,-5.259540130954948e-05,29.779982908402808,0.0,443.42153555854424,0.0,-0.0,4455088000.000002,-0.8092458817503415,-0.5874700867874997,0.0
149599893.67605925,108816096.43619454,0.0,-5.2629328917201364e-05,29.779982883736675,0.0,443.42153555854435,0.0,-0.0,4455088000.000002,-0.8089701826833073,-0.5878496776637174,0.0
149599893.48653266,108923304.3745316,0.0,-5.266322184491174e-05,29.779982859071467,0.0,443.42153555854435,0.0,-0.0,4455088000.000002,-0.808694493594261,-0.5882288806496342,0.0
149599893.2968841,109030512.31277986,0.0,-5.269708011764174e-05,29.779982834407214,0.0,443.42153555854435,0.0,-0.0,4455088000.000002,-0.808418814836396,-0.5886076960238601,0.0
149599893.10711372,109137720.25093932,0.0,-5.273090376038594e-05,29.77998280974395,0.0,443.42153555854435,0.0,-0.0,4455088000.000002,-0.808143146762032,-0.5889861240653814,0.0
149599892.91722164,109244928.18901001,0.0,-5.276469279817208e-05,29.779982785081703,0.0,443.4215355585443,0.0,-0.0,4455088000.000003,-0.807867489722617,-0.5893641650535578,0.0
149599892.72720796,109352136.12699191,0.0,-5.27984472560609e-05,29.779982760420506,0.0,443.4215355585443,0.0,-0.0,4455088000.000002,-0.8075918440687272,-0.5897418192681204,0.0
149599892.53707284,109459344.06488504,0.0,-5.283216715914588e-05,29.77998273576039,0.0,443.42153555854435,0.0,-0.0,4455088000.000001,-0.8073162101500688,-0.5901190869891686,0.0
149599892.3468164,109566552.00268939,0.0,-5.286585253255301e-05,29.77998271110139,0.0,443.42153555854435,0.0,-0.0,4455088000.000002,-0.8070405883154773,-0.5904959684971679,0.0
149599892.15643874,109673759.94040497,0.0,-5.289950340144059e-05,29.779982686443528,0.0,443.4215355585444,0.0,-0.0,4455088000.000002,-0.8067649789129197,-0.590872464072947,0.0
149599891.96594,109780967.87803178,0.0,-5.2933119790998975e-05,29.779982661786843,0.0,443.42153555854435,0.0,-0.0,4455088000.000002,-0.8064893822894948,-0.5912485739976961,0.0
149599891.77532032,109888175.81556983,0.0,-5.2966701726450365e-05,29.77998263713136,0.0,443.42153555854435,0.0,-0.0,4455088000.000001,-0.8062137987914335,-0.5916242985529633,0.0
149599891.5845798,109995383.75301912,0.0,-5.300024923304859e-05,29.779982612477117,0.0,443.4215355585443,0.0,-0.0,4455088000.000001,-0.8059382287641008,-0.5919996380206527,0.0
149599891.39371857,110102591.69037966,0.0,-5.3033762336078865e-05,29.77998258782414,0.0,443.42153555854435,0.0,-0.0,4455088000.000002,-0.8056626725519954,-0.5923745926830221,0.0
149599891.20273677,110209799.62765145,0.0,-5.3067241060857594e-05,29.77998256317246,0.0,443.4215355585444,0.0,-0.0,4455088000.000003,-0.805387130498751,-0.5927491628226798,0.0
149599891.0116345,110317007.5648345,0.0,-5.3100685432732114e-05,29.77998253852211,0.0,443.42153555854435,0.0,-0.0,4455088000.000002,-0.8051116029471376,-0.593123348722583,0.0
149599890.8204119,110424215.50192882,0.0,-5.313409547708051e-05,29.779982513873115,0.0,443.42153555854435,0.0,-0.0,4455088000.000003,-0.8048360902390613,-0.5934971506660343,0.0
149599890.62906906,110531423.4389344,0.0,-5.316747121931136e-05,29.77998248922551,0.0,443.4215355585444,0.0,-0.0,4455088000.000003,-0.8045605927155665,-0.5938705689366804,0.0
149599890.43760613,110638631.37585124,0.0,-5.320081268486355e-05,29.779982464579327,0.0,443.4215355585444,0.0,-0.0,4455088000.000003,-0.804285110716835,-0.5942436038185086,0.0
149599890.24602324,110745839.31267937,0.0,-5.3234119899206014e-05,29.779982439934592,0.0,443.42153555854446,0.0,-0.0,4455088000.000003,-0.8040096445821887,-0.5946162555958445,0.0
149599890.0543205,110853047.24941877,0.0,-5.326739288783755e-05,29.779982415291336,0.0,443.4215355585444,0.0,-0.0,4455088000.000003,-0.803734194650089,-0.5949885245533504,0.0
149599889.86249804,110960255.18606946,0.0,-5.330063167628658e-05,29.77998239064959,0.0,443.42153555854435,0.0,-0.0,4455088000.000003,-0.8034587612581386,-0.5953604109760217,0.0
149599889.67055598,111067463.12263145,0.0,-5.3333836290110945e-05,29.779982366009385,0.0,443.42153555854435,0.0,-0.0,4455088000.000002,-0.8031833447430817,-0.5957319151491852,0.0
149599889.47849447,111174671.05910473,0.0,-5.336700675489768e-05,29.77998234137075,0.0,443.42153555854446,0.0,-0.0,4455088000.000003,-0.802907945440805,-0.5961030373584967,0.0
149599889.2863136,111281878.99548931,0.0,-5.3400143096262796e-05,29.779982316733715,0.0,443.4215355585444,0.0,-0.0,4455088000.000003,-0.8026325636863394,-0.5964737778899374,0.0
149599889.09401348,111389086.93178521,0.0,-5.3433245339851064e-05,29.77998229209831,0.0,443.42153555854446,0.0,-0.0,4455088000.000003,-0.802357199813859,-0.5968441370298136,0.0
149599888.90159425,111496294.86799243,0.0,-5.346631351133581e-05,29.779982267464565,0.0,443.42153555854446,0.0,-0.0,4455088000.000002,-0.8020818541566842,-0.5972141150647525,0.0
149599888.70905605,111603502.80411096,0.0,-5.3499347636418686e-05,29.779982242832507,0.0,443.42153555854446,0.0,-0.0,4455088000.000002,-0.8018065270472811,-0.5975837122817,0.0
149599888.516399,111710710.74014083,0.0,-5.353234774082946e-05,29.779982218202168,0.0,443.42153555854446,0.0,-0.0,4455088000.000003,-0.8015312188172624,-0.5979529289679194,0.0
149599888.32362318,111817918.67608202,0.0,-5.356531385032581e-05,29.779982193573577,0.0,443.4215355585444,0.0,-0.0,4455088000.000002,-0.8012559297973896,-0.5983217654109876,0.0
149599888.13072875,111925126.61193456,0.0,-5.359824599069309e-05,29.779982168946766,0.0,443.42153555854446,0.0,-0.0,4455088000.000002,-0.8009806603175718,-0.5986902218987936,0.0
149599887.93771583,112032334.54769844,0.0,-5.363114418774415e-05,29.77998214432176,0.0,443.4215355585444,0.0,-0.0,4455088000.000002,-0.8007054107068684,-0.5990582987195363,0.0
149599887.74458453,112139542.48337367,0.0,-5.366400846731909e-05,29.77998211969859,0.0,443.4215355585444,0.0,-0.0,4455088000.000001,-0.8004301812934895,-0.5994259961617209,0.0
149599887.551335,112246750.41896027,0.0,-5.369683885528507e-05,29.779982095077287,0.0,443.4215355585444,0.0,-0.0,4455088000.000002,-0.8001549724047963,-0.5997933145141582,0.0
149599887.35796735,112353958.35445824,0.0,-5.372963537753609e-05,29.77998207045788,0.0,443.42153555854446,0.0,-0.0,4455088000.000002,-0.7998797843673021,-0.6001602540659604,0.0
149599887.16448167,112461166.28986758,0.0,-5.3762398059992775e-05,29.779982045840395,0.0,443.42153555854446,0.0,-0.0,4455088000.000002,-0.799604617506674,-0.6005268151065407,0.0
149599886.97087812,112568374.2251883,0.0,-5.379512692860219e-05,29.779982021224864,0.0,443.4215355585445,0.0,-0.0,4455088000.000002,-0.7993294721477331,-0.6008929979256095,0.0
149599886.7771568,112675582.1604204,0.0,-5.382782200933759e-05,29.779981996611312,0.0,443.4215355585444,0.0,-0.0,4455088000.000002,-0.799054348614455,-0.6012588028131721,0.0
149599886.58331785,112782790.0955639,0.0,-5.3860483328198254e-05,29.77998197199977,0.0,443.4215355585444,0.0,-0.0,4455088000.000001,-0.7987792472299718,-0.6016242300595276,0.0
149599886.38936135,112889998.0306188,0.0,-5.389311091120924e-05,29.77998194739027,0.0,443.4215355585444,0.0,-0.0,4455088000.000001,-0.7985041683165727,-0.6019892799552652,0.0
149599886.19528747,112997205.96558511,0.0,-5.392570478442121e-05,29.779981922782834,0.0,443.4215355585443,0.0,-0.0,4455088000.0,-0.7982291121957039,-0.6023539527912625,0.0
149599886.0010963,113104413.90046284,0.0,-5.395826497391019e-05,29.7799818981775,0.0,443.4215355585444,0.0,-0.0,4455088000.000001,-0.7979540791879709,-0.6027182488586832,0.0
149599885.806788,113211621.83525199,0.0,-5.39907915057774e-05,29.77998187357429,0.0,443.42153555854446,0.0,-0.0,4455088000.000001,-0.7976790696131388,-0.6030821684489746,0.0
149599885.61236265,113318829.76995257,0.0,-5.402328440614901e-05,29.779981848973232,0.0,443.4215355585444,0.0,-0.0,4455088000.000001,-0.7974040837901332,-0.6034457118538653,0.0
149599885.4178204,113426037.70456459,0.0,-5.405574370117597e-05,29.779981824374357,0.0,443.4215355585444,0.0,-0.0,4455088000.000001,-0.7971291220370413,-0.6038088793653633,0.0
149599885.22316134,113533245.63908806,0.0,-5.408816941703378e-05,29.77998179977769,0.0,443.4215355585444,0.0,-0.0,4455088000.000001,-0.7968541846711126,-0.604171671275753,0.0
149599885.0283856,113640453.573523,0.0,-5.41205615799223e-05,29.779981775183263,0.0,443.42153555854435,0.0,-0.0,4455088000.000001,-0.7965792720087601,-0.6045340878775934,0.0
149599884.83349332,113747661.5078694,0.0,-5.415292021606554e-05,29.7799817505911,0.0,443.42153555854435,0.0,-0.0,4455088000.0,-0.7963043843655613,-0.6048961294637161,0.0
149599884.63848463,113854869.44212726,0.0,-5.418524535171145e-05,29.779981726001235,0.0,443.4215355585443,0.0,-0.0,4455088000.0,-0.7960295220562584,-0.605257796327222,0.0
149599884.4433596,113962077.37629661,0.0,-5.421753701313176e-05,29.779981701413693,0.0,443.4215355585443,0.0,-0.0,4455088000.0,-0.7957546853947609,-0.6056190887614797,0.0
149599884.2481184,114069285.31037745,0.0,-5.4249795226621696e-05,29.779981676828502,0.0,443.42153555854435,0.0,-0.0,4455088000.000001,-0.7954798746941445,-0.6059800070601242,0.0
149599884.05276114,114176493.24436978,0.0,-5.4282020018499865e-05,29.779981652245688,0.0,443.4215355585443,0.0,-0.0,4455088000.000001,-0.7952050902666534,-0.6063405515170526,0.0
149599883.8572879,114283701.17827362,0.0,-5.431421141510801e-05,29.77998162766528,0.0,443.42153555854435,0.0,-0.0,4455088000.000001,-0.7949303324237013,-0.6067007224264234,0.0
149599883.66169885,114390909.11208898,0.0,-5.434636944281081e-05,29.779981603087307,0.0,443.4215355585444,0.0,-0.0,4455088000.0,-0.794655601475871,-0.6070605200826533,0.0
149599883.4659941,114498117.04581586,0.0,-5.437849412799569e-05,29.779981578511794,0.0,443.4215355585443,0.0,-0.0,4455088000.000001,-0.7943808977329175,-0.6074199447804164,0.0
149599883.27017373,114605324.97945426,0.0,-5.441058549707262e-05,29.77998155393877,0.0,443.4215355585443,0.0,-0.0,4455088000.0,-0.7941062215037672,-0.6077789968146398,0.0
149599883.0742379,114712532.91300422,0.0,-5.444264357647393e-05,29.779981529368268,0.0,443.42153555854435,0.0,-0.0,4455088000.000001,-0.7938315730965193,-0.6081376764805035,0.0
149599882.87818673,114819740.84646572,0.0,-5.4474668392654084e-05,29.779981504800308,0.0,443.4215355585443,0.0,-0.0,4455088000.0,-0.7935569528184474,-0.6084959840734369,0.0
149599882.68202034,114926948.77983879,0.0,-5.45066599720895e-05,29.779981480234916,0.0,443.4215355585443,0.0,-0.0,4455088000.0,-0.793282360976,-0.608853919889117,0.0
149599882.4857388,115034156.71312341,0.0,-5.453861834127836e-05,29.779981455672125,0.0,443.4215355585443,0.0,-0.0,4455088000.0,-0.7930077978748011,-0.6092114842234662,0.0
149599882.2893423,115141364.64631963,0.0,-5.45705435267404e-05,29.77998143111196,0.0,443.4215355585443,0.0,-0.0,4455088000.0,-0.7927332638196521,-0.6095686773726499,0.0
149599882.09283096,115248572.57942742,0.0,-5.4602435555016726e-05,29.779981406554448,0.0,443.4215355585443,0.0,-0.0,4455088000.000001,-0.7924587591145321,-0.609925499633075,0.0
149599881.89620483,115355780.51244682,0.0,-5.463429445266961e-05,29.779981381999615,0.0,443.4215355585443,0.0,-0.0,4455088000.000001,-0.792184284062599,-0.6102819513013861,0.0
149599881.69946408,115462988.44537783,0.0,-5.466612024628231e-05,29.77998135744749,0.0,443.4215355585443,0.0,-0.0,4455088000.000001,-0.7919098389661905,-0.610638032674466,0.0
149599881.5026088,115570196.37822045,0.0,-5.469791296245884e-05,29.7799813328981,0.0,443.4215355585443,0.0,-0.0,4455088000.000001,-0.7916354241268255,-0.6109937440494304,0.0
149599881.30563915,115677404.3109747,0.0,-5.4729672627823845e-05,29.77998130835147,0.0,443.4215355585443,0.0,-0.0,4455088000.000001,-0.7913610398452047,-0.6113490857236284,0.0
149599881.1085552,115784612.24364059,0.0,-5.4761399269022324e-05,29.77998128380763,0.0,443.42153555854435,0.0,-0.0,4455088000.0,-0.7910866864212114,-0.6117040579946386,0.0
149599880.9113571,115891820.17621812,0.0,-5.479309291271951e-05,29.779981259266602,0.0,443.4215355585443,0.0,-0.0,4455088000.000001,-0.7908123641539129,-0.6120586611602674,0.0
149599880.71404496,115999028.10870731,0.0,-5.482475358560064e-05,29.779981234728414,0.0,443.4215355585443,0.0,-0.0,4455088000.000001,-0.7905380733415615,-0.612412895518548,0.0
149599880.5166189,116106236.04110816,0.0,-5.4856381314370776e-05,29.779981210193093,0.0,443.4215355585442,0.0,-0.0,4455088000.0,-0.7902638142815951,-0.6127667613677364,0.0
149599880.31907904,116213443.9734207,0.0,-5.488797612575461e-05,29.779981185660667,0.0,443.42153555854424,0.0,-0.0,4455088000.0,-0.7899895872706392,-0.6131202590063103,0.0
149599880.1214255,116320651.90564492,0.0,-5.491953804649628e-05,29.77998116113116,0.0,443.4215355585442,0.0,-0.0,4455088000.0,-0.7897153926045064,-0.6134733887329671,0.0
149599879.9236584,116427859.83778085,0.0,-5.495106710335918e-05,29.7799811366046,0.0,443.42153555854424,0.0,-0.0,4455087999.999999,-0.7894412305781987,-0.6138261508466214,0.0
149599879.72577786,116535067.76982848,0.0,-5.4982563323125766e-05,29.779981112081014,0.0,443.4215355585441,0.0,-0.0,4455087999.999999,-0.7891671014859079,-0.6141785456464031,0.0
149599879.527784,116642275.70178784,0.0,-5.5014026732597376e-05,29.779981087560426,0.0,443.4215355585441,0.0,-0.0,4455087999.999998,-0.7888930056210167,-0.6145305734316548,0.0
149599879.3296769,116749483.63365893,0.0,-5.504545735859404e-05,29.779981063042865,0.0,443.4215355585441,0.0,-0.0,4455087999.999998,-0.7886189432761,-0.6148822345019307,0.0
149599879.13145673,116856691.56544176,0.0,-5.5076855227954284e-05,29.779981038528355,0.0,443.4215355585442,0.0,-0.0,4455087999.999999,-0.7883449147429258,-0.6152335291569934,0.0
149599878.9331236,116963899.49713634,0.0,-5.5108220367534965e-05,29.779981014016922,0.0,443.4215355585442,0.0,-0.0,4455088000.0,-0.7880709203124558,-0.6155844576968125,0.0
149599878.73467758,117071107.42874269,0.0,-5.513955280421106e-05,29.77998098950859,0.0,443.4215355585441,0.0,-0.0,4455087999.999999,-0.7877969602748472,-0.6159350204215625,0.0
149599878.53611884,117178315.36026081,0.0,-5.5170852564875504e-05,29.77998096500339,0.0,443.4215355585442,0.0,-0.0,4455087999.999998,-0.7875230349194532,-0.6162852176316204,0.0
149599878.33744746,117285523.29169072,0.0,-5.520211967643899e-05,29.779980940501343,0.0,443.4215355585441,0.0,-0.0,4455087999.999999,-0.787249144534824,-0.6166350496275637,0.0
149599878.1386636,117392731.22303243,0.0,-5.523335416582979e-05,29.779980916002476,0.0,443.42153555854406,0.0,-0.0,4455087999.999997,-0.7869752894087079,-0.6169845167101687,0.0
149599877.93976733,117499939.15428595,0.0,-5.526455605999358e-05,29.779980891506817,0.0,443.4215355585442,0.0,-0.0,4455087999.999997,-0.786701469828053,-0.6173336191804079,0.0
149599877.7407588,117607147.08545129,0.0,-5.529572538589324e-05,29.779980867014388,0.0,443.4215355585441,0.0,-0.0,4455087999.999997,-0.7864276860790075,-0.6176823573394487,0.0
149599877.54163814,117714355.01652846,0.0,-5.532686217050867e-05,29.779980842525216,0.0,443.4215355585442,0.0,-0.0,4455087999.999998,-0.7861539384469203,-0.6180307314886501,0.0
149599877.34240544,117821562.94751747,0.0,-5.535796644083665e-05,29.779980818039327,0.0,443.42153555854424,0.0,-0.0,4455087999.999997,-0.7858802272163438,-0.6183787419295621,0.0
149599877.14306083,117928770.87841834,0.0,-5.538903822389061e-05,29.779980793556746,0.0,443.4215355585443,0.0,-0.0,4455087999.999998,-0.785606552671033,-0.618726388963923,0.0
149599876.9436044,118035978.80923109,0.0,-5.5420077546700474e-05,29.779980769077497,0.0,443.4215355585443,0.0,-0.0,4455087999.999998,-0.7853329150939475,-0.619073672893657,0.0
149599876.74403632,118143186.73995571,0.0,-5.545108443631246e-05,29.779980744601605,0.0,443.42153555854424,0.0,-0.0,4455087999.999999,-0.785059314767253,-0.6194205940208729,0.0
149599876.54435664,118250394.67059222,0.0,-5.548205891978894e-05,29.779980720129096,0.0,443.4215355585443,0.0,-0.0,4455087999.999999,-0.7847857519723213,-0.6197671526478621,0.0
149599876.34456554,118357602.60114063,0.0,-5.5513001024208206e-05,29.779980695659997,0.0,443.4215355585443,0.0,-0.0,4455087999.999999,-0.7845122269897317,-0.6201133490770955,0.0
149599876.1446631,118464810.53160097,0.0,-5.554391077666435e-05,29.77998067119433,0.0,443.4215355585443,0.0,-0.0,4455087999.999999,-0.7842387400992731,-0.6204591836112225,0.0
149599875.94464943,118572018.46197324,0.0,-5.557478820426705e-05,29.77998064673212,0.0,443.42153555854424,0.0,-0.0,4455087999.999999,-0.7839652915799433,-0.6208046565530694,0.0
149599875.74452466,118679226.39225744,0.0,-5.56056333341414e-05,29.779980622273396,0.0,443.42153555854435,0.0,-0.0,4455087999.999999,-0.7836918817099515,-0.6211497682056362,0.0
149599875.5442889,118786434.3224536,0.0,-5.5636446193427726e-05,29.779980597818177,0.0,443.42153555854435,0.0,-0.0,4455087999.999999,-0.7834185107667185,-0.6214945188720952,0.0
149599875.34394228,118893642.25256173,0.0,-5.566722680928143e-05,29.77998057336649,0.0,443.4215355585444,0.0,-0.0,4455087999.999999,-0.7831451790268784,-0.6218389088557892,0.0
149599875.14348492,119000850.18258184,0.0,-5.569797520887281e-05,29.77998054891836,0.0,443.4215355585443,0.0,-0.0,4455087999.999999,-0.7828718867662795,-0.6221829384602294,0.0
149599874.9429169,119108058.11251394,0.0,-5.572869141938685e-05,29.77998052447381,0.0,443.4215355585443,0.0,-0.0,4455087999.999999,-0.7825986342599848,-0.6225266079890938,0.0
149599874.74223837,119215266.04235806,0.0,-5.575937546802311e-05,29.779980500032867,0.0,443.42153555854424,0.0,-0.0,4455087999.999999,-0.7823254217822735,-0.6228699177462239,0.0
149599874.54144943,119322473.97211419,0.0,-5.579002738199549e-05,29.779980475595554,0.0,443.42153555854424,0.0,-0.0,4455087999.999999,-0.782052249606643,-0.6232128680356246,0.0
149599874.3405502,119429681.90178235,0.0,-5.58206471885321e-05,29.779980451161897,0.0,443.42153555854424,0.0,-0.0,4455087999.999999,-0.7817791180058083,-0.6235554591614609,0.0
149599874.13954082,119536889.83136256,0.0,-5.585123491487506e-05,29.779980426731917,0.0,443.42153555854424,0.0,-0.0,4455087999.999999,-0.781506027251704,-0.6238976914280567,0.0
149599873.93842137,119644097.76085483,0.0,-5.588179058828035e-05,29.779980402305643,0.0,443.42153555854424,0.0,-0.0,4455087999.999999,-0.7812329776154855,-0.6242395651398925,0.0
149599873.73719198,119751305.69025916,0.0,-5.591231423601762e-05,29.779980377883096,0.0,443.4215355585443,0.0,-0.0,4455087999.999999,-0.7809599693675298,-0.6245810806016038,0.0
149599873.53585276,119858513.61957559,0.0,-5.5942805885370034e-05,29.7799803534643,0.0,443.42153555854435,0.0,-0.0,4455088000.0,-0.7806870027774363,-0.6249222381179782,0.0
149599873.3344038,119965721.54880412,0.0,-5.597326556363408e-05,29.779980329049277,0.0,443.42153555854435,0.0,-0.0,4455088000.0,-0.7804140781140287,-0.6252630379939554,0.0
149599873.13284528,120072929.47794476,0.0,-5.600369329811942e-05,29.779980304638055,0.0,443.4215355585444,0.0,-0.0,4455088000.000001,-0.7801411956453556,-0.6256034805346236,0.0
149599872.93117726,120180137.40699752,0.0,-5.603408911614872e-05,29.779980280230657,0.0,443.42153555854446,0.0,-0.0,4455088000.0,-0.7798683556386913,-0.6259435660452176,0.0
149599872.72939986,120287345.33596241,0.0,-5.606445304505746e-05,29.779980255827102,0.0,443.4215355585444,0.0,-0.0,4455088000.0,-0.7795955583605376,-0.6262832948311186,0.0
149599872.52751324,120394553.26483947,0.0,-5.609478511219379e-05,29.77998023142742,0.0,443.4215355585444,0.0,-0.0,4455088000.0,-0.7793228040766242,-0.6266226671978501,0.0
149599872.32551745,120501761.1936287,0.0,-5.612508534491835e-05,29.77998020703163,0.0,443.42153555854446,0.0,-0.0,4455087999.999999,-0.7790500930519104,-0.6269616834510781,0.0
149599872.12341264,120608969.1223301,0.0,-5.6155353770604106e-05,29.77998018263976,0.0,443.42153555854446,0.0,-0.0,4455088000.0,-0.7787774255505857,-0.6273003438966073,0.0
149599871.92119893,120716177.0509437,0.0,-5.6185590416636186e-05,29.77998015825183,0.0,443.4215355585445,0.0,-0.0,4455088000.0,-0.7785048018360715,-0.6276386488403809,0.0
149599871.71887642,120823384.97946952,0.0,-5.621579531041171e-05,29.779980133867866,0.0,443.4215355585445,0.0,-0.0,4455088000.0,-0.7782322221710215,-0.6279765985884774,0.0
149599871.51644525,120930592.90790756,0.0,-5.624596847933961e-05,29.779980109487887,0.0,443.42153555854446,0.0,-0.0,4455087999.999999,-0.7779596868173231,-0.6283141934471101,0.0
149599871.3139055,121037800.83625785,0.0,-5.6276109950840514e-05,29.77998008511192,0.0,443.4215355585444,0.0,-0.0,4455088000.0,-0.7776871960360989,-0.6286514337226236,0.0
149599871.1112573,121145008.76452038,0.0,-5.630621975234652e-05,29.779980060739987,0.0,443.4215355585444,0.0,-0.0,4455088000.0,-0.7774147500877073,-0.6289883197214934,0.0
149599870.90850076,121252216.69269517,0.0,-5.6336297911301074e-05,29.779980036372113,0.0,443.4215355585444,0.0,-0.0,4455088000.0,-0.7771423492317435,-0.6293248517503236,0.0
149599870.705636,121359424.62078226,0.0,-5.636634445515879e-05,29.77998001200832,0.0,443.42153555854446,0.0,-0.0,4455088000.0,-0.7768699937270415,-0.6296610301158446,0.0
149599870.5026631,121466632.54878163,0.0,-5.639635941138529e-05,29.77997998764863,0.0,443.42153555854446,0.0,-0.0,4455087999.999999,-0.7765976838316739,-0.629996855124912,0.0
149599870.29958224,121573840.47669333,0.0,-5.642634280745705e-05,29.779979963293066,0.0,443.42153555854435,0.0,-0.0,4455088000.0,-0.7763254198029546,-0.6303323270845043,0.0
149599870.0963935,121681048.40451735,0.0,-5.6456294670861215e-05,29.77997993894165,0.0,443.42153555854435,0.0,-0.0,4455087999.999999,-0.7760532018974381,-0.6306674463017211,0.0
149599869.89309698,121788256.33225371,0.0,-5.6486215029095476e-05,29.77997991459441,0.0,443.4215355585444,0.0,-0.0,4455088000.000001,-0.7757810303709224,-0.6310022130837817,0.0
149599869.6896928,121895464.25990243,0.0,-5.651610390966788e-05,29.779979890251365,0.0,443.42153555854435,0.0,-0.0,4455088000.000001,-0.7755089054784485,-0.6313366277380227,0.0
149599869.48618108,122002672.18746352,0.0,-5.654596134009666e-05,29.779979865912537,0.0,443.4215355585444,0.0,-0.0,4455088000.000001,-0.7752368274743031,-0.6316706905718971,0.0
149599869.28256193,122109880.114937,0.0,-5.657578734791012e-05,29.779979841577948,0.0,443.4215355585444,0.0,-0.0,4455088000.000001,-0.7749647966120187,-0.6320044018929715,0.0
149599869.07883546,122217088.04232289,0.0,-5.660558196064644e-05,29.77997981724762,0.0,443.4215355585443,0.0,-0.0,4455088000.000001,-0.7746928131443745,-0.6323377620089246,0.0
149599868.8750018,122324295.9696212,0.0,-5.6635345205853515e-05,29.779979792921583,0.0,443.4215355585444,0.0,-0.0,4455088000.000001,-0.7744208773233985,-0.6326707712275459,0.0
149599868.671061,122431503.89683193,0.0,-5.666507711108882e-05,29.77997976859985,0.0,443.42153555854435,0.0,-0.0,4455088000.000001,-0.774148989400368,-0.6330034298567337,0.0
149599868.46701327,122538711.82395512,0.0,-5.669477770391925e-05,29.77997974428245,0.0,443.4215355585443,0.0,-0.0,4455088000.000001,-0.7738771496258109,-0.6333357382044931,0.0
149599868.26285866,122645919.75099076,0.0,-5.672444701192094e-05,29.7799797199694,0.0,443.42153555854435,0.0,-0.0,4455088000.000001,-0.7736053582495066,-0.6336676965789343,0.0
149599868.0585973,122753127.6779389,0.0,-5.6754085062679135e-05,29.779979695660728,0.0,443.42153555854435,0.0,-0.0,4455088000.000002,-0.7733336155204877,-0.6339993052882712,0.0
149599867.8542293,122860335.60479952,0.0,-5.6783691883788016e-05,29.77997967135645,0.0,443.42153555854435,0.0,-0.0,4455088000.000002,-0.7730619216870404,-0.634330564640819,0.0
149599867.64975476,122967543.53157267,0.0,-5.681326750285055e-05,29.779979647056592,0.0,443.42153555854435,0.0,-0.0,4455088000.000001,-0.7727902769967059,-0.6346614749449934,0.0
149599867.4451738,123074751.45825835,0.0,-5.684281194747836e-05,29.779979622761175,0.0,443.42153555854435,0.0,-0.0,4455088000.000001,-0.7725186816962822,-0.6349920365093079,0.0
149599867.24048653,123181959.38485657,0.0,-5.6872325245291515e-05,29.77997959847022,0.0,443.4215355585444,0.0,-0.0,4455088000.000001,-0.772247136031824,-0.6353222496423727,0.0
149599867.03569308,123289167.31136735,0.0,-5.690180742391844e-05,29.779979574183752,0.0,443.4215355585444,0.0,-0.0,4455088000.000001,-0.7719756402486454,-0.6356521146528926,0.0
149599866.83079356,123396375.2377907,0.0,-5.693125851099572e-05,29.77997954990179,0.0,443.4215355585444,0.0,-0.0,4455088000.000001,-0.7717041945913189,-0.6359816318496657,0.0
149599866.62578806,123503583.16412665,0.0,-5.696067853416796e-05,29.779979525624356,0.0,443.4215355585444,0.0,-0.0,4455088000.000001,-0.7714327993036789,-0.6363108015415812,0.0
149599866.4206767,123610791.0903752,0.0,-5.699006752108763e-05,29.77997950135147,0.0,443.4215355585444,0.0,-0.0,4455088000.000001,-0.7711614546288217,-0.6366396240376182,0.0
149599866.21545961,123717999.01653638,0.0,-5.701942549941493e-05,29.779979477083156,0.0,443.42153555854435,0.0,-0.0,4455088000.000001,-0.7708901608091057,-0.6369680996468435,0.0
149599866.01013687,123825206.9426102,0.0,-5.704875249681762e-05,29.779979452819436,0.0,443.42153555854435,0.0,-0.0,4455088000.0,-0.7706189180861542,-0.6372962286784105,0.0
149599865.80470863,123932414.86859669,0.0,-5.707804854097087e-05,29.77997942856033,0.0,443.42153555854435,0.0,-0.0,4455088000.000001,-0.7703477267008564,-0.6376240114415568,0.0
149599865.59917498,124039622.79449585,0.0,-5.710731365955713e-05,29.779979404305863,0.0,443.4215355585443,0.0,-0.0,4455088000.000001,-0.7700765868933671,-0.6379514482456029,0.0
149599865.393536,124146830.72030771,0.0,-5.713654788026595e-05,29.77997938005605,0.0,443.42153555854435,0.0,-0.0,4455088000.000001,-0.7698054989031093,-0.6382785393999509,0.0
149599865.18779185,124254038.64603227,0.0,-5.716575123079387e-05,29.77997935581092,0.0,443.42153555854435,0.0,-0.0,4455088000.0,-0.7695344629687747,-0.6386052852140823,0.0
149599864.98194262,124361246.57166956,0.0,-5.719492373884424e-05,29.779979331570487,0.0,443.4215355585444,0.0,-0.0,4455088000.000001,-0.7692634793283251,-0.6389316859975561,0.0
149599864.77598843,124468454.49721959,0.0,-5.722406543212707e-05,29.779979307334777,0.0,443.42153555854446,0.0,-0.0,4455088000.000001,-0.7689925482189931,-0.6392577420600078,0.0
149599864.5699294,124575662.42268237,0.0,-5.725317633835891e-05,29.77997928310381,0.0,443.4215355585444,0.0,-0.0,4455088000.000001,-0.768721669877284,-0.639583453711148,0.0
149599864.3637656,124682870.34805794,0.0,-5.728225648526269e-05,29.779979258877603,0.0,443.4215355585444,0.0,-0.0,4455088000.000001,-0.7684508445389764,-0.639908821260759,0.0
149599864.15749717,124790078.2733463,0.0,-5.731130590056755e-05,29.77997923465618,0.0,443.4215355585444,0.0,-0.0,4455088000.0,-0.7681800724391233,-0.6402338450186955,0.0
149599863.95112422,124897286.19854748,0.0,-5.734032461200876e-05,29.779979210439564,0.0,443.4215355585444,0.0,-0.0,4455088000.000001,-0.767909353812054,-0.6405585252948817,0.0
149599863.74464688,125004494.12366149,0.0,-5.736931264732749e-05,29.779979186227774,0.0,443.4215355585444,0.0,-0.0,4455088000.0,-0.7676386888913743,-0.6408828623993092,0.0
149599863.53806522,125111702.04868834,0.0,-5.7398270034270716e-05,29.77997916202083,0.0,443.42153555854435,0.0,-0.0,4455088000.000001,-0.767368077909968,-0.6412068566420366,0.0
149599863.33137938,125218909.97362804,0.0,-5.7427196800591087e-05,29.779979137818753,0.0,443.42153555854435,0.0,-0.0,4455088000.000001,-0.7670975210999984,-0.6415305083331873,0.0
149599863.12458944,125326117.89848064,0.0,-5.745609297404674e-05,29.779979113621565,0.0,443.4215355585444,0.0,-0.0,4455088000.0,-0.7668270186929091,-0.6418538177829471,0.0
149599862.91769555,125433325.82324614,0.0,-5.7484958582401194e-05,29.779979089429286,0.0,443.4215355585444,0.0,-0.0,4455088000.000001,-0.7665565709194253,-0.6421767853015646,0.0
149599862.7106978,125540533.74792454,0.0,-5.751379365342318e-05,29.779979065241935,0.0,443.42153555854435,0.0,-0.0,4455088000.000001,-0.7662861780095551,-0.6424994111993476,0.0
149599862.50359628,125647741.67251588,0.0,-5.754259821488652e-05,29.779979041059534,0.0,443.4215355585443,0.0,-0.0,4455088000.000001,-0.7660158401925901,-0.6428216957866624,0.0
149599862.29639113,125754949.59702018,0.0,-5.7571372294569964e-05,29.779979016882102,0.0,443.4215355585443,0.0,-0.0,4455088000.000001,-0.7657455576971072,-0.643143639373932,0.0
149599862.08908245,125862157.52143744,0.0,-5.7600115920257074e-05,29.779978992709662,0.0,443.4215355585443,0.0,-0.0,4455088000.000001,-0.7654753307509696,-0.6434652422716349,0.0
149599861.88167033,125969365.44576769,0.0,-5.762882911973606e-05,29.77997896854223,0.0,443.42153555854424,0.0,-0.0,4455088000.0,-0.7652051595813277,-0.643786504790303,0.0
149599861.6741549,126076573.37001094,0.0,-5.765751192079966e-05,29.77997894437983,0.0,443.4215355585442,0.0,-0.0,4455088000.0,-0.7649350444146206,-0.6441074272405204,0.0
149599861.46653628,126183781.29416722,0.0,-5.7686164351245e-05,29.779978920222483,0.0,443.4215355585442,0.0,-0.0,4455088000.0,-0.7646649854765772,-0.6444280099329219,0.0
149599861.25881457,126290989.21823655,0.0,-5.771478643887342e-05,29.779978896070208,0.0,443.4215355585443,0.0,-0.0,4455088000.000001,-0.764394982992217,-0.6447482531781907,0.0
149599861.05098987,126398197.14221893,0.0,-5.774337821149038e-05,29.779978871923024,0.0,443.42153555854435,0.0,-0.0,4455088000.000002,-0.7641250371858519,-0.6450681572870578,0.0
149599860.84306228,126505405.0661144,0.0,-5.7771939696905304e-05,29.77997884778095,0.0,443.4215355585443,0.0,-0.0,4455088000.000001,-0.7638551482810869,-0.6453877225703002,0.0
149599860.63503194,126612612.98992296,0.0,-5.780047092293144e-05,29.779978823644004,0.0,443.42153555854424,0.0,-0.0,4455088000.000001,-0.7635853165008215,-0.6457069493387387,0.0
149599860.42689893,126719820.91364464,0.0,-5.782897191738572e-05,29.77997879951221,0.0,443.42153555854424,0.0,-0.0,4455088000.000001,-0.7633155420672504,-0.6460258379032373,0.0
149599860.21866336,126827028.83727945,0.0,-5.7857442708088645e-05,29.779978775385587,0.0,443.42153555854424,0.0,-0.0,4455088000.000001,-0.7630458252018656,-0.6463443885747009,0.0
149599860.01032537,126934236.76082742,0.0,-5.788588332286412e-05,29.779978751264153,0.0,443.4215355585442,0.0,-0.0,4455088000.0,-0.7627761661254567,-0.6466626016640746,0.0
149599859.80188504,127041444.68428856,0.0,-5.791429378953933e-05,29.77997872714793,0.0,443.42153555854424,0.0,-0.0,4455088000.0,-0.7625065650581127,-0.6469804774823413,0.0
149599859.59334248,127148652.60766289,0.0,-5.794267413594462e-05,29.77997870303694,0.0,443.42153555854424,0.0,-0.0,4455088000.0,-0.7622370222192223,-0.6472980163405205,0.0
149599859.38469782,127255860.53095043,0.0,-5.797102438991334e-05,29.779978678931194,0.0,443.4215355585442,0.0,-0.0,4455088000.0,-0.7619675378274765,-0.6476152185496673,0.0
149599859.17595115,127363068.4541512,0.0,-5.799934457928171e-05,29.779978654830717,0.0,443.42153555854424,0.0,-0.0,4455088000.000001,-0.761698112100868,-0.64793208442087,0.0
149599858.9671026,127470276.37726521,0.0,-5.802763473188872e-05,29.779978630735528,0.0,443.4215355585442,0.0,-0.0,4455088000.0,-0.7614287452566942,-0.6482486142652495,0.0
149599858.75815222,127577484.3002925,0.0,-5.805589487557594e-05,29.779978606645646,0.0,443.4215355585442,0.0,-0.0,4455088000.0,-0.7611594375115569,-0.6485648083939571,0.0
149599858.54910016,127684692.22323307,0.0,-5.8084125038187454e-05,29.77997858256109,0.0,443.4215355585441,0.0,-0.0,4455088000.0,-0.7608901890813642,-0.6488806671181735,0.0
149599858.33994654,127791900.14608695,0.0,-5.811232524756967e-05,29.77997855848188,0.0,443.4215355585441,0.0,-0.0,4455087999.999999,-0.7606210001813315,-0.6491961907491068,0.0
149599858.13069144,127899108.06885415,0.0,-5.814049553157122e-05,29.779978534408034,0.0,443.4215355585442,0.0,-0.0,4455088000.0,-0.7603518710259832,-0.6495113795979918,0.0
149599857.92133498,128006315.9915347,0.0,-5.816863591804283e-05,29.77997851033957,0.0,443.4215355585441,0.0,-0.0,4455087999.999999,-0.7600828018291524,-0.6498262339760879,0.0
149599857.7118773,128113523.9141286,0.0,-5.819674643483717e-05,29.779978486276512,0.0,443.4215355585441,0.0,-0.0,4455087999.999999,-0.7598137928039844,-0.6501407541946773,0.0
149599857.50231844,128220731.83663589,0.0,-5.8224827109808734e-05,29.779978462218875,0.0,443.4215355585442,0.0,-0.0,4455087999.999999,-0.7595448441629353,-0.6504549405650649,0.0
149599857.29265857,128327939.75905658,0.0,-5.8252877970813724e-05,29.779978438166676,0.0,443.4215355585441,0.0,-0.0,4455087999.999999,-0.7592759561177755,-0.6507687933985755,0.0
149599857.08289775,128435147.6813907,0.0,-5.82808990457099e-05,29.779978414119938,0.0,443.42153555854406,0.0,-0.0,4455087999.999999,-0.7590071288795889,-0.6510823130065531,0.0
149599856.87303612,128542355.60363826,0.0,-5.8308890362356466e-05,29.77997839007868,0.0,443.4215355585442,0.0,-0.0,4455087999.999999,-0.7587383626587758,-0.6513954997003588,0.0
149599856.66307378,128649563.52579927,0.0,-5.8336851948613936e-05,29.779978366042915,0.0,443.4215355585441,0.0,-0.0,4455087999.999999,-0.7584696576650526,-0.6517083537913703,0.0
149599856.45301083,128756771.44787377,0.0,-5.8364783832344e-05,29.77997834201267,0.0,443.4215355585441,0.0,-0.0,4455087999.999999,-0.7582010141074546,-0.6520208755909797,0.0
149599856.24284738,128863979.36986177,0.0,-5.839268604140941e-05,29.779978317987954,0.0,443.4215355585441,0.0,-0.0,4455087999.999999,-0.757932432194335,-0.6523330654105919,0.0
149599856.03258353,128971187.29176329,0.0,-5.8420558603673855e-05,29.779978293968792,0.0,443.4215355585441,0.0,-0.0,4455088000.0,-0.7576639121333687,-0.6526449235616246,0.0
149599855.8222194,129078395.21357836,0.0,-5.844840154700181e-05,29.7799782699552,0.0,443.4215355585441,0.0,-0.0,4455088000.0,-0.7573954541315511,-0.6529564503555054,0.0
149599855.61175507,129185603.13530698,0.0,-5.847621489925845e-05,29.7799782459472,0.0,443.42153555854406,0.0,-0.0,4455087999.999998,-0.7571270583952008,-0.6532676461036705,0.0
149599855.40119067,129292811.05694918,0.0,-5.850399868830948e-05,29.779978221944805,0.0,443.4215355585441,0.0,-0.0,4455087999.999998,-0.75685872512996,-0.6535785111175638,0.0
149599855.1905263,129400018.97850499,0.0,-5.853175294202105e-05,29.779978197948036,0.0,443.421535558544,0.0,-0.0,4455087999.999998,-0.7565904545407965,-0.653889045708636,0.0
149599854.97976208,129507226.8999744,0.0,-5.855947768825961e-05,29.779978173956913,0.0,443.42153555854406,0.0,-0.0,4455087999.999999,-0.7563222468320041,-0.6541992501883421,0.0
149599854.7688981,129614434.82135747,0.0,-5.858717295489178e-05,29.779978149971452,0.0,443.42153555854406,0.0,-0.0,4455087999.999998,-0.7560541022072039,-0.6545091248681404,0.0
149599854.55793446,129721642.7426542,0.0,-5.8614838769784265e-05,29.779978125991672,0.0,443.4215355585441,0.0,-0.0,4455087999.999998,-0.7557860208693458,-0.6548186700594915,0.0
149599854.3468713,129828850.66386461,0.0,-5.8642475160803674e-05,29.77997810201759,0.0,443.4215355585441,0.0,-0.0,4455087999.999998,-0.7555180030207092,-0.6551278860738564,0.0
149599854.13570866,129936058.58498873,0.0,-5.8670082155816444e-05,29.779978078049226,0.0,443.4215355585441,0.0,-0.0,4455087999.999998,-0.7552500488629053,-0.6554367732226956,0.0
149599853.9244467,130043266.50602657,0.0,-5.8697659782688706e-05,29.779978054086595,0.0,443.4215355585441,0.0,-0.0,4455087999.999997,-0.7549821585968767,-0.6557453318174676,0.0
149599853.71308553,130150474.42697816,0.0,-5.872520806928616e-05,29.779978030129715,0.0,443.4215355585441,0.0,-0.0,4455087999.999998,-0.7547143324229,-0.656053562169627,0.0
149599853.50162524,130257682.34784351,0.0,-5.8752727043473944e-05,29.779978006178606,0.0,443.4215355585441,0.0,-0.0,4455087999.999998,-0.7544465705405858,-0.6563614645906239,0.0
149599853.29006594,130364890.26862265,0.0,-5.878021673311654e-05,29.779977982233284,0.0,443.42153555854406,0.0,-0.0,4455087999.999997,-0.7541788731488813,-0.6566690393919022,0.0
149599853.07840773,130472098.1893156,0.0,-5.880767716607762e-05,29.779977958293767,0.0,443.42153555854406,0.0,-0.0,4455087999.999997,-0.7539112404460697,-0.6569762868848984,0.0
149599852.8666507,130579306.10992238,0.0,-5.883510837021997e-05,29.779977934360073,0.0,443.421535558544,0.0,-0.0,4455087999.999997,-0.7536436726297732,-0.6572832073810401,0.0
149599852.654795,130686514.030443,0.0,-5.8862510373405335e-05,29.77997791043222,0.0,443.421535558544,0.0,-0.0,4455087999.999997,-0.7533761698969526,-0.6575898011917445,0.0
149599852.44284067,130793721.95087749,0.0,-5.8889883203494306e-05,29.779977886510224,0.0,443.4215355585439,0.0,-0.0,4455087999.999997,-0.7531087324439097,-0.6578960686284174,0.0
149599852.23078787,130900929.87122588,0.0,-5.891722688834621e-05,29.779977862594105,0.0,443.42153555854395,0.0,-0.0,4455087999.999997,-0.752841360466288,-0.6582020100024524,0.0
149599852.01863667,131008137.79148817,0.0,-5.894454145581901e-05,29.77997783868388,0.0,443.42153555854395,0.0,-0.0,4455087999.999997,-0.7525740541590739,-0.6585076256252279,0.0
149599851.80638722,131115345.71166441,0.0,-5.8971826933769136e-05,29.779977814779564,0.0,443.4215355585439,0.0,-0.0,4455087999.999998,-0.7523068137165975,-0.6588129158081076,0.0
149599851.59403956,131222553.63175459,0.0,-5.899908335005144e-05,29.779977790881176,0.0,443.4215355585439,0.0,-0.0,4455087999.999997,-0.7520396393325347,-0.659117880862438,0.0
149599851.38159385,131329761.55175875,0.0,-5.902631073251901e-05,29.779977766988733,0.0,443.4215355585439,0.0,-0.0,4455087999.999997,-0.7517725311999077,-0.6594225210995479,0.0
149599851.16905016,131436969.47167692,0.0,-5.90535091090231e-05,29.77997774310225,0.0,443.42153555854384,0.0,-0.0,4455087999.999997,-0.7515054895110863,-0.6597268368307466,0.0
149599850.95640862,131544177.3915091,0.0,-5.9080678507413005e-05,29.779977719221748,0.0,443.4215355585438,0.0,-0.0,4455087999.999996,-0.7512385144577892,-0.6600308283673226,0.0
149599850.7436693,131651385.31125532,0.0,-5.910781895553593e-05,29.77997769534724,0.0,443.4215355585438,0.0,-0.0,4455087999.999996,-0.750971606231085,-0.6603344960205426,0.0
149599850.53083235,131758593.2309156,0.0,-5.91349304812369e-05,29.77997767147875,0.0,443.42153555854384,0.0,-0.0,4455087999.999996,-0.750704765021394,-0.6606378401016502,0.0
149599850.31789786,131865801.15048997,0.0,-5.9162013112358625e-05,29.77997764761629,0.0,443.4215355585439,0.0,-0.0,4455087999.999997,-0.7504379910184885,-0.6609408609218641,0.0
149599850.1048659,131973009.06997845,0.0,-5.918906687674141e-05,29.779977623759873,0.0,443.4215355585439,0.0,-0.0,4455087999.999997,-0.7501712844114944,-0.6612435587923776,0.0
149599849.89173663,132080216.98938105,0.0,-5.9216091802223e-05,29.77997759990952,0.0,443.42153555854395,0.0,-0.0,4455087999.999998,-0.7499046453888928,-0.661545934024357,0.0
149599849.6785101,132187424.9086978,0.0,-5.924308791663853e-05,29.77997757606525,0.0,443.4215355585439,0.0,-0.0,4455087999.999998,-0.7496380741385202,-0.66184798692894,0.0
149599849.46518645,132294632.82792872,0.0,-5.927005524782036e-05,29.779977552227074,0.0,443.42153555854384,0.0,-0.0,4455087999.999999,-0.749371570847571,-0.6621497178172349,0.0
149599849.25176576,132401840.74707384,0.0,-5.929699382359798e-05,29.779977528395012,0.0,443.42153555854384,0.0,-0.0,4455087999.999998,-0.7491051357025975,-0.6624511270003192,0.0
149599849.03824812,132509048.66613318,0.0,-5.9323903671797915e-05,29.779977504569082,0.0,443.42153555854384,0.0,-0.0,4455087999.999998,-0.7488387688895115,-0.6627522147892383,0.0
149599848.8246337,132616256.58510675,0.0,-5.935078482024359e-05,29.7799774807493,0.0,443.4215355585439,0.0,-0.0,4455087999.999999,-0.7485724705935859,-0.6630529814950046,0.0
149599848.61092252,132723464.50399457,0.0,-5.9377637296755235e-05,29.77997745693568,0.0,443.4215355585439,0.0,-0.0,4455087999.999999,-0.7483062409994554,-0.6633534274285954,0.0
149599848.39711472,132830672.42279668,0.0,-5.940446112914977e-05,29.779977433128238,0.0,443.4215355585439,0.0,-0.0,4455087999.999999,-0.7480400802911178,-0.6636535529009531,0.0
149599848.18321043,132937880.3415131,0.0,-5.94312563452407e-05,29.779977409326992,0.0,443.4215355585439,0.0,-0.0,4455087999.999998,-0.7477739886519352,-0.6639533582229818,0.0
149599847.96920973,133045088.26014385,0.0,-5.945802297283801e-05,29.77997738553196,0.0,443.42153555854395,0.0,-0.0,4455087999.999999,-0.7475079662646356,-0.664252843705549,0.0
149599847.7551127,133152296.17868894,0.0,-5.948476103974802e-05,29.779977361743157,0.0,443.42153555854395,0.0,-0.0,4455088000.0,-0.7472420133113129,-0.6645520096594815,0.0
149599847.54091948,133259504.0971484,0.0,-5.951147057377335e-05,29.7799773379606,0.0,443.421535558544,0.0,-0.0,4455088000.0,-0.7469761299734299,-0.6648508563955662,0.0
149599847.32663015,133366712.01552226,0.0,-5.953815160271273e-05,29.7799773141843,0.0,443.42153555854395,0.0,-0.0,4455087999.999999,-0.7467103164318176,-0.6651493842245475,0.0
149599847.1122448,133473919.93381053,0.0,-5.956480415436096e-05,29.77997729041428,0.0,443.421535558544,0.0,-0.0,4455087999.999999,-0.746444572866678,-0.6654475934571278,0.0
149599846.89776358,133581127.85201325,0.0,-5.959142825650877e-05,29.77997726665055,0.0,443.421535558544,0.0,-0.0,4455087999.999999,-0.7461788994575839,-0.6657454844039642,0.0
149599846.68318656,133688335.77013043,0.0,-5.9618023936942723e-05,29.779977242893132,0.0,443.42153555854406,0.0,-0.0,4455087999.999999,-0.7459132963834813,-0.666043057375669,0.0
149599846.46851385,133795543.68816209,0.0,-5.964459122344509e-05,29.779977219142037,0.0,443.42153555854406,0.0,-0.0,4455087999.999999,-0.7456477638226898,-0.6663403126828079,0.0
149599846.25374553,133902751.60610826,0.0,-5.967113014379379e-05,29.779977195397283,0.0,443.4215355585441,0.0,-0.0,4455087999.999999,-0.745382301952904,-0.6666372506358985,0.0
149599846.03888172,134009959.52396896,0.0,-5.969764072576223e-05,29.779977171658885,0.0,443.42153555854406,0.0,-0.0,4455087999.999999,-0.745116910951195,-0.6669338715454095,0.0
149599845.82392254,134117167.44174422,0.0,-5.972412299711924e-05,29.77997714792686,0.0,443.4215355585441,0.0,-0.0,4455088000.0,-0.7448515909940108,-0.66723017572176,0.0
149599845.60886806,134224375.35943404,0.0,-5.9750576985628955e-05,29.779977124201224,0.0,443.4215355585442,0.0,-0.0,4455087999.999999,-0.7445863422571787,-0.6675261634753168,0.0
149599845.39371842,134331583.27703846,0.0,-5.977700271905071e-05,29.77997710048199,0.0,443.4215355585442,0.0,-0.0,4455087999.999999,-0.7443211649159053,-0.6678218351163954,0.0
149599845.17847368,134438791.19455752,0.0,-5.9803400225138956e-05,29.779977076769175,0.0,443.4215355585442,0.0,-0.0,4455087999.999999,-0.744056059144778,-0.6681171909552563,0.0
149599844.96313396,134545999.11199123,0.0,-5.982976953164312e-05,29.779977053062794,0.0,443.42153555854424,0.0,-0.0,4455087999.999999,-0.7437910251177668,-0.668412231302107,0.0
149599844.74769938,134653207.02933958,0.0,-5.9856110666307536e-05,29.77997702936286,0.0,443.4215355585441,0.0,-0.0,4455087999.999999,-0.7435260630082251,-0.6687069564670977,0.0
149599844.53217,134760414.94660264,0.0,-5.988242365687134e-05,29.779977005669394,0.0,443.4215355585441,0.0,-0.0,4455087999.999999,-0.7432611729888904,-0.6690013667603218,0.0
149599844.31654596,134867622.8637804,0.0,-5.990870853106834e-05,29.779976981982408,0.0,443.4215355585441,0.0,-0.0,4455087999.999999,-0.7429963552318861,-0.6692954624918153,0.0
149599844.10082734,134974830.7808729,0.0,-5.993496531662695e-05,29.77997695830192,0.0,443.42153555854406,0.0,-0.0,4455087999.999999,-0.7427316099087229,-0.6695892439715535,0.0
149599843.88501424,135082038.69788018,0.0,-5.996119404127008e-05,29.779976934627943,0.0,443.4215355585441,0.0,-0.0,4455087999.999999,-0.742466937190299,-0.6698827115094527,0.0
149599843.66910678,135189246.61480224,0.0,-5.998739473271502e-05,29.779976910960492,0.0,443.4215355585442,0.0,-0.0,4455088000.0,-0.7422023372469022,-0.6701758654153667,0.0
149599843.45310503,135296454.5316391,0.0,-6.001356741867336e-05,29.779976887299583,0.0,443.4215355585441,0.0,-0.0,4455087999.999999,-0.7419378102482108,-0.6704687059990868,0.0
149599843.2370091,135403662.4483908,0.0,-6.0039712126850875e-05,29.779976863645228,0.0,443.4215355585441,0.0,-0.0,4455087999.999998,-0.7416733563632945,-0.6707612335703411,0.0
149599843.02081913,135510870.36505738,0.0,-6.006582888494745e-05,29.779976839997445,0.0,443.42153555854406,0.0,-0.0,4455087999.999998,-0.741408975760616,-0.6710534484387917,0.0
149599842.80453518,135618078.2816388,0.0,-6.009191772065695e-05,29.77997681635625,0.0,443.42153555854406,0.0,-0.0,4455087999.999999,-0.7411446686080324,-0.6713453509140358,0.0
149599842.58815736,135725286.19813514,0.0,-6.011797866166715e-05,29.779976792721655,0.0,443.42153555854406,0.0,-0.0,4455087999.999998,-0.7408804350727953,-0.6716369413056027,0.0
149599842.37168577,135832494.1145464,0.0,-6.0144011735659616e-05,29.77997676909368,0.0,443.42153555854406,0.0,-0.0,4455087999.999998,-0.7406162753215533,-0.6719282199229537,0.0
149599842.15512052,135939702.0308726,0.0,-6.0170016970309626e-05,29.779976745472332,0.0,443.42153555854406,0.0,-0.0,4455087999.999998,-0.740352189520352,-0.6722191870754811,0.0
149599841.9384617,136046909.9471138,0.0,-6.0195994393286066e-05,29.779976721857633,0.0,443.421535558544,0.0,-0.0,4455087999.999999,-0.7400881778346362,-0.6725098430725069,0.0
149599841.7217094,136154117.86327,0.0,-6.022194403225132e-05,29.779976698249595,0.0,443.4215355585441,0.0,-0.0,4455087999.999999,-0.7398242404292507,-0.6728001882232811,0.0
149599841.50486374,136261325.77934122,0.0,-6.024786591486121e-05,29.779976674648232,0.0,443.42153555854406,0.0,-0.0,4455088000.0,-0.7395603774684408,-0.6730902228369814,0.0
149599841.2879248,136368533.6953275,0.0,-6.027376006876486e-05,29.77997665105356,0.0,443.4215355585442,0.0,-0.0,4455087999.999999,-0.7392965891158549,-0.6733799472227123,0.0
149599841.0708927,136475741.61122882,0.0,-6.0299626521604636e-05,29.77997662746559,0.0,443.42153555854424,0.0,-0.0,4455088000.0,-0.7390328755345444,-0.6736693616895032,0.0
149599840.8537675,136582949.52704525,0.0,-6.0325465301016015e-05,29.77997660388434,0.0,443.4215355585442,0.0,-0.0,4455087999.999999,-0.7387692368869655,-0.6739584665463079,0.0
149599840.63654938,136690157.4427768,0.0,-6.035127643462753e-05,29.77997658030982,0.0,443.4215355585442,0.0,-0.0,4455088000.0,-0.7385056733349802,-0.6742472621020033,0.0
149599840.41923836,136797365.3584235,0.0,-6.037705995006064e-05,29.77997655674205,0.0,443.4215355585441,0.0,-0.0,4455087999.999999,-0.7382421850398575,-0.6745357486653889,0.0
149599840.20183456,136904573.27398536,0.0,-6.040281587492967e-05,29.779976533181042,0.0,443.4215355585442,0.0,-0.0,4455087999.999999,-0.7379787721622749,-0.674823926545185,0.0
149599839.9843381,137011781.1894624,0.0,-6.04285442368417e-05,29.77997650962681,0.0,443.4215355585441,0.0,-0.0,4455087999.999999,-0.7377154348623187,-0.6751117960500319,0.0
149599839.76674908,137118989.10485467,0.0,-6.045424506339646e-05,29.77997648607937,0.0,443.4215355585442,0.0,-0.0,4455088000.0,-0.7374521732994865,-0.6753993574884892,0.0
149599839.5490676,137226197.0201622,0.0,-6.047991838218628e-05,29.779976462538734,0.0,443.42153555854424,0.0,-0.0,4455087999.999999,-0.737188987632687,-0.6756866111690345,0.0
149599839.3312937,137333404.93538496,0.0,-6.050556422079595e-05,29.779976439004916,0.0,443.4215355585442,0.0,-0.0,4455087999.999999,-0.736925878020242,-0.6759735574000624,0.0
149599839.11342755,137440612.85052302,0.0,-6.053118260680266e-05,29.77997641547793,0.0,443.4215355585441,0.0,-0.0,4455087999.999999,-0.7366628446198876,-0.676260196489883,0.0
149599838.89546922,137547820.7655764,0.0,-6.055677356777589e-05,29.779976391957792,0.0,443.4215355585441,0.0,-0.0,4455087999.999999,-0.7363998875887752,-0.6765465287467222,0.0
149599838.6774188,137655028.68054512,0.0,-6.0582337131277346e-05,29.779976368444515,0.0,443.42153555854424,0.0,-0.0,4455087999.999999,-0.7361370070834721,-0.676832554478719,0.0
149599838.4592764,137762236.5954292,0.0,-6.0607873324860844e-05,29.779976344938113,0.0,443.42153555854424,0.0,-0.0,4455087999.999999,-0.7358742032599638,-0.6771182739939261,0.0
149599838.24104214,137869444.5102287,0.0,-6.063338217607223e-05,29.7799763214386,0.0,443.42153555854424,0.0,-0.0,4455087999.999999,-0.7356114762736543,-0.6774036876003074,0.0
149599838.02271608,137976652.4249436,0.0,-6.065886371244929e-05,29.77997629794599,0.0,443.4215355585443,0.0,-0.0,4455087999.999999,-0.7353488262793678,-0.6776887956057382,0.0
149599837.80429834,138083860.33957392,0.0,-6.068431796152166e-05,29.779976274460292,0.0,443.4215355585442,0.0,-0.0,4455087999.999999,-0.7350862534313496,-0.6779735983180037,0.0
149599837.58578902,138191068.25411972,0.0,-6.0709744950810746e-05,29.779976250981527,0.0,443.4215355585443,0.0,-0.0,4455087999.999999,-0.734823757883267,-0.6782580960447977,0.0
149599837.36718822,138298276.168581,0.0,-6.0735144707829636e-05,29.779976227509703,0.0,443.42153555854424,0.0,-0.0,4455087999.999999,-0.7345613397882111,-0.678542289093722,0.0
149599837.148496,138405484.0829578,0.0,-6.076051726008299e-05,29.77997620404484,0.0,443.4215355585443,0.0,-0.0,4455087999.999998,-0.7342989992986978,-0.6788261777722859,0.0
149599836.9297125,138512691.99725014,0.0,-6.078586263506699e-05,29.779976180586946,0.0,443.4215355585443,0.0,-0.0,4455087999.999999,-0.7340367365666682,-0.6791097623879042,0.0
149599836.7108378,138619899.91145805,0.0,-6.081118086026921e-05,29.779976157136034,0.0,443.4215355585443,0.0,-0.0,4455087999.999998,-0.7337745517434912,-0.6793930432478968,0.0
149599836.49187204,138727107.82558152,0.0,-6.083647196316857e-05,29.77997613369212,0.0,443.42153555854424,0.0,-0.0,4455087999.999999,-0.7335124449799633,-0.6796760206594876,0.0
149599836.27281526,138834315.73962063,0.0,-6.086173597123522e-05,29.779976110255216,0.0,443.4215355585442,0.0,-0.0,4455087999.999999,-0.7332504164263106,-0.6799586949298037,0.0
149599836.05366758,138941523.65357536,0.0,-6.088697291193048e-05,29.77997608682534,0.0,443.4215355585443,0.0,-0.0,4455087999.999999,-0.7329884662321896,-0.6802410663658744,0.0
149599835.8344291,139048731.56744576,0.0,-6.0912182812706734e-05,29.779976063402497,0.0,443.42153555854424,0.0,-0.0,4455087999.999998,-0.7327265945466888,-0.68052313527463,0.0
149599835.61509988,139155939.48123187,0.0,-6.0937365701007355e-05,29.779976039986707,0.0,443.4215355585442,0.0,-0.0,4455087999.999998,-0.7324648015183289,-0.6808049019629009,0.0
149599835.39568007,139263147.39493367,0.0,-6.096252160426662e-05,29.77997601657798,0.0,443.4215355585442,0.0,-0.0,4455087999.999998,-0.7322030872950651,-0.681086366737417,0.0
149599835.17616975,139370355.30855122,0.0,-6.0987650549909614e-05,29.77997599317633,0.0,443.4215355585441,0.0,-0.0,4455087999.999997,-0.7319414520242878,-0.6813675299048064,0.0
149599834.95656902,139477563.22208455,0.0,-6.1012752565352176e-05,29.77997596978177,0.0,443.4215355585441,0.0,-0.0,4455087999.999997,-0.7316798958528233,-0.6816483917715946,0.0
149599834.73687798,139584771.13553366,0.0,-6.103782767800078e-05,29.779975946394313,0.0,443.42153555854406,0.0,-0.0,4455087999.999998,-0.7314184189269362,-0.6819289526442038,0.0
149599834.5170967,139691979.0488986,0.0,-6.106287591525249e-05,29.779975923013975,0.0,443.4215355585441,0.0,-0.0,4455087999.999998,-0.731157021392329,-0.6822092128289513,0.0
149599834.2972253,139799186.9621794,0.0,-6.108789730449483e-05,29.779975899640764,0.0,443.4215355585442,0.0,-0.0,4455087999.999998,-0.7308957033941442,-0.6824891726320492,0.0
149599834.07726386,139906394.87537605,0.0,-6.111289187310576e-05,29.779975876274694,0.0,443.42153555854406,0.0,-0.0,4455087999.999997,-0.7306344650769657,-0.6827688323596033,0.0
149599833.8572125,140013602.7884886,0.0,-6.113785964845353e-05,29.77997585291578,0.0,443.42153555854395,0.0,-0.0,4455087999.999997,-0.730373306584819,-0.6830481923176122,0.0
149599833.6370713,140120810.70151705,0.0,-6.116280065789667e-05,29.779975829564034,0.0,443.421535558544,0.0,-0.0,4455087999.999997,-0.7301122280611738,-0.683327252811966,0.0
149599833.41684037,140228018.61446145,0.0,-6.118771492878383e-05,29.77997580621947,0.0,443.421535558544,0.0,-0.0,4455087999.999997,-0.7298512296489431,-0.6836060141484464,0.0
149599833.1965198,140335226.52732185,0.0,-6.121260248845376e-05,29.779975782882097,0.0,443.42153555854406,0.0,-0.0,4455087999.999997,-0.7295903114904861,-0.6838844766327243,0.0
149599832.97610965,140442434.44009823,0.0,-6.123746336423523e-05,29.77997575955193,0.0,443.4215355585441,0.0,-0.0,4455087999.999997,-0.7293294737276093,-0.6841626405703607,0.0
149599832.75561008,140549642.35279062,0.0,-6.12622975834469e-05,29.779975736228984,0.0,443.42153555854406,0.0,-0.0,4455087999.999997,-0.7290687165015662,-0.6844405062668039,0.0
149599832.53502116,140656850.26539907,0.0,-6.128710517339728e-05,29.779975712913267,0.0,443.4215355585441,0.0,-0.0,4455087999.999998,-0.7288080399530603,-0.6847180740273899,0.0
149599832.31434298,140764058.1779236,0.0,-6.131188616138465e-05,29.779975689604793,0.0,443.4215355585442,0.0,-0.0,4455087999.999998,-0.7285474442222449,-0.6849953441573418,0.0
149599832.09357563,140871266.09036422,0.0,-6.133664057469698e-05,29.779975666303574,0.0,443.4215355585442,0.0,-0.0,4455087999.999998,-0.7282869294487246,-0.6852723169617668,0.0
149599831.8727192,140978474.00272098,0.0,-6.136136844061183e-05,29.779975643009625,0.0,443.4215355585441,0.0,-0.0,4455087999.999998,-0.7280264957715571,-0.6855489927456586,0.0
149599831.6517738,141085681.9149939,0.0,-6.138606978639629e-05,29.779975619722954,0.0,443.4215355585441,0.0,-0.0,4455087999.999998,-0.7277661433292529,-0.6858253718138935,0.0
149599831.43073952,141192889.827183,0.0,-6.141074463930692e-05,29.779975596443578,0.0,443.4215355585442,0.0,-0.0,4455087999.999998,-0.7275058722597785,-0.6861014544712312,0.0
149599831.20961645,141300097.7392883,0.0,-6.143539302658962e-05,29.779975573171505,0.0,443.4215355585441,0.0,-0.0,4455087999.999998,-0.727245682700556,-0.686377241022313,0.0
149599830.98840472,141407305.65130985,0.0,-6.146001497547963e-05,29.77997554990675,0.0,443.4215355585442,0.0,-0.0,4455087999.999997,-0.7269855747884643,-0.6866527317716621,0.0
149599830.7671044,141514513.56324765,0.0,-6.148461051320138e-05,29.779975526649327,0.0,443.4215355585442,0.0,-0.0,4455087999.999998,-0.7267255486598413,-0.6869279270236819,0.0
149599830.54571557,141621721.47510174,0.0,-6.150917966696843e-05,29.779975503399243,0.0,443.4215355585442,0.0,-0.0,4455087999.999998,-0.7264656044504838,-0.6872028270826549,0.0
149599830.32423833,141728929.38687214,0.0,-6.153372246398346e-05,29.779975480156512,0.0,443.42153555854424,0.0,-0.0,4455087999.999998,-0.7262057422956495,-0.6874774322527428,0.0
149599830.1026728,141836137.2985589,0.0,-6.155823893143811e-05,29.779975456921147,0.0,443.4215355585441,0.0,-0.0,4455087999.999998,-0.725945962330058,-0.687751742837985,0.0
149599829.88101903,141943345.21016198,0.0,-6.158272909651292e-05,29.77997543369316,0.0,443.4215355585442,0.0,-0.0,4455087999.999998,-0.7256862646878919,-0.6880257591422976,0.0
149599829.65927717,142050553.12168148,0.0,-6.160719298637731e-05,29.779975410472563,0.0,443.4215355585442,0.0,-0.0,4455087999.999998,-0.7254266495027974,-0.688299481469473,0.0
149599829.43744728,142157761.03311738,0.0,-6.163163062818946e-05,29.779975387259366,0.0,443.42153555854424,0.0,-0.0,4455087999.999998,-0.7251671169078866,-0.688572910123179,0.0
149599829.21552947,142264968.94446975,0.0,-6.165604204909624e-05,29.779975364053584,0.0,443.42153555854424,0.0,-0.0,4455087999.999999,-0.7249076670357374,-0.6888460454069579,0.0
149599828.9935238,142372176.85573858,0.0,-6.168042727623315e-05,29.779975340855227,0.0,443.4215355585443,0.0,-0.0,4455087999.999999,-0.7246483000183951,-0.6891188876242256,0.0
149599828.7714304,142479384.7669239,0.0,-6.170478633672423e-05,29.779975317664306,0.0,443.4215355585443,0.0,-0.0,4455087999.999998,-0.7243890159873746,-0.6893914370782708,0.0
149599828.54924935,142586592.67802575,0.0,-6.172911925768201e-05,29.77997529448083,0.0,443.42153555854424,0.0,-0.0,4455087999.999998,-0.7241298150736596,-0.6896636940722543,0.0
149599828.32698077,142693800.58904415,0.0,-6.175342606620742e-05,29.779975271304817,0.0,443.4215355585443,0.0,-0.0,4455087999.999998,-0.723870697407705,-0.6899356589092078,0.0
149599828.10462472,142801008.49997914,0.0,-6.177770678938973e-05,29.779975248136275,0.0,443.42153555854424,0.0,-0.0,4455087999.999998,-0.7236116631194384,-0.6902073318920342,0.0
149599827.88218132,142908216.41083074,0.0,-6.180196145430644e-05,29.779975224975214,0.0,443.4215355585443,0.0,-0.0,4455087999.999998,-0.7233527123382596,-0.6904787133235049,0.0
149599827.65965062,143015424.32159898,0.0,-6.182619008802328e-05,29.77997520182165,0.0,443.4215355585443,0.0,-0.0,4455087999.999997,-0.7230938451930438,-0.6907498035062611,0.0
149599827.43703276,143122632.23228386,0.0,-6.185039271759408e-05,29.779975178675592,0.0,443.4215355585443,0.0,-0.0,4455087999.999998,-0.7228350618121407,-0.6910206027428117,0.0
149599827.2143278,143229840.14288545,0.0,-6.187456937006071e-05,29.77997515553705,0.0,443.4215355585443,0.0,-0.0,4455087999.999997,-0.7225763623233773,-0.6912911113355323,0.0
149599826.99153587,143337048.05340374,0.0,-6.189872007245305e-05,29.779975132406037,0.0,443.4215355585443,0.0,-0.0,4455087999.999997,-0.7223177468540583,-0.6915613295866656,0.0
149599826.76865706,143444255.9638388,0.0,-6.192284485178885e-05,29.779975109282564,0.0,443.4215355585443,0.0,-0.0,4455087999.999998,-0.7220592155309671,-0.6918312577983193,0.0
149599826.54569143,143551463.8741906,0.0,-6.194694373507372e-05,29.77997508616664,0.0,443.4215355585443,0.0,-0.0,4455087999.999997,-0.7218007684803671,-0.6921008962724666,0.0
149599826.3226391,143658671.7844592,0.0,-6.197101674930105e-05,29.77997506305828,0.0,443.4215355585443,0.0,-0.0,4455087999.999997,-0.721542405828003,-0.6923702453109446,0.0
149599826.09950015,143765879.69464463,0.0,-6.19950639214519e-05,29.779975039957495,0.0,443.4215355585443,0.0,-0.0,4455087999.999998,-0.7212841276991018,-0.6926393052154532,0.0
149599825.87627468,143873087.6047469,0.0,-6.2019085278495e-05,29.779975016864295,0.0,443.42153555854435,0.0,-0.0,4455087999.999998,-0.721025934218374,-0.6929080762875556,0.0
149599825.65296277,143980295.51476607,0.0,-6.204308084738662e-05,29.77997499377869,0.0,443.4215355585444,0.0,-0.0,4455087999.999999,-0.7207678255100144,-0.6931765588286763,0.0
149599825.42956454,144087503.42470214,0.0,-6.206705065507054e-05,29.779974970700692,0.0,443.4215355585444,0.0,-0.0,4455087999.999999,-0.7205098016977038,-0.6934447531401007,0.0
149599825.20608005,144194711.33455512,0.0,-6.209099472847796e-05,29.77997494763031,0.0,443.42153555854446,0.0,-0.0,4455087999.999998,-0.7202518629046095,-0.6937126595229752,0.0
149599824.9825094,144301919.24432507,0.0,-6.211491309452743e-05,29.779974924567558,0.0,443.4215355585444,0.0,-0.0,4455087999.999998,-0.7199940092533872,-0.6939802782783047,0.0
149599824.7588527,144409127.15401202,0.0,-6.213880578012483e-05,29.779974901512446,0.0,443.4215355585445,0.0,-0.0,4455087999.999999,-0.7197362408661809,-0.6942476097069535,0.0
149599824.53511003,144516335.06361598,0.0,-6.216267281216323e-05,29.779974878464984,0.0,443.42153555854446,0.0,-0.0,4455087999.999998,-0.7194785578646258,-0.694514654109644,0.0
149599824.31128147,144623542.973137,0.0,-6.218651421752291e-05,29.77997485542518,0.0,443.4215355585444,0.0,-0.0,4455087999.999998,-0.7192209603698474,-0.6947814117869553,0.0
149599824.08736715,144730750.88257506,0.0,-6.221033002307121e-05,29.77997483239305,0.0,443.42153555854446,0.0,-0.0,4455087999.999998,-0.7189634485024641,-0.6950478830393231,0.0
149599823.86336714,144837958.79193023,0.0,-6.223412025566253e-05,29.779974809368603,0.0,443.4215355585444,0.0,-0.0,4455087999.999998,-0.7187060223825881,-0.6953140681670398,0.0
149599823.6392815,144945166.7012025,0.0,-6.225788494213819e-05,29.77997478635185,0.0,443.42153555854446,0.0,-0.0,4455087999.999998,-0.7184486821298258,-0.6955799674702516,0.0
149599823.41511038,145052374.61039197,0.0,-6.228162410932647e-05,29.7799747633428,0.0,443.4215355585444,0.0,-0.0,4455087999.999997,-0.7181914278632799,-0.6958455812489601,0.0
149599823.19085383,145159582.51949862,0.0,-6.230533778404246e-05,29.779974740341466,0.0,443.42153555854446,0.0,-0.0,4455087999.999998,-0.7179342597015496,-0.6961109098030199,0.0
149599822.96651196,145266790.42852247,0.0,-6.232902599308802e-05,29.779974717347855,0.0,443.42153555854446,0.0,-0.0,4455087999.999998,-0.7176771777627319,-0.6963759534321384,0.0
149599822.74208486,145373998.33746356,0.0,-6.235268876325173e-05,29.77997469436198,0.0,443.42153555854446,0.0,-0.0,4455087999.999998,-0.717420182164424,-0.6966407124358759,0.0
149599822.5175726,145481206.2463219,0.0,-6.237632612130883e-05,29.77997467138385,0.0,443.4215355585445,0.0,-0.0,4455087999.999997,-0.7171632730237223,-0.6969051871136432,0.0
149599822.29297534,145588414.1550975,0.0,-6.239993809402112e-05,29.77997464841348,0.0,443.4215355585445,0.0,-0.0,4455087999.999998,-0.7169064504572248,-0.6971693777647028,0.0
149599822.0682931,145695622.06379047,0.0,-6.242352470813693e-05,29.779974625450873,0.0,443.4215355585445,0.0,-0.0,4455087999.999998,-0.7166497145810323,-0.6974332846881663,0.0
149599821.84352598,145802829.97240078,0.0,-6.244708599039107e-05,29.779974602496043,0.0,443.4215355585446,0.0,-0.0,4455087999.999997,-0.7163930655107491,-0.6976969081829957,0.0
149599821.6186741,145910037.88092846,0.0,-6.247062196750471e-05,29.779974579549002,0.0,443.4215355585445,0.0,-0.0,4455087999.999997,-0.7161365033614838,-0.6979602485480009,0.0
149599821.39373752,146017245.78937355,0.0,-6.249413266618538e-05,29.77997455660976,0.0,443.42153555854463,0.0,-0.0,4455087999.999998,-0.7158800282478517,-0.6982233060818401,0.0
149599821.16871637,146124453.69773605,0.0,-6.25176181131269e-05,29.77997453367832,0.0,443.4215355585446,0.0,-0.0,4455087999.999998,-0.715623640283974,-0.6984860810830187,0.0
149599820.9436107,146231661.60601604,0.0,-6.254107833500927e-05,29.779974510754702,0.0,443.4215355585447,0.0,-0.0,4455087999.999997,-0.7153673395834805,-0.6987485738498885,0.0
149599820.71842062,146338869.5142135,0.0,-6.256451335849865e-05,29.77997448783891,0.0,443.4215355585447,0.0,-0.0,4455087999.999997,-0.7151111262595102,-0.6990107846806477,0.0
149599820.49314624,146446077.42232847,0.0,-6.258792321024732e-05,29.779974464930955,0.0,443.42153555854463,0.0,-0.0,4455087999.999997,-0.7148550004247122,-0.6992727138733392,0.0
149599820.2677876,146553285.330361,0.0,-6.261130791689356e-05,29.77997444203085,0.0,443.42153555854463,0.0,-0.0,4455087999.999997,-0.7145989621912466,-0.6995343617258506,0.0
149599820.04234484,146660493.2383111,0.0,-6.263466750506164e-05,29.7799744191386,0.0,443.4215355585447,0.0,-0.0,4455087999.999997,-0.7143430116707866,-0.6997957285359139,0.0
149599819.81681803,146767701.1461788,0.0,-6.265800200136173e-05,29.779974396254218,0.0,443.4215355585447,0.0,-0.0,4455087999.999997,-0.7140871489745185,-0.7000568146011035,0.0
149599819.59120727,146874909.05396414,0.0,-6.268131143238988e-05,29.779974373377716,0.0,443.4215355585447,0.0,-0.0,4455087999.999998,-0.7138313742131435,-0.7003176202188368,0.0
149599819.36551264,146982116.96166712,0.0,-6.270459582472791e-05,29.7799743505091,0.0,443.42153555854475,0.0,-0.0,4455087999.999999,-0.7135756874968785,-0.7005781456863733,0.0
149599819.1397342,147089324.8692878,0.0,-6.272785520494339e-05,29.77997432764838,0.0,443.4215355585447,0.0,-0.0,4455087999.999998,-0.7133200889354568,-0.7008383913008133,0.0
149599818.9138721,147196532.77682617,0.0,-6.275108959958957e-05,29.779974304795566,0.0,443.42153555854463,0.0,-0.0,4455087999.999997,-0.7130645786381304,-0.701098357359098,0.0
149599818.68792638,147303740.6842823,0.0,-6.277429903520531e-05,29.77997428195067,0.0,443.42153555854463,0.0,-0.0,4455087999.999997,-0.7128091567136701,-0.7013580441580083,0.0
149599818.46189716,147410948.5916562,0.0,-6.279748353831505e-05,29.779974259113697,0.0,443.42153555854463,0.0,-0.0,4455087999.999997,-0.712553823270366,-0.7016174519941647,0.0
149599818.23578453,147518156.49894792,0.0,-6.282064313542873e-05,29.779974236284662,0.0,443.4215355585446,0.0,-0.0,4455087999.999997,-0.7122985784160308,-0.7018765811640261,0.0
149599818.00958857,147625364.40615746,0.0,-6.284377785304172e-05,29.77997421346357,0.0,443.4215355585446,0.0,-0.0,4455087999.999997,-0.7120434222579987,-0.7021354319638894,0.0
149599817.78330937,147732572.31328487,0.0,-6.286688771763482e-05,29.77997419065044,0.0,443.4215355585446,0.0,-0.0,4455087999.999997,-0.7117883549031272,-0.7023940046898889,0.0
149599817.55694702,147839780.22033018,0.0,-6.288997275567416e-05,29.779974167845268,0.0,443.4215355585445,0.0,-0.0,4455087999.999998,-0.7115333764577989,-0.702652299637996,0.0
149599817.33050162,147946988.12729338,0.0,-6.291303299361112e-05,29.779974145048072,0.0,443.4215355585446,0.0,-0.0,4455087999.999998,-0.7112784870279214,-0.702910317104018,0.0
149599817.10397324,148054196.03417453,0.0,-6.293606845788234e-05,29.77997412225886,0.0,443.4215355585446,0.0,-0.0,4455087999.999999,-0.7110236867189293,-0.7031680573835971,0.0
149599816.87736195,148161403.94097367,0.0,-6.295907917490961e-05,29.779974099477638,0.0,443.4215355585446,0.0,-0.0,4455087999.999998,-0.7107689756357852,-0.7034255207722114,0.0
149599816.65066788,148268611.8476908,0.0,-6.298206517109984e-05,29.77997407670442,0.0,443.42153555854463,0.0,-0.0,4455087999.999998,-0.7105143538829795,-0.7036827075651724,0.0
149599816.4238911,148375819.75432596,0.0,-6.300502647284502e-05,29.779974053939213,0.0,443.42153555854463,0.0,-0.0,4455087999.999998,-0.7102598215645339,-0.703939618057626,0.0
149599816.1970317,148483027.66087916,0.0,-6.302796310652211e-05,29.779974031182025,0.0,443.42153555854463,0.0,-0.0,4455087999.999998,-0.7100053787840005,-0.7041962525445502,0.0
149599815.9700898,148590235.56735048,0.0,-6.305087509849306e-05,29.779974008432866,0.0,443.4215355585446,0.0,-0.0,4455087999.999998,-0.7097510256444631,-0.7044526113207563,0.0
149599815.74306545,148697443.4737399,0.0,-6.30737624751047e-05,29.779973985691747,0.0,443.4215355585446,0.0,-0.0,4455087999.999998,-0.7094967622485392,-0.704708694680887,0.0
149599815.51595876,148804651.38004747,0.0,-6.30966252626887e-05,29.779973962958675,0.0,443.42153555854463,0.0,-0.0,4455087999.999998,-0.7092425886983807,-0.7049645029194163,0.0
149599815.28876978,148911859.2862732,0.0,-6.311946348756155e-05,29.77997394023366,0.0,443.42153555854463,0.0,-0.0,4455087999.999998,-0.7089885050956741,-0.7052200363306487,0.0
149599815.06149864,149019067.19241714,0.0,-6.314227717602444e-05,29.77997391751671,0.0,443.42153555854463,0.0,-0.0,4455087999.999998,-0.7087345115416427,-0.705475295208719,0.0
149599814.83414543,149126275.09847933,0.0,-6.316506635436327e-05,29.779973894807835,0.0,443.4215355585446,0.0,-0.0,4455087999.999999,-0.7084806081370478,-0.7057302798475908,0.0
149599814.6067102,149233483.00445977,0.0,-6.318783104884858e-05,29.779973872107043,0.0,443.4215355585445,0.0,-0.0,4455087999.999998,-0.7082267949821883,-0.7059849905410577,0.0
149599814.37919307,149340690.91035852,0.0,-6.321057128573549e-05,29.779973849414343,0.0,443.4215355585445,0.0,-0.0,4455087999.999998,-0.7079730721769036,-0.7062394275827405,0.0
149599814.1515941,149447898.81617558,0.0,-6.323328709126363e-05,29.779973826729748,0.0,443.42153555854463,0.0,-0.0,4455087999.999998,-0.7077194398205731,-0.7064935912660881,0.0
149599813.92391342,149555106.72191098,0.0,-6.325597849165714e-05,29.77997380405326,0.0,443.4215355585445,0.0,-0.0,4455087999.999997,-0.7074658980121183,-0.7067474818843765,0.0
149599813.69615108,149662314.62756476,0.0,-6.327864551312457e-05,29.779973781384893,0.0,443.4215355585446,0.0,-0.0,4455087999.999997,-0.7072124468500036,-0.707001099730708,0.0
149599813.4683072,149769522.53313696,0.0,-6.330128818185887e-05,29.77997375872465,0.0,443.4215355585445,0.0,-0.0,4455087999.999997,-0.7069590864322375,-0.7072544450980117,0.0
149599813.24038184,149876730.4386276,0.0,-6.332390652403726e-05,29.77997373607255,0.0,443.42153555854463,0.0,-0.0,4455087999.999998,-0.7067058168563726,-0.7075075182790408,0.0
149599813.0123751,149983938.3440367,0.0,-6.334650056582132e-05,29.77997371342859,0.0,443.4215355585446,0.0,-0.0,4455087999.999997,-0.7064526382195083,-0.7077603195663744,0.0
149599812.78428707,150091146.2493643,0.0,-6.336907033335681e-05,29.779973690792783,0.0,443.4215355585445,0.0,-0.0,4455087999.999998,-0.7061995506182913,-0.7080128492524153,0.0
149599812.55611783,150198354.1546104,0.0,-6.339161585277366e-05,29.77997366816514,0.0,443.42153555854463,0.0,-0.0,4455087999.999998,-0.7059465541489158,-0.7082651076293902,0.0
149599812.32786748,150305562.05977508,0.0,-6.341413715018596e-05,29.77997364554567,0.0,443.42153555854463,0.0,-0.0,4455087999.999999,-0.7056936489071257,-0.7085170949893491,0.0
149599812.0995361,150412769.96485835,0.0,-6.343663425169185e-05,29.779973622934378,0.0,443.42153555854463,0.0,-0.0,4455087999.999999,-0.7054408349882147,-0.7087688116241645,0.0
149599811.87112376,150519977.86986023,0.0,-6.345910718337354e-05,29.77997360033127,0.0,443.4215355585446,0.0,-0.0,4455087999.999999,-0.7051881124870284,-0.7090202578255308,0.0
149599811.64263055,150627185.77478075,0.0,-6.348155597129718e-05,29.77997357773636,0.0,443.4215355585445,0.0,-0.0,4455087999.999998,-0.7049354814979644,-0.7092714338849643,0.0
149599811.41405657,150734393.67961994,0.0,-6.350398064151289e-05,29.779973555149656,0.0,443.4215355585446,0.0,-0.0,4455087999.999999,-0.7046829421149738,-0.7095223400938019,0.0
149599811.18540192,150841601.58437783,0.0,-6.352638122005464e-05,29.779973532571162,0.0,443.4215355585446,0.0,-0.0,4455087999.999999,-0.7044304944315624,-0.7097729767432011,0.0
149599810.95666665,150948809.48905444,0.0,-6.354875773294029e-05,29.77997351000089,0.0,443.4215355585445,0.0,-0.0,4455087999.999998,-0.7041781385407915,-0.7100233441241393,0.0
149599810.72785088,151056017.39364982,0.0,-6.357111020617144e-05,29.77997348743885,0.0,443.4215355585445,0.0,-0.0,4455087999.999998,-0.7039258745352789,-0.7102734425274133,0.0
149599810.49895468,151163225.298164,0.0,-6.359343866573346e-05,29.779973464885042,0.0,443.4215355585445,0.0,-0.0,4455087999.999998,-0.7036737025072003,-0.7105232722436389,0.0
149599810.26997814,151270433.20259702,0.0,-6.361574313759543e-05,29.779973442339482,0.0,443.4215355585444,0.0,-0.0,4455087999.999997,-0.7034216225482898,-0.7107728335632498,0.0
149599810.04092136,151377641.10694888,0.0,-6.363802364771007e-05,29.77997341980218,0.0,443.4215355585444,0.0,-0.0,4455087999.999997,-0.7031696347498415,-0.711022126776498,0.0
149599809.81178442,151484849.01121962,0.0,-6.366028022201371e-05,29.779973397273135,0.0,443.42153555854446,0.0,-0.0,4455087999.999998,-0.7029177392027104,-0.7112711521734526,0.0
149599809.5825674,151592056.91540927,0.0,-6.368251288642623e-05,29.779973374752363,0.0,443.42153555854446,0.0,-0.0,4455087999.999998,-0.7026659359973126,-0.7115199100439991,0.0
149599809.35327035,151699264.81951785,0.0,-6.370472166685103e-05,29.779973352239868,0.0,443.42153555854446,0.0,-0.0,4455087999.999998,-0.7024142252236283,-0.7117684006778398,0.0
149599809.1238934,151806472.7235454,0.0,-6.3726906589175e-05,29.779973329735657,0.0,443.4215355585444,0.0,-0.0,4455087999.999998,-0.7021626069712008,-0.7120166243644926,0.0
149599808.89443666,151913680.62749195,0.0,-6.374906767926841e-05,29.779973307239743,0.0,443.42153555854446,0.0,-0.0,4455087999.999998,-0.7019110813291385,-0.7122645813932905,0.0
149599808.66490015,152020888.53135753,0.0,-6.377120496298498e-05,29.77997328475213,0.0,443.4215355585446,0.0,-0.0,4455087999.999998,-0.701659648386116,-0.7125122720533815,0.0
149599808.43528402,152128096.43514216,0.0,-6.379331846616168e-05,29.779973262272826,0.0,443.42153555854446,0.0,-0.0,4455087999.999998,-0.7014083082303751,-0.7127596966337275,0.0
149599808.2055883,152235304.33884588,0.0,-6.381540821461883e-05,29.77997323980184,0.0,443.4215355585445,0.0,-0.0,4455087999.999998,-0.7011570609497252,-0.7130068554231043,0.0
149599807.97581312,152342512.24246874,0.0,-6.383747423415999e-05,29.77997321733918,0.0,443.4215355585445,0.0,-0.0,4455087999.999998,-0.7009059066315452,-0.7132537487101008,0.0
149599807.74595854,152449720.14601076,0.0,-6.385951655057191e-05,29.77997319488485,0.0,443.42153555854446,0.0,-0.0,4455087999.999999,-0.700654845362784,-0.7135003767831193,0.0
149599807.51602465,152556928.04947194,0.0,-6.388153518962452e-05,29.77997317243886,0.0,443.42153555854446,0.0,-0.0,4455087999.999999,-0.7004038772299619,-0.7137467399303739,0.0
149599807.28601152,152664135.95285234,0.0,-6.390353017707083e-05,29.779973150001222,0.0,443.42153555854446,0.0,-0.0,4455087999.999999,-0.7001530023191713,-0.7139928384398896,0.0
149599807.05591926,152771343.85615197,0.0,-6.392550153864697e-05,29.77997312757194,0.0,443.42153555854446,0.0,-0.0,4455087999.999999,-0.6999022207160779,-0.7142386725995047,0.0
149599806.82574794,152878551.75937086,0.0,-6.394744930007207e-05,29.77997310515102,0.0,443.42153555854446,0.0,-0.0,4455087999.999999,-0.6996515325059217,-0.7144842426968668,0.0
149599806.59549764,152985759.66250905,0.0,-6.396937348704827e-05,29.77997308273847,0.0,443.42153555854435,0.0,-0.0,4455087999.999999,-0.699400937773518,-0.7147295490194341,0.0
149599806.36516845,153092967.56556657,0.0,-6.399127412526065e-05,29.7799730603343,0.0,443.42153555854446,0.0,-0.0,4455087999.999998,-0.6991504366032584,-0.7149745918544752,0.0
149599806.13476047,153200175.46854347,0.0,-6.40131512403772e-05,29.779973037938515,0.0,443.4215355585444,0.0,-0.0,4455087999.999998,-0.6989000290791116,-0.7152193714890674,0.0
149599805.90427378,153307383.37143975,0.0,-6.403500485804876e-05,29.779973015551125,0.0,443.42153555854446,0.0,-0.0,4455087999.999998,-0.6986497152846255,-0.7154638882100979,0.0
149599805.67370847,153414591.27425545,0.0,-6.4056835003909e-05,29.779972993172134,0.0,443.4215355585444,0.0,-0.0,4455087999.999998,-0.698399495302927,-0.7157081423042614,0.0
149599805.4430646,153521799.1769906,0.0,-6.407864170357441e-05,29.779972970801552,0.0,443.42153555854435,0.0,-0.0,4455087999.999997,-0.6981493692167229,-0.715952134058061,0.0
149599805.21234226,153629007.07964522,0.0,-6.410042498264417e-05,29.779972948439386,0.0,443.4215355585444,0.0,-0.0,4455087999.999998,-0.6978993371083023,-0.7161958637578076,0.0
149599804.98154154,153736214.98221937,0.0,-6.412218486670018e-05,29.779972926085645,0.0,443.4215355585444,0.0,-0.0,4455087999.999997,-0.6976493990595362,-0.7164393316896192,0.0
149599804.75066254,153843422.88471305,0.0,-6.4143921381307e-05,29.779972903740333,0.0,443.42153555854446,0.0,-0.0,4455087999.999997,-0.6973995551518791,-0.71668253813942,0.0
149599804.51970533,153950630.7871263,0.0,-6.416563455201183e-05,29.779972881403456,0.0,443.42153555854446,0.0,-0.0,4455087999.999997,-0.6971498054663707,-0.7169254833929407,0.0
149599804.28867,154057838.68945917,0.0,-6.418732440434444e-05,29.779972859075023,0.0,443.4215355585444,0.0,-0.0,4455087999.999997,-0.6969001500836352,-0.7171681677357178,0.0
149599804.05755663,154165046.59171167,0.0,-6.420899096381713e-05,29.779972836755043,0.0,443.42153555854435,0.0,-0.0,4455087999.999997,-0.6966505890838842,-0.7174105914530933,0.0
149599803.8263653,154272254.49388382,0.0,-6.423063425592472e-05,29.77997281444352,0.0,443.4215355585443,0.0,-0.0,4455087999.999996,-0.6964011225469164,-0.7176527548302136,0.0
149599803.59509608,154379462.39597568,0.0,-6.42522543061445e-05,29.779972792140466,0.0,443.4215355585443,0.0,-0.0,4455087999.999996,-0.6961517505521193,-0.71789465815203,0.0
149599803.3637491,154486670.29798725,0.0,-6.427385113993616e-05,29.779972769845884,0.0,443.4215355585443,0.0,-0.0,4455087999.999996,-0.6959024731784693,-0.7181363017032976,0.0
149599803.1323244,154593878.19991857,0.0,-6.429542478274181e-05,29.779972747559782,0.0,443.42153555854424,0.0,-0.0,4455087999.999997,-0.6956532905045344,-0.7183776857685751,0.0
149599802.90082207,154701086.1017697,0.0,-6.431697525998589e-05,29.779972725282168,0.0,443.42153555854435,0.0,-0.0,4455087999.999997,-0.6954042026084737,-0.7186188106322243,0.0
149599802.6692422,154808294.0035406,0.0,-6.433850259707516e-05,29.779972703013048,0.0,443.42153555854435,0.0,-0.0,4455087999.999997,-0.6951552095680384,-0.7188596765784101,0.0
149599802.43758488,154915501.9052314,0.0,-6.436000681939864e-05,29.779972680752426,0.0,443.42153555854435,0.0,-0.0,4455087999.999996,-0.6949063114605741,-0.7191002838910993,0.0
149599802.20585018,155022709.80684203,0.0,-6.438148795232761e-05,29.779972658500313,0.0,443.42153555854435,0.0,-0.0,4455087999.999997,-0.6946575083630202,-0.7193406328540607,0.0
149599801.97403818,155129917.7083726,0.0,-6.440294602121554e-05,29.779972636256712,0.0,443.4215355585443,0.0,-0.0,4455087999.999996,-0.6944088003519124,-0.7195807237508643,0.0
149599801.742149,155237125.60982308,0.0,-6.442438105139807e-05,29.779972614021634,0.0,443.4215355585443,0.0,-0.0,4455087999.999997,-0.6941601875033825,-0.7198205568648819,0.0
149599801.51018268,155344333.51119354,0.0,-6.444579306819294e-05,29.779972591795083,0.0,443.42153555854424,0.0,-0.0,4455087999.999996,-0.6939116698931602,-0.7200601324792851,0.0
149599801.27813932,155451541.41248402,0.0,-6.446718209690002e-05,29.77997256957707,0.0,443.4215355585443,0.0,-0.0,4455087999.999997,-0.6936632475965736,-0.7202994508770465,0.0
149599801.046019,155558749.3136945,0.0,-6.448854816280123e-05,29.779972547367596,0.0,443.42153555854435,0.0,-0.0,4455087999.999997,-0.69341492068855,-0.7205385123409379,0.0
149599800.8138218,155665957.21482506,0.0,-6.450989129116047e-05,29.77997252516667,0.0,443.42153555854435,0.0,-0.0,4455087999.999997,-0.6931666892436179,-0.720777317153531,0.0
149599800.5815478,155773165.11587572,0.0,-6.453121150722365e-05,29.7799725029743,0.0,443.4215355585444,0.0,-0.0,4455087999.999997,-0.6929185533359071,-0.7210158655971958,0.0
149599800.3491971,155880373.0168465,0.0,-6.455250883621864e-05,29.779972480790487,0.0,443.4215355585444,0.0,-0.0,4455087999.999997,-0.6926705130391498,-0.7212541579541021,0.0
149599800.11676976,155987580.91773742,0.0,-6.457378330335521e-05,29.779972458615244,0.0,443.42153555854446,0.0,-0.0,4455087999.999997,-0.692422568426682,-0.721492194506217,0.0
149599799.88426587,156094788.81854853,0.0,-6.459503493382501e-05,29.779972436448574,0.0,443.42153555854446,0.0,-0.0,4455087999.999997,-0.6921747195714439,-0.7217299755353056,0.0
149599799.65168554,156201996.71927986,0.0,-6.461626375280153e-05,29.779972414290484,0.0,443.4215355585444,0.0,-0.0,4455087999.999997,-0.6919269665459816,-0.7219675013229307,0.0
149599799.41902882,156309204.61993143,0.0,-6.463746978544007e-05,29.77997239214098,0.0,443.42153555854435,0.0,-0.0,4455087999.999997,-0.6916793094224472,-0.7222047721504523,0.0
149599799.18629578,156416412.52050328,0.0,-6.46586530568777e-05,29.77997237000007,0.0,443.42153555854435,0.0,-0.0,4455087999.999996,-0.6914317482726005,-0.7224417882990264,0.0
149599798.95348653,156523620.42099544,0.0,-6.467981359223325e-05,29.779972347867762,0.0,443.4215355585444,0.0,-0.0,4455087999.999997,-0.6911842831678097,-0.7226785500496062,0.0
149599798.72060114,156630828.32140794,0.0,-6.470095141660724e-05,29.77997232574406,0.0,443.4215355585444,0.0,-0.0,4455087999.999997,-0.6909369141790526,-0.72291505768294,0.0
149599798.4876397,156738036.2217408,0.0,-6.472206655508187e-05,29.779972303628966,0.0,443.4215355585444,0.0,-0.0,4455087999.999996,-0.6906896413769174,-0.7231513114795722,0.0
149599798.25460228,156845244.12199408,0.0,-6.4743159032721e-05,29.779972281522493,0.0,443.4215355585444,0.0,-0.0,4455087999.999997,-0.6904424648316031,-0.7233873117198425,0.0
149599798.02148896,156952452.02216777,0.0,-6.476422887457007e-05,29.779972259424646,0.0,443.42153555854446,0.0,-0.0,4455087999.999996,-0.6901953846129222,-0.7236230586838847,0.0
149599797.78829986,157059659.92226192,0.0,-6.47852761056561e-05,29.77997223733543,0.0,443.42153555854446,0.0,-0.0,4455087999.999997,-0.689948400790299,-0.7238585526516274,0.0
149599797.55503502,157166867.8222766,0.0,-6.480630075098767e-05,29.779972215254848,0.0,443.4215355585445,0.0,-0.0,4455087999.999997,-0.6897015134327739,-0.7240937939027937,0.0
149599797.32169452,157274075.72221178,0.0,-6.482730283555486e-05,29.77997219318291,0.0,443.42153555854446,0.0,-0.0,4455087999.999997,-0.6894547226090006,-0.7243287827168999,0.0
149599797.08827847,157381283.6220675,0.0,-6.484828238432923e-05,29.77997217111962,0.0,443.42153555854446,0.0,-0.0,4455087999.999997,-0.6892080283872508,-0.7245635193732559,0.0
149599796.85478693,157488491.52184385,0.0,-6.486923942226379e-05,29.77997214906499,0.0,443.4215355585445,0.0,-0.0,4455087999.999998,-0.6889614308354123,-0.7247980041509644,0.0
149599796.62122,157595699.4215408,0.0,-6.489017397429296e-05,29.779972127019015,0.0,443.4215355585445,0.0,-0.0,4455087999.999998,-0.6887149300209916,-0.7250322373289207,0.0
149599796.3875777,157702907.3211584,0.0,-6.491108606533257e-05,29.77997210498171,0.0,443.4215355585445,0.0,-0.0,4455087999.999998,-0.6884685260111142,-0.725266219185813,0.0
149599796.15386018,157810115.2206967,0.0,-6.493197572027977e-05,29.779972082953076,0.0,443.42153555854446,0.0,-0.0,4455087999.999997,-0.6882222188725253,-0.7254999500001208,0.0
149599795.9200675,157917323.1201557,0.0,-6.495284296401303e-05,29.779972060933122,0.0,443.42153555854446,0.0,-0.0,4455087999.999996,-0.6879760086715921,-0.7257334300501151,0.0
149599795.68619972,158024531.01953542,0.0,-6.497368782139216e-05,29.779972038921855,0.0,443.42153555854446,0.0,-0.0,4455087999.999996,-0.6877298954743029,-0.7259666596138589,0.0
149599795.45225695,158131738.91883594,0.0,-6.499451031725819e-05,29.779972016919277,0.0,443.42153555854446,0.0,-0.0,4455087999.999996,-0.6874838793462695,-0.7261996389692053,0.0
149599795.21823928,158238946.81805727,0.0,-6.50153104764334e-05,29.779971994925397,0.0,443.42153555854446,0.0,-0.0,4455087999.999997,-0.6872379603527273,-0.7264323683937984,0.0
149599794.98414674,158346154.71719941,0.0,-6.503608832372125e-05,29.779971972940217,0.0,443.42153555854446,0.0,-0.0,4455087999.999997,-0.686992138558537,-0.7266648481650724,0.0
149599794.74997947,158453362.61626244,0.0,-6.505684388390641e-05,29.779971950963745,0.0,443.42153555854446,0.0,-0.0,4455087999.999996,-0.686746414028185,-0.7268970785602518,0.0
149599794.5157375,158560570.51524636,0.0,-6.507757718175466e-05,29.779971928995987,0.0,443.4215355585444,0.0,-0.0,4455087999.999996,-0.6865007868257842,-0.7271290598563498,0.0
149599794.28142095,158667778.41415122,0.0,-6.509828824201292e-05,29.77997190703695,0.0,443.42153555854435,0.0,-0.0,4455087999.999997,-0.6862552570150757,-0.7273607923301698,0.0
149599794.04702985,158774986.31297705,0.0,-6.511897708940917e-05,29.779971885086635,0.0,443.42153555854435,0.0,-0.0,4455087999.999996,-0.686009824659429,-0.7275922762583036,0.0
149599793.81256434,158882194.21172386,0.0,-6.513964374865248e-05,29.779971863145054,0.0,443.42153555854435,0.0,-0.0,4455087999.999996,-0.6857644898218433,-0.7278235119171315,0.0
149599793.57802445,158989402.1103917,0.0,-6.51602882444329e-05,29.77997184121221,0.0,443.4215355585444,0.0,-0.0,4455087999.999996,-0.6855192525649487,-0.7280544995828225,0.0
149599793.34341028,159096610.0089806,0.0,-6.518091060142152e-05,29.779971819288104,0.0,443.42153555854435,0.0,-0.0,4455087999.999997,-0.6852741129510064,-0.7282852395313332,0.0
149599793.1087219,159203817.90749058,0.0,-6.520151084427038e-05,29.779971797372745,0.0,443.4215355585443,0.0,-0.0,4455087999.999996,-0.6850290710419104,-0.7285157320384079,0.0
149599792.87395942,159311025.80592167,0.0,-6.522208899761248e-05,29.77997177546614,0.0,443.42153555854435,0.0,-0.0,4455087999.999995,-0.6847841268991881,-0.7287459773795784,0.0
149599792.6391229,159418233.70427394,0.0,-6.524264508606173e-05,29.779971753568294,0.0,443.42153555854424,0.0,-0.0,4455087999.999996,-0.6845392805840009,-0.7289759758301629,0.0
149599792.40421242,159525441.60254738,0.0,-6.52631791342129e-05,29.77997173167921,0.0,443.4215355585443,0.0,-0.0,4455087999.999996,-0.6842945321571463,-0.7292057276652674,0.0
149599792.16922805,159632649.50074205,0.0,-6.528369116664168e-05,29.779971709798897,0.0,443.4215355585443,0.0,-0.0,4455087999.999996,-0.6840498816790572,-0.7294352331597835,0.0
149599791.93416986,159739857.39885795,0.0,-6.530418120790455e-05,29.779971687927357,0.0,443.42153555854424,0.0,-0.0,4455087999.999995,-0.6838053292098044,-0.729664492588389,0.0
149599791.69903797,159847065.29689515,0.0,-6.532464928253881e-05,29.779971666064597,0.0,443.42153555854424,0.0,-0.0,4455087999.999996,-0.6835608748090961,-0.7298935062255475,0.0
149599791.4638324,159954273.19485363,0.0,-6.534509541506255e-05,29.779971644210622,0.0,443.42153555854424,0.0,-0.0,4455087999.999996,-0.6833165185362802,-0.7301222743455081,0.0
149599791.2285533,160061481.09273347,0.0,-6.536551962997458e-05,29.779971622365437,0.0,443.42153555854424,0.0,-0.0,4455087999.999995,-0.6830722604503444,-0.7303507972223052,0.0
149599790.9932007,160168688.9905347,0.0,-6.53859219517545e-05,29.77997160052905,0.0,443.42153555854424,0.0,-0.0,4455087999.999995,-0.6828281006099172,-0.7305790751297582,0.0
149599790.75777468,160275896.8882573,0.0,-6.540630240486255e-05,29.77997157870146,0.0,443.4215355585443,0.0,-0.0,4455087999.999996,-0.6825840390732689,-0.7308071083414708,0.0
149599790.52227533,160383104.78590134,0.0,-6.542666101373968e-05,29.779971556882675,0.0,443.4215355585442,0.0,-0.0,4455087999.999994,-0.6823400758983129,-0.731034897130831,0.0
149599790.28670272,160490312.68346685,0.0,-6.54469978028075e-05,29.779971535072704,0.0,443.42153555854424,0.0,-0.0,4455087999.999994,-0.6820962111426058,-0.7312624417710113,0.0
149599790.05105695,160597520.58095387,0.0,-6.546731279646821e-05,29.779971513271548,0.0,443.42153555854424,0.0,-0.0,4455087999.999994,-0.6818524448633495,-0.7314897425349675,0.0
149599789.8153381,160704728.4783624,0.0,-6.548760601910465e-05,29.779971491479213,0.0,443.42153555854424,0.0,-0.0,4455087999.999995,-0.6816087771173908,-0.7317167996954389,0.0
149599789.57954624,160811936.37569252,0.0,-6.550787749508021e-05,29.779971469695703,0.0,443.4215355585443,0.0,-0.0,4455087999.999995,-0.6813652079612232,-0.7319436135249484,0.0
149599789.34368142,160919144.2729442,0.0,-6.552812724873885e-05,29.779971447921024,0.0,443.4215355585443,0.0,-0.0,4455087999.999995,-0.681121737450988,-0.7321701842958012,0.0
149599789.10774374,161026352.17011756,0.0,-6.554835530440504e-05,29.779971426155182,0.0,443.42153555854424,0.0,-0.0,4455087999.999995,-0.6808783656424743,-0.7323965122800854,0.0
149599788.87173328,161133560.06721255,0.0,-6.556856168638377e-05,29.77997140439818,0.0,443.42153555854424,0.0,-0.0,4455087999.999994,-0.6806350925911201,-0.7326225977496718,0.0
149599788.63565013,161240767.96422923,0.0,-6.55887464189605e-05,29.77997138265002,0.0,443.42153555854424,0.0,-0.0,4455087999.999995,-0.6803919183520145,-0.7328484409762128,0.0
149599788.39949435,161347975.86116764,0.0,-6.560890952640116e-05,29.779971360910714,0.0,443.4215355585442,0.0,-0.0,4455087999.999995,-0.6801488429798972,-0.7330740422311426,0.0
149599788.163266,161455183.7580278,0.0,-6.562905103295208e-05,29.779971339180264,0.0,443.4215355585442,0.0,-0.0,4455087999.999995,-0.6799058665291599,-0.7332994017856774,0.0
149599787.9269652,161562391.65480974,0.0,-6.564917096284002e-05,29.779971317458674,0.0,443.4215355585443,0.0,-0.0,4455087999.999995,-0.6796629890538467,-0.7335245199108146,0.0
149599787.69059202,161669599.55151352,0.0,-6.566926934027212e-05,29.77997129574595,0.0,443.4215355585442,0.0,-0.0,4455087999.999995,-0.6794202106076561,-0.7337493968773318,0.0
149599787.4541465,161776807.44813913,0.0,-6.568934618943588e-05,29.779971274042094,0.0,443.42153555854424,0.0,-0.0,4455087999.999995,-0.6791775312439414,-0.7339740329557887,0.0
149599787.21762875,161884015.34468663,0.0,-6.570940153449916e-05,29.779971252347114,0.0,443.42153555854424,0.0,-0.0,4455087999.999995,-0.6789349510157109,-0.7341984284165243,0.0
149599786.98103884,161991223.24115604,0.0,-6.57294353996101e-05,29.779971230661012,0.0,443.42153555854424,0.0,-0.0,4455087999.999996,-0.6786924699756299,-0.7344225835296588,0.0
149599786.74437684,162098431.1375474,0.0,-6.574944780889717e-05,29.779971208983795,0.0,443.4215355585443,0.0,-0.0,4455087999.999995,-0.6784500881760209,-0.7346464985650918,0.0
149599786.50764284,162205639.03386074,0.0,-6.576943878646907e-05,29.779971187315464,0.0,443.4215355585443,0.0,-0.0,4455087999.999995,-0.6782078056688646,-0.734870173792503,0.0
149599786.2708369,162312846.9300961,0.0,-6.578940835641481e-05,29.77997116565603,0.0,443.42153555854435,0.0,-0.0,4455087999.999995,-0.6779656225058014,-0.7350936094813512,0.0
149599786.03395912,162420054.82625347,0.0,-6.580935654280357e-05,29.77997114400549,0.0,443.4215355585443,0.0,-0.0,4455087999.999995,-0.6777235387381313,-0.7353168059008748,0.0
149599785.79700956,162527262.72233292,0.0,-6.582928336968478e-05,29.779971122363854,0.0,443.42153555854435,0.0,-0.0,4455087999.999996,-0.6774815544168153,-0.7355397633200911,0.0
149599785.5599883,162634470.6183345,0.0,-6.584918886108802e-05,29.779971100731125,0.0,443.4215355585444,0.0,-0.0,4455087999.999995,-0.6772396695924768,-0.7357624820077965,0.0
149599785.3228954,162741678.5142582,0.0,-6.586907304102305e-05,29.779971079107305,0.0,443.42153555854435,0.0,-0.0,4455087999.999995,-0.6769978843154016,-0.735984962232565,0.0
149599785.085731,162848886.4101041,0.0,-6.588893593347977e-05,29.7799710574924,0.0,443.42153555854435,0.0,-0.0,4455087999.999995,-0.6767561986355393,-0.73620720426275,0.0
149599784.8484951,162956094.30587217,0.0,-6.590877756242822e-05,29.779971035886415,0.0,443.42153555854435,0.0,-0.0,4455087999.999995,-0.6765146126025041,-0.7364292083664823,0.0
149599784.61118782,163063302.2015625,0.0,-6.592859795181851e-05,29.779971014289355,0.0,443.42153555854435,0.0,-0.0,4455087999.999995,-0.6762731262655756,-0.7366509748116709,0.0
149599784.37380922,163170510.09717506,0.0,-6.594839712558085e-05,29.779970992701223,0.0,443.4215355585443,0.0,-0.0,4455087999.999995,-0.6760317396736998,-0.7368725038660018,0.0
149599784.1363594,163277717.99270993,0.0,-6.596817510762552e-05,29.779970971122026,0.0,443.42153555854435,0.0,-0.0,4455087999.999996,-0.6757904528754901,-0.7370937957969392,0.0
149599783.8988384,163384925.88816714,0.0,-6.598793192184281e-05,29.779970949551764,0.0,443.4215355585443,0.0,-0.0,4455087999.999996,-0.6755492659192279,-0.7373148508717239,0.0
149599783.66124633,163492133.78354672,0.0,-6.600766759210307e-05,29.779970927990444,0.0,443.4215355585443,0.0,-0.0,4455087999.999996,-0.6753081788528633,-0.7375356693573736,0.0
149599783.42358324,163599341.67884868,0.0,-6.602738214225661e-05,29.77997090643807,0.0,443.4215355585443,0.0,-0.0,4455087999.999996,-0.6750671917240171,-0.7377562515206828,0.0
149599783.18584922,163706549.57407308,0.0,-6.604707559613376e-05,29.779970884894645,0.0,443.4215355585442,0.0,-0.0,4455087999.999997,-0.67482630457998,-0.7379765976282228,0.0
149599782.94804433,163813757.46921992,0.0,-6.60667479775448e-05,29.779970863360177,0.0,443.4215355585443,0.0,-0.0,4455087999.999997,-0.6745855174677151,-0.7381967079463406,0.0
149599782.71016866,163920965.36428928,0.0,-6.608639931027993e-05,29.779970841834665,0.0,443.42153555854424,0.0,-0.0,4455087999.999996,-0.6743448304338573,-0.7384165827411598,0.0
149599782.47222227,164028173.25928116,0.0,-6.61060296181093e-05,29.779970820318116,0.0,443.42153555854435,0.0,-0.0,4455087999.999996,-0.6741042435247157,-0.7386362222785795,0.0
149599782.23420525,164135381.15419558,0.0,-6.612563892478296e-05,29.779970798810535,0.0,443.42153555854435,0.0,-0.0,4455087999.999996,-0.6738637567862727,-0.7388556268242741,0.0
149599781.99611768,164242589.0490326,0.0,-6.614522725403084e-05,29.779970777311924,0.0,443.4215355585444,0.0,-0.0,4455087999.999996,-0.6736233702641872,-0.7390747966436941,0.0
149599781.75795963,164349796.94379222,0.0,-6.616479462956276e-05,29.779970755822287,0.0,443.4215355585444,0.0,-0.0,4455087999.999996,-0.6733830840037929,-0.7392937320020648,0.0
149599781.5197312,164457004.8384745,0.0,-6.618434107506836e-05,29.779970734341628,0.0,443.4215355585444,0.0,-0.0,4455087999.999997,-0.6731428980501011,-0.7395124331643864,0.0
149599781.28143242,164564212.7330795,0.0,-6.620386661421714e-05,29.77997071286995,0.0,443.4215355585444,0.0,-0.0,4455087999.999997,-0.6729028124478004,-0.7397309003954344,0.0
149599781.04306337,164671420.6276072,0.0,-6.622337127065839e-05,29.77997069140726,0.0,443.42153555854446,0.0,-0.0,4455087999.999997,-0.6726628272412588,-0.7399491339597584,0.0
149599780.80462417,164778628.52205765,0.0,-6.624285506802121e-05,29.77997066995356,0.0,443.4215355585444,0.0,-0.0,4455087999.999997,-0.6724229424745225,-0.7401671341216826,0.0
149599780.56611484,164885836.4164309,0.0,-6.62623180299145e-05,29.779970648508854,0.0,443.4215355585444,0.0,-0.0,4455087999.999997,-0.6721831581913198,-0.7403849011453052,0.0
149599780.3275355,164993044.31072694,0.0,-6.628176017992687e-05,29.779970627073148,0.0,443.4215355585444,0.0,-0.0,4455087999.999997,-0.6719434744350583,-0.7406024352944987,0.0
149599780.0888862,165100252.20494583,0.0,-6.630118154162673e-05,29.779970605646444,0.0,443.42153555854446,0.0,-0.0,4455087999.999997,-0.6717038912488296,-0.740819736832909,0.0
149599779.850167,165207460.0990876,0.0,-6.632058213856218e-05,29.779970584228742,0.0,443.42153555854446,0.0,-0.0,4455087999.999996,-0.6714644086754066,-0.741036806023956,0.0
149599779.611378,165314667.9931523,0.0,-6.633996199426105e-05,29.77997056282005,0.0,443.4215355585444,0.0,-0.0,4455087999.999996,-0.6712250267572473,-0.7412536431308333,0.0
149599779.37251928,165421875.88713992,0.0,-6.635932113223088e-05,29.779970541420372,0.0,443.42153555854435,0.0,-0.0,4455087999.999995,-0.6709857455364931,-0.7414702484165069,0.0
149599779.1335909,165529083.78105053,0.0,-6.637865957595885e-05,29.77997052002971,0.0,443.42153555854435,0.0,-0.0,4455087999.999995,-0.6707465650549723,-0.7416866221437164,0.0
149599778.89459294,165636291.67488414,0.0,-6.639797734891184e-05,29.77997049864807,0.0,443.4215355585443,0.0,-0.0,4455087999.999994,-0.6705074853541982,-0.7419027645749741,0.0
149599778.65552548,165743499.5686408,0.0,-6.641727447453635e-05,29.779970477275455,0.0,443.42153555854435,0.0,-0.0,4455087999.999995,-0.6702685064753727,-0.7421186759725652,0.0
149599778.41638857,165850707.46232054,0.0,-6.643655097625851e-05,29.77997045591187,0.0,443.4215355585443,0.0,-0.0,4455087999.999994,-0.6700296284593846,-0.7423343565985472,0.0
149599778.17718232,165957915.35592338,0.0,-6.64558068774841e-05,29.779970434557313,0.0,443.42153555854435,0.0,-0.0,4455087999.999994,-0.6697908513468122,-0.7425498067147499,0.0
149599777.93790677,166065123.24944937,0.0,-6.647504220159846e-05,29.779970413211792,0.0,443.42153555854435,0.0,-0.0,4455087999.999994,-0.6695521751779232,-0.7427650265827757,0.0
149599777.69856203,166172331.14289853,0.0,-6.649425697196654e-05,29.77997039187531,0.0,443.42153555854435,0.0,-0.0,4455087999.999994,-0.6693135999926765,-0.7429800164639985,0.0
149599777.45914814,166279539.0362709,0.0,-6.651345121193283e-05,29.77997037054787,0.0,443.4215355585443,0.0,-0.0,4455087999.999993,-0.669075125830722,-0.7431947766195639,0.0
149599777.2196652,166386746.92956647,0.0,-6.65326249448214e-05,29.779970349229473,0.0,443.4215355585443,0.0,-0.0,4455087999.999993,-0.668836752731402,-0.7434093073103899,0.0
149599776.98011327,166493954.82278535,0.0,-6.655177819393587e-05,29.77997032792013,0.0,443.42153555854435,0.0,-0.0,4455087999.999993,-0.6685984807337517,-0.743623608797165,0.0
149599776.74049243,166601162.7159275,0.0,-6.657091098255935e-05,29.779970306619838,0.0,443.4215355585444,0.0,-0.0,4455087999.999994,-0.6683603098765006,-0.74383768134035,0.0
149599776.50080276,166708370.60899302,0.0,-6.659002333395448e-05,29.779970285328602,0.0,443.42153555854446,0.0,-0.0,4455087999.999995,-0.6681222401980733,-0.7440515252001759,0.0
149599776.2610443,166815578.50198188,0.0,-6.660911527136339e-05,29.779970264046426,0.0,443.42153555854446,0.0,-0.0,4455087999.999995,-0.6678842717365893,-0.7442651406366456,0.0
149599776.02121714,166922786.39489415,0.0,-6.662818681800769e-05,29.779970242773313,0.0,443.4215355585446,0.0,-0.0,4455087999.999995,-0.6676464045298648,-0.7444785279095322,0.0
149599775.78132138,167029994.28772986,0.0,-6.664723799708847e-05,29.779970221509263,0.0,443.42153555854446,0.0,-0.0,4455087999.999995,-0.667408638615414,-0.7446916872783795,0.0
149599775.54135707,167137202.18048903,0.0,-6.666626883178626e-05,29.779970200254283,0.0,443.42153555854446,0.0,-0.0,4455087999.999995,-0.6671709740304483,-0.7449046190025023,0.0
149599775.30132428,167244410.0731717,0.0,-6.668527934526105e-05,29.779970179008377,0.0,443.4215355585445,0.0,-0.0,4455087999.999995,-0.6669334108118787,-0.7451173233409849,0.0
149599775.0612231,167351617.9657779,0.0,-6.670426956065222e-05,29.779970157771544,0.0,443.42153555854446,0.0,-0.0,4455087999.999995,-0.6666959489963157,-0.7453298005526828,0.0
149599774.82105356,167458825.85830766,0.0,-6.67232395010786e-05,29.779970136543792,0.0,443.42153555854446,0.0,-0.0,4455087999.999996,-0.6664585886200707,-0.7455420508962209,0.0
149599774.5808158,167566033.75076103,0.0,-6.674218918963841e-05,29.77997011532512,0.0,443.42153555854435,0.0,-0.0,4455087999.999995,-0.6662213297191562,-0.7457540746299943,0.0
149599774.34050983,167673241.64313802,0.0,-6.676111864940925e-05,29.779970094115537,0.0,443.42153555854446,0.0,-0.0,4455087999.999995,-0.6659841723292873,-0.745965872012168,0.0
149599774.10013577,167780449.5354387,0.0,-6.678002790344809e-05,29.77997007291504,0.0,443.4215355585444,0.0,-0.0,4455087999.999995,-0.6657471164858821,-0.7461774433006758,0.0
149599773.85969368,167887657.42766303,0.0,-6.679891697479128e-05,29.779970051723637,0.0,443.4215355585444,0.0,-0.0,4455087999.999996,-0.6655101622240627,-0.746388788753222,0.0
149599773.6191836,167994865.3198111,0.0,-6.681778588645453e-05,29.779970030541328,0.0,443.4215355585444,0.0,-0.0,4455087999.999996,-0.6652733095786558,-0.7465999086272794,0.0
149599773.37860563,168102073.21188295,0.0,-6.683663466143283e-05,29.779970009368117,0.0,443.42153555854435,0.0,-0.0,4455087999.999995,-0.6650365585841936,-0.746810803180091,0.0
149599773.13795984,168209281.1038786,0.0,-6.685546332270055e-05,29.77996998820401,0.0,443.42153555854446,0.0,-0.0,4455087999.999995,-0.6647999092749151,-0.7470214726686675,0.0
149599772.8972463,168316488.99579805,0.0,-6.687427189321137e-05,29.779969967049002,0.0,443.42153555854446,0.0,-0.0,4455087999.999995,-0.6645633616847658,-0.7472319173497898,0.0
149599772.65646508,168423696.88764137,0.0,-6.689306039589823e-05,29.7799699459031,0.0,443.4215355585444,0.0,-0.0,4455087999.999994,-0.6643269158474,-0.7474421374800068,0.0
149599772.41561627,168530904.77940857,0.0,-6.69118288536734e-05,29.779969924766313,0.0,443.4215355585444,0.0,-0.0,4455087999.999994,-0.6640905717961805,-0.7476521333156363,0.0
149599772.17469993,168638112.6710997,0.0,-6.69305772894284e-05,29.779969903638637,0.0,443.42153555854446,0.0,-0.0,4455087999.999995,-0.6638543295641793,-0.7478619051127646,0.0
149599771.93371615,168745320.5627148,0.0,-6.694930572603406e-05,29.779969882520074,0.0,443.42153555854446,0.0,-0.0,4455087999.999995,-0.6636181891841797,-0.7480714531272467,0.0
149599771.69266498,168852528.45425385,0.0,-6.696801418634042e-05,29.77996986141063,0.0,443.4215355585444,0.0,-0.0,4455087999.999995,-0.6633821506886752,-0.748280777614705,0.0
149599771.4515465,168959736.34571695,0.0,-6.698670269317677e-05,29.77996984031031,0.0,443.42153555854446,0.0,-0.0,4455087999.999996,-0.6631462141098724,-0.7484898788305311,0.0
149599771.21036077,169066944.23710412,0.0,-6.700537126935166e-05,29.779969819219115,0.0,443.42153555854446,0.0,-0.0,4455087999.999996,-0.66291037947969,-0.7486987570298841,0.0
149599770.96910787,169174152.12841535,0.0,-6.702401993765283e-05,29.779969798137046,0.0,443.42153555854446,0.0,-0.0,4455087999.999996,-0.6626746468297607,-0.7489074124676908,0.0
149599770.72778785,169281360.0196507,0.0,-6.704264872084728e-05,29.779969777064107,0.0,443.4215355585445,0.0,-0.0,4455087999.999997,-0.6624390161914318,-0.7491158453986461,0.0
149599770.4864008,169388567.9108102,0.0,-6.706125764168114e-05,29.7799697560003,0.0,443.4215355585445,0.0,-0.0,4455087999.999997,-0.6622034875957652,-0.7493240560772123,0.0
149599770.2449468,169495775.8018939,0.0,-6.70798467228798e-05,29.779969734945627,0.0,443.4215355585445,0.0,-0.0,4455087999.999996,-0.6619680610735397,-0.7495320447576198,0.0
149599770.00342593,169602983.69290182,0.0,-6.709841598714779e-05,29.779969713900094,0.0,443.4215355585446,0.0,-0.0,4455087999.999996,-0.6617327366552503,-0.7497398116938657,0.0
149599769.76183823,169710191.583834,0.0,-6.711696545716883e-05,29.779969692863702,0.0,443.4215355585446,0.0,-0.0,4455087999.999996,-0.66149751437111,-0.7499473571397148,0.0
149599769.5201838,169817399.47469044,0.0,-6.71354951556058e-05,29.77996967183645,0.0,443.4215355585446,0.0,-0.0,4455087999.999996,-0.6612623942510504,-0.7501546813486992,0.0
149599769.2784627,169924607.3654712,0.0,-6.715400510510071e-05,29.779969650818348,0.0,443.4215355585446,0.0,-0.0,4455087999.999997,-0.6610273763247217,-0.7503617845741176,0.0
149599769.036675,170031815.25617635,0.0,-6.717249532827475e-05,29.779969629809393,0.0,443.4215355585446,0.0,-0.0,4455087999.999997,-0.660792460621495,-0.7505686670690365,0.0
149599768.79482076,170139023.14680585,0.0,-6.719096584772821e-05,29.77996960880959,0.0,443.42153555854463,0.0,-0.0,4455087999.999997,-0.6605576471704613,-0.7507753290862881,0.0
149599768.55290008,170246231.03735977,0.0,-6.720941668604052e-05,29.77996958781894,0.0,443.42153555854463,0.0,-0.0,4455087999.999998,-0.6603229360004338,-0.750981770878473,0.0
149599768.310913,170353438.92783815,0.0,-6.722784786577021e-05,29.779969566837444,0.0,443.42153555854463,0.0,-0.0,4455087999.999997,-0.6600883271399479,-0.7511879926979566,0.0
149599768.0688596,170460646.818241,0.0,-6.724625940945495e-05,29.779969545865107,0.0,443.4215355585445,0.0,-0.0,4455087999.999997,-0.6598538206172623,-0.7513939947968722,0.0
149599767.82673997,170567854.70856836,0.0,-6.726465133961146e-05,29.779969524901933,0.0,443.4215355585446,0.0,-0.0,4455087999.999998,-0.6596194164603594,-0.7515997774271191,0.0
149599767.58455414,170675062.5988203,0.0,-6.72830236787356e-05,29.77996950394792,0.0,443.4215355585446,0.0,-0.0,4455087999.999997,-0.6593851146969465,-0.7518053408403632,0.0
149599767.3423022,170782270.4889968,0.0,-6.730137644930224e-05,29.779969483003075,0.0,443.4215355585445,0.0,-0.0,4455087999.999996,-0.6591509153544564,-0.7520106852880365,0.0
149599767.09998423,170889478.37909794,0.0,-6.731970967376539e-05,29.7799694620674,0.0,443.42153555854446,0.0,-0.0,4455087999.999996,-0.6589168184600483,-0.7522158110213368,0.0
149599766.8576003,170996686.2691237,0.0,-6.733802337455809e-05,29.779969441140892,0.0,443.4215355585444,0.0,-0.0,4455087999.999996,-0.6586828240406082,-0.7524207182912289,0.0
149599766.61515048,171103894.15907416,0.0,-6.735631757409244e-05,29.779969420223562,0.0,443.4215355585445,0.0,-0.0,4455087999.999996,-0.6584489321227505,-0.7526254073484429,0.0
149599766.37263483,171211102.04894933,0.0,-6.737459229475958e-05,29.779969399315405,0.0,443.42153555854446,0.0,-0.0,4455087999.999996,-0.6582151427328176,-0.7528298784434746,0.0
149599766.13005343,171318309.93874925,0.0,-6.73928475589297e-05,29.77996937841643,0.0,443.4215355585445,0.0,-0.0,4455087999.999996,-0.6579814558968813,-0.7530341318265863,0.0
149599765.88740635,171425517.82847396,0.0,-6.741108338895204e-05,29.77996935752663,0.0,443.4215355585446,0.0,-0.0,4455087999.999996,-0.657747871640744,-0.7532381677478055,0.0
149599765.64469364,171532725.71812347,0.0,-6.742929980715482e-05,29.779969336646015,0.0,443.4215355585446,0.0,-0.0,4455087999.999995,-0.657514389989939,-0.7534419864569257,0.0
149599765.4019154,171639933.6076978,0.0,-6.74474968358453e-05,29.779969315774583,0.0,443.42153555854446,0.0,-0.0,4455087999.999995,-0.657281010969731,-0.7536455882035059,0.0
149599765.15907168,171747141.49719706,0.0,-6.746567449730975e-05,29.779969294912338,0.0,443.4215355585444,0.0,-0.0,4455087999.999995,-0.6570477346051172,-0.7538489732368702,0.0
149599764.91616255,171854349.3866212,0.0,-6.748383281381345e-05,29.779969274059283,0.0,443.4215355585445,0.0,-0.0,4455087999.999995,-0.6568145609208282,-0.7540521418061085,0.0
149599764.6731881,171961557.2759703,0.0,-6.750197180760068e-05,29.77996925321542,0.0,443.4215355585445,0.0,-0.0,4455087999.999995,-0.6565814899413287,-0.7542550941600759,0.0
149599764.43014836,172068765.16524437,0.0,-6.752009150089466e-05,29.77996923238075,0.0,443.4215355585446,0.0,-0.0,4455087999.999994,-0.6563485216908177,-0.7544578305473928,0.0
149599764.18704346,172175973.05444345,0.0,-6.753819191589766e-05,29.779969211555276,0.0,443.4215355585446,0.0,-0.0,4455087999.999995,-0.65611565619323,-0.7546603512164444,-0.0
149599763.9438734,172283180.94356757,0.0,-6.755627307479088e-05,29.779969190739,0.0,443.4215355585445,0.0,-0.0,4455087999.999995,-0.6558828934722369,-0.7548626564153814,-0.0
149599763.7006383,172390388.83261678,0.0,-6.757433499973451e-05,29.77996916993192,0.0,443.4215355585446,0.0,-0.0,4455087999.999994,-0.6556502335512464,-0.7550647463921196,-0.0
149599763.4573382,172497596.7215911,0.0,-6.75923777128677e-05,29.779969149134043,0.0,443.42153555854446,0.0,-0.0,4455087999.999994,-0.6554176764534044,-0.7552666213943393,-0.0
149599763.2139732,172604804.61049053,0.0,-6.761040123630854e-05,29.77996912834537,0.0,443.42153555854446,0.0,-0.0,4455087999.999994,-0.6551852222015956,-0.7554682816694861,-0.0
149599762.97054332,172712012.49931517,0.0,-6.76284055921541e-05,29.779969107565904,0.0,443.4215355585445,0.0,-0.0,4455087999.999994,-0.6549528708184431,-0.7556697274647698,-0.0
149599762.7270487,172819220.388065,0.0,-6.764639080248037e-05,29.779969086795646,0.0,443.42153555854446,0.0,-0.0,4455087999.999994,-0.6547206223263113,-0.755870959027166,-0.0
149599762.48348933,172926428.2767401,0.0,-6.766435688934228e-05,29.779969066034596,0.0,443.42153555854446,0.0,-0.0,4455087999.999994,-0.6544884767473047,-0.7560719766034137,-0.0
149599762.23986533,173033636.16534048,0.0,-6.768230387477373e-05,29.77996904528276,0.0,443.42153555854446,0.0,-0.0,4455087999.999993,-0.654256434103269,-0.7562727804400176,-0.0
149599761.99617675,173140844.05386615,0.0,-6.77002317807875e-05,29.779969024540133,0.0,443.4215355585444,0.0,-0.0,4455087999.999992,-0.654024494415793,-0.756473370783246,-0.0
149599761.75242367,173248051.94231716,0.0,-6.771814062937531e-05,29.779969003806723,0.0,443.4215355585444,0.0,-0.0,4455087999.999992,-0.6537926577062082,-0.7566737478791324,-0.0
149599761.50860617,173355259.83069354,0.0,-6.773603044250783e-05,29.779968983082533,0.0,443.4215355585444,0.0,-0.0,4455087999.999993,-0.6535609239955895,-0.7568739119734746,-0.0
149599761.26472428,173462467.71899536,0.0,-6.775390124213459e-05,29.779968962367562,0.0,443.4215355585444,0.0,-0.0,4455087999.999993,-0.6533292933047571,-0.7570738633118347,-0.0
149599761.0207781,173569675.60722262,0.0,-6.777175305018407e-05,29.77996894166181,0.0,443.42153555854446,0.0,-0.0,4455087999.999992,-0.6530977656542758,-0.757273602139539,-0.0
149599760.77676767,173676883.49537534,0.0,-6.778958588856363e-05,29.77996892096528,0.0,443.4215355585444,0.0,-0.0,4455087999.999992,-0.6528663410644565,-0.7574731287016779,-0.0
149599760.5326931,173784091.38345358,0.0,-6.780739977915952e-05,29.77996890027798,0.0,443.42153555854446,0.0,-0.0,4455087999.999992,-0.6526350195553573,-0.7576724432431066,-0.0
149599760.2885544,173891299.27145734,0.0,-6.782519474383692e-05,29.779968879599902,0.0,443.42153555854446,0.0,-0.0,4455087999.999992,-0.6524038011467832,-0.7578715460084436,-0.0
149599760.0443517,173998507.1593867,0.0,-6.784297080443988e-05,29.779968858931053,0.0,443.4215355585445,0.0,-0.0,4455087999.999993,-0.6521726858582879,-0.7580704372420725,-0.0
149599759.80008504,174105715.04724166,0.0,-6.786072798279132e-05,29.779968838271433,0.0,443.4215355585445,0.0,-0.0,4455087999.999992,-0.6519416737091736,-0.7582691171881403,-0.0
149599759.55575448,174212922.93502226,0.0,-6.787846630069306e-05,29.779968817621043,0.0,443.42153555854446,0.0,-0.0,4455087999.999993,-0.6517107647184924,-0.758467586090558,-0.0
149599759.3113601,174320130.82272854,0.0,-6.78961857799258e-05,29.779968796979887,0.0,443.42153555854446,0.0,-0.0,4455087999.999992,-0.6514799589050468,-0.7586658441930008,-0.0
149599759.06690195,174427338.71036053,0.0,-6.79138864422491e-05,29.779968776347964,0.0,443.4215355585444,0.0,-0.0,4455087999.999991,-0.6512492562873906,-0.7588638917389077,-0.0
149599758.82238013,174534546.59791824,0.0,-6.793156830940138e-05,29.779968755725278,0.0,443.4215355585444,0.0,-0.0,4455087999.999991,-0.6510186568838293,-0.7590617289714815,-0.0
149599758.57779467,174641754.48540175,0.0,-6.794923140309997e-05,29.77996873511183,0.0,443.4215355585443,0.0,-0.0,4455087999.999991,-0.6507881607124208,-0.7592593561336891,-0.0
149599758.33314568,174748962.37281105,0.0,-6.7966875745041e-05,29.77996871450762,0.0,443.42153555854435,0.0,-0.0,4455087999.999991,-0.6505577677909766,-0.759456773468261,-0.0
149599758.0884332,174856170.2601462,0.0,-6.798450135689951e-05,29.779968693912654,0.0,443.4215355585443,0.0,-0.0,4455087999.999991,-0.6503274781370624,-0.7596539812176913,-0.0
149599757.8436573,174963378.14740723,0.0,-6.800210826032939e-05,29.77996867332693,0.0,443.42153555854435,0.0,-0.0,4455087999.999991,-0.6500972917679981,-0.7598509796242381,-0.0
149599757.59881806,175070586.03459418,0.0,-6.801969647696336e-05,29.77996865275045,0.0,443.42153555854435,0.0,-0.0,4455087999.999992,-0.6498672087008595,-0.760047768929923,-0.0
149599757.3539155,175177793.92170706,0.0,-6.803726602841299e-05,29.779968632183216,0.0,443.42153555854435,0.0,-0.0,4455087999.999991,-0.6496372289524783,-0.7602443493765311,-0.0
149599757.10894975,175285001.80874592,0.0,-6.805481693626871e-05,29.77996861162523,0.0,443.42153555854435,0.0,-0.0,4455087999.999991,-0.6494073525394437,-0.7604407212056117,-0.0
149599756.86392084,175392209.69571078,0.0,-6.80723492220998e-05,29.77996859107649,0.0,443.42153555854435,0.0,-0.0,4455087999.99999,-0.6491775794781017,-0.7606368846584768,-0.0
149599756.61882886,175499417.58260167,0.0,-6.808986290745436e-05,29.779968570537,0.0,443.42153555854435,0.0,-0.0,4455087999.999991,-0.6489479097845574,-0.7608328399762027,-0.0
149599756.37367386,175606625.46941864,0.0,-6.810735801385935e-05,29.779968550006764,0.0,443.42153555854435,0.0,-0.0,4455087999.999992,-0.6487183434746747,-0.7610285873996284,-0.0
149599756.1284559,175713833.35616174,0.0,-6.812483456282056e-05,29.779968529485778,0.0,443.4215355585444,0.0,-0.0,4455087999.999992,-0.6484888805640768,-0.7612241271693576,-0.0
149599755.88317508,175821041.24283096,0.0,-6.814229257582259e-05,29.779968508974047,0.0,443.4215355585444,0.0,-0.0,4455087999.999991,-0.6482595210681483,-0.7614194595257564,-0.0
149599755.63783142,175928249.12942636,0.0,-6.81597320743289e-05,29.77996848847157,0.0,443.42153555854435,0.0,-0.0,4455087999.999992,-0.6480302650020343,-0.7616145847089545,-0.0
149599755.39242503,176035457.01594797,0.0,-6.817715307978178e-05,29.77996846797835,0.0,443.4215355585443,0.0,-0.0,4455087999.999991,-0.6478011123806419,-0.7618095029588453,-0.0
149599755.14695594,176142664.9023958,0.0,-6.819455561360233e-05,29.779968447494387,0.0,443.4215355585443,0.0,-0.0,4455087999.999991,-0.6475720632186408,-0.7620042145150856,-0.0
149599754.90142423,176249872.78876993,0.0,-6.821193969719049e-05,29.779968427019686,0.0,443.42153555854435,0.0,-0.0,4455087999.999991,-0.6473431175304643,-0.7621987196170954,-0.0
149599754.65583,176357080.67507038,0.0,-6.8229305351925e-05,29.779968406554243,0.0,443.42153555854435,0.0,-0.0,4455087999.999991,-0.6471142753303092,-0.7623930185040578,-0.0
149599754.41017327,176464288.56129715,0.0,-6.824665259916347e-05,29.779968386098062,0.0,443.42153555854435,0.0,-0.0,4455087999.999991,-0.6468855366321377,-0.7625871114149199,-0.0
149599754.16445413,176571496.44745028,0.0,-6.826398146024228e-05,29.779968365651143,0.0,443.42153555854435,0.0,-0.0,4455087999.999992,-0.6466569014496767,-0.7627809985883912,-0.0
149599753.91867262,176678704.33352983,0.0,-6.828129195647667e-05,29.77996834521349,0.0,443.4215355585443,0.0,-0.0,4455087999.999991,-0.6464283697964196,-0.7629746802629451,-0.0
149599753.67282885,176785912.21953583,0.0,-6.829858410916067e-05,29.779968324785102,0.0,443.4215355585443,0.0,-0.0,4455087999.999992,-0.6461999416856266,-0.7631681566768185,-0.0
149599753.42692286,176893120.1054683,0.0,-6.831585793956714e-05,29.77996830436598,0.0,443.4215355585443,0.0,-0.0,4455087999.999992,-0.645971617130325,-0.7633614280680108,-0.0
149599753.1809547,177000327.9913273,0.0,-6.833311346894775e-05,29.779968283956126,0.0,443.4215355585444,0.0,-0.0,4455087999.999992,-0.6457433961433111,-0.763554494674285,-0.0
149599752.93492445,177107535.8771128,0.0,-6.835035071853299e-05,29.77996826355554,0.0,443.4215355585443,0.0,-0.0,4455087999.999992,-0.6455152787371491,-0.7637473567331677,-0.0
149599752.6888322,177214743.7628249,0.0,-6.836756970953216e-05,29.779968243164223,0.0,443.42153555854435,0.0,-0.0,4455087999.999991,-0.6452872649241735,-0.7639400144819484,-0.0
149599752.44267797,177321951.6484636,0.0,-6.838477046313338e-05,29.779968222782177,0.0,443.42153555854435,0.0,-0.0,4455087999.999991,-0.645059354716489,-0.7641324681576793,-0.0
149599752.19646186,177429159.53402895,0.0,-6.84019530005036e-05,29.779968202409403,0.0,443.42153555854435,0.0,-0.0,4455087999.999991,-0.6448315481259708,-0.7643247179971768,-0.0
149599751.95018393,177536367.41952097,0.0,-6.841911734278853e-05,29.779968182045902,0.0,443.42153555854435,0.0,-0.0,4455087999.999992,-0.6446038451642659,-0.76451676423702,-0.0
149599751.70384425,177643575.3049397,0.0,-6.843626351111274e-05,29.779968161691674,0.0,443.42153555854435,0.0,-0.0,4455087999.999991,-0.6443762458427941,-0.7647086071135508,-0.0
149599751.45744285,177750783.19028515,0.0,-6.845339152657961e-05,29.77996814134672,0.0,443.4215355585443,0.0,-0.0,4455087999.999992,-0.6441487501727476,-0.764900246862875,-0.0
149599751.21097985,177857991.07555738,0.0,-6.84705014102713e-05,29.779968121011045,0.0,443.42153555854435,0.0,-0.0,4455087999.999991,-0.6439213581650927,-0.7650916837208614,-0.0
149599750.96445528,177965198.96075642,0.0,-6.84875931832488e-05,29.779968100684645,0.0,443.42153555854435,0.0,-0.0,4455087999.999992,-0.6436940698305696,-0.7652829179231415,-0.0
149599750.7178692,178072406.84588233,0.0,-6.850466686655194e-05,29.77996808036752,0.0,443.42153555854435,0.0,-0.0,4455087999.999991,-0.6434668851796944,-0.7654739497051106,-0.0
149599750.4712217,178179614.7309351,0.0,-6.85217224811993e-05,29.779968060059677,0.0,443.42153555854435,0.0,-0.0,4455087999.999991,-0.6432398042227577,-0.765664779301927,-0.0
149599750.22451282,178286822.61591476,0.0,-6.853876004818834e-05,29.779968039761112,0.0,443.42153555854435,0.0,-0.0,4455087999.999992,-0.6430128269698275,-0.7658554069485118,-0.0
149599749.97774264,178394030.50082138,0.0,-6.855577958849529e-05,29.779968019471827,0.0,443.42153555854435,0.0,-0.0,4455087999.999991,-0.6427859534307487,-0.76604583287955,-0.0
149599749.73091123,178501238.385655,0.0,-6.85727811230752e-05,29.779967999191822,0.0,443.42153555854424,0.0,-0.0,4455087999.999991,-0.6425591836151436,-0.766236057329489,-0.0
149599749.48401862,178608446.27041557,0.0,-6.858976467286195e-05,29.7799679789211,0.0,443.4215355585443,0.0,-0.0,4455087999.99999,-0.6423325175324134,-0.7664260805325402,-0.0
149599749.23706493,178715654.1551032,0.0,-6.860673025876821e-05,29.77996795865966,0.0,443.4215355585443,0.0,-0.0,4455087999.999991,-0.6421059551917379,-0.7666159027226777,-0.0
149599748.9900502,178822862.0397179,0.0,-6.862367790168548e-05,29.779967938407506,0.0,443.4215355585443,0.0,-0.0,4455087999.999991,-0.6418794966020767,-0.7668055241336388,-0.0
149599748.7429745,178930069.92425975,0.0,-6.864060762248407e-05,29.779967918164633,0.0,443.4215355585443,0.0,-0.0,4455087999.999992,-0.6416531417721706,-0.7669949449989242,-0.0
149599748.49583787,179037277.80872872,0.0,-6.865751944201313e-05,29.779967897931048,0.0,443.4215355585443,0.0,-0.0,4455087999.999991,-0.6414268907105404,-0.767184165551798,-0.0
149599748.2486404,179144485.69312486,0.0,-6.86744133811006e-05,29.779967877706746,0.0,443.42153555854424,0.0,-0.0,4455087999.999992,-0.6412007434254894,-0.7673731860252869,-0.0
149599748.0013821,179251693.57744822,0.0,-6.869128946055326e-05,29.77996785749173,0.0,443.4215355585442,0.0,-0.0,4455087999.999992,-0.6409746999251031,-0.7675620066521819,-0.0
149599747.75406313,179358901.46169883,0.0,-6.870814770115669e-05,29.779967837286,0.0,443.4215355585442,0.0,-0.0,4455087999.999992,-0.64074876021725,-0.7677506276650362,-0.0
149599747.50668347,179466109.3458767,0.0,-6.872498812367532e-05,29.779967817089563,0.0,443.4215355585442,0.0,-0.0,4455087999.999991,-0.6405229243095827,-0.7679390492961669,-0.0
149599747.25924322,179573317.22998187,0.0,-6.874181074885237e-05,29.77996779690241,0.0,443.4215355585441,0.0,-0.0,4455087999.999991,-0.6402971922095376,-0.7681272717776543,-0.0
149599747.01174244,179680525.1140144,0.0,-6.875861559740992e-05,29.77996777672455,0.0,443.42153555854424,0.0,-0.0,4455087999.999991,-0.6400715639243368,-0.7683152953413419,-0.0
149599746.7641812,179787732.99797428,0.0,-6.877540269004886e-05,29.77996775655598,0.0,443.42153555854424,0.0,-0.0,4455087999.999991,-0.639846039460988,-0.7685031202188367,-0.0
149599746.51655957,179894940.8818616,0.0,-6.879217204744891e-05,29.7799677363967,0.0,443.42153555854424,0.0,-0.0,4455087999.999992,-0.6396206188262845,-0.7686907466415092,-0.0
149599746.2688776,180002148.76567635,0.0,-6.880892369026862e-05,29.77996771624671,0.0,443.4215355585443,0.0,-0.0,4455087999.999992,-0.639395302026808,-0.7688781748404926,-0.0
149599746.02113533,180109356.6494186,0.0,-6.882565763914539e-05,29.77996769610601,0.0,443.42153555854435,0.0,-0.0,4455087999.999992,-0.6391700890689266,-0.7690654050466842,-0.0
149599745.77333286,180216564.53308833,0.0,-6.884237391469542e-05,29.7799676759746,0.0,443.4215355585443,0.0,-0.0,4455087999.999991,-0.6389449799587974,-0.7692524374907446,-0.0
149599745.52547026,180323772.4166856,0.0,-6.885907253751378e-05,29.779967655852484,0.0,443.42153555854424,0.0,-0.0,4455087999.999991,-0.6387199747023666,-0.7694392724030975,-0.0
149599745.27754757,180430980.30021048,0.0,-6.887575352817438e-05,29.779967635739663,0.0,443.42153555854435,0.0,-0.0,4455087999.999992,-0.6384950733053697,-0.7696259100139305,-0.0
149599745.02956486,180538188.18366295,0.0,-6.889241690722995e-05,29.779967615636135,0.0,443.4215355585444,0.0,-0.0,4455087999.999992,-0.6382702757733324,-0.7698123505531944,-0.0
149599744.78152218,180645396.06704307,0.0,-6.890906269521207e-05,29.779967595541898,0.0,443.42153555854435,0.0,-0.0,4455087999.999992,-0.6380455821115715,-0.7699985942506037,-0.0
149599744.5334196,180752603.95035085,0.0,-6.892569091263119e-05,29.779967575456958,0.0,443.42153555854435,0.0,-0.0,4455087999.999992,-0.6378209923251955,-0.7701846413356364,-0.0
149599744.28525722,180859811.83358636,0.0,-6.894230157997659e-05,29.77996755538131,0.0,443.42153555854435,0.0,-0.0,4455087999.999992,-0.637596506419105,-0.7703704920375338,-0.0
149599744.03703505,180967019.7167496,0.0,-6.895889471771639e-05,29.77996753531496,0.0,443.42153555854435,0.0,-0.0,4455087999.999991,-0.6373721243979934,-0.7705561465853015,-0.0
149599743.78875318,181074227.59984064,0.0,-6.897547034629762e-05,29.779967515257905,0.0,443.4215355585444,0.0,-0.0,4455087999.999991,-0.6371478462663475,-0.7707416052077082,-0.0
149599743.54041168,181181435.4828595,0.0,-6.89920284861461e-05,29.779967495210144,0.0,443.42153555854446,0.0,-0.0,4455087999.999991,-0.6369236720284485,-0.7709268681332864,-0.0
149599743.2920106,181288643.36580616,0.0,-6.900856915766657e-05,29.77996747517168,0.0,443.4215355585444,0.0,-0.0,4455087999.999991,-0.636699601688372,-0.771111935590332,-0.0
149599743.04355,181395851.2486807,0.0,-6.90250923812426e-05,29.77996745514251,0.0,443.4215355585444,0.0,-0.0,4455087999.999991,-0.6364756352499894,-0.7712968078069053,-0.0
149599742.79502997,181503059.1314832,0.0,-6.904159817723663e-05,29.77996743512264,0.0,443.42153555854435,0.0,-0.0,4455087999.999991,-0.6362517727169681,-0.77148148501083,-0.0
149599742.54645053,181610267.01421362,0.0,-6.905808656599e-05,29.779967415112065,0.0,443.42153555854435,0.0,-0.0,4455087999.999991,-0.6360280140927715,-0.7716659674296936,-0.0
149599742.29781175,181717474.896872,0.0,-6.90745575678229e-05,29.779967395110788,0.0,443.42153555854435,0.0,-0.0,4455087999.999991,-0.6358043593806613,-0.7718502552908477,-0.0
149599742.04911372,181824682.77945843,0.0,-6.90910112030344e-05,29.779967375118808,0.0,443.4215355585443,0.0,-0.0,4455087999.99999,-0.6355808085836964,-0.7720343488214075,-0.0
149599741.80035648,181931890.66197288,0.0,-6.910744749190246e-05,29.779967355136126,0.0,443.42153555854424,0.0,-0.0,4455087999.99999,-0.6353573617047346,-0.772218248248252,-0.0
149599741.5515401,182039098.5444154,0.0,-6.912386645468393e-05,29.779967335162745,0.0,443.4215355585443,0.0,-0.0,4455087999.99999,-0.6351340187464325,-0.7724019537980249,-0.0
149599741.30266467,182146306.42678607,0.0,-6.914026811161454e-05,29.77996731519866,0.0,443.42153555854435,0.0,-0.0,4455087999.99999,-0.6349107797112472,-0.7725854656971332,-0.0
149599741.05373022,182253514.30908486,0.0,-6.915665248290892e-05,29.779967295243875,0.0,443.42153555854435,0.0,-0.0,4455087999.99999,-0.6346876446014358,-0.772768784171748,-0.0
149599740.8047368,182360722.19131184,0.0,-6.91730195887606e-05,29.779967275298386,0.0,443.42153555854424,0.0,-0.0,4455087999.999991,-0.6344646134190561,-0.772951909447805,-0.0
149599740.55568448,182467930.07346702,0.0,-6.9189369449342e-05,29.779967255362198,0.0,443.4215355585443,0.0,-0.0,4455087999.99999,-0.6342416861659684,-0.7731348417510037,-0.0
149599740.30657333,182575137.95555046,0.0,-6.920570208480448e-05,29.779967235435308,0.0,443.42153555854424,0.0,-0.0,4455087999.9999895,-0.6340188628438346,-0.7733175813068077,-0.0
149599740.05740345,182682345.83756217,0.0,-6.922201751527826e-05,29.77996721551772,0.0,443.4215355585443,0.0,-0.0,4455087999.99999,-0.6337961434541196,-0.7735001283404451,-0.0
149599739.80817485,182789553.7195022,0.0,-6.923831576087252e-05,29.779967195609427,0.0,443.4215355585443,0.0,-0.0,4455087999.99999,-0.6335735279980924,-0.7736824830769082,-0.0
149599739.5588876,182896761.60137057,0.0,-6.925459684167534e-05,29.779967175710436,0.0,443.42153555854435,0.0,-0.0,4455087999.999991,-0.6333510164768257,-0.7738646457409536,-0.0
149599739.30954176,183003969.48316732,0.0,-6.927086077775371e-05,29.779967155820742,0.0,443.42153555854435,0.0,-0.0,4455087999.999991,-0.6331286088911969,-0.7740466165571024,-0.0
149599739.06013742,183111177.36489248,0.0,-6.928710758915359e-05,29.77996713594035,0.0,443.42153555854435,0.0,-0.0,4455087999.999991,-0.6329063052418891,-0.7742283957496399,-0.0
149599738.8106746,183218385.2465461,0.0,-6.930333729589983e-05,29.779967116069255,0.0,443.42153555854435,0.0,-0.0,4455087999.99999,-0.6326841055293909,-0.7744099835426158,-0.0
149599738.5611534,183325593.12812817,0.0,-6.931954991799624e-05,29.77996709620746,0.0,443.4215355585444,0.0,-0.0,4455087999.999991,-0.6324620097539979,-0.7745913801598451,-0.0
149599738.31157386,183432801.0096388,0.0,-6.933574547542557e-05,29.779967076354964,0.0,443.4215355585444,0.0,-0.0,4455087999.99999,-0.6322400179158131,-0.7747725858249067,-0.0
149599738.06193605,183540008.89107794,0.0,-6.935192398814952e-05,29.77996705651177,0.0,443.42153555854435,0.0,-0.0,4455087999.99999,-0.6320181300147467,-0.7749536007611441,-0.0
149599737.81224003,183647216.77244568,0.0,-6.936808547610874e-05,29.77996703667787,0.0,443.42153555854435,0.0,-0.0,4455087999.999991,-0.6317963460505178,-0.7751344251916659,-0.0
149599737.56248587,183754424.65374205,0.0,-6.938422995922283e-05,29.779967016853274,0.0,443.4215355585444,0.0,-0.0,4455087999.999991,-0.6315746660226543,-0.7753150593393454,-0.0
149599737.3126736,183861632.53496704,0.0,-6.940035745739038e-05,29.779966997037974,0.0,443.42153555854435,0.0,-0.0,4455087999.99999,-0.631353089930494,-0.7754955034268203,-0.0
149599737.0628033,183968840.4161207,0.0,-6.941646799048892e-05,29.779966977231975,0.0,443.42153555854435,0.0,-0.0,4455087999.99999,-0.6311316177731846,-0.7756757576764938,-0.0
149599736.81287503,184076048.2972031,0.0,-6.943256157837497e-05,29.779966957435274,0.0,443.4215355585444,0.0,-0.0,4455087999.99999,-0.6309102495496849,-0.7758558223105337,-0.0
149599736.56288886,184183256.17821425,0.0,-6.944863824088402e-05,29.77996693764787,0.0,443.4215355585443,0.0,-0.0,4455087999.9999895,-0.630688985258765,-0.7760356975508725,-0.0
149599736.31284484,184290464.05915418,0.0,-6.946469799783054e-05,29.779966917869768,0.0,443.42153555854435,0.0,-0.0,4455087999.9999895,-0.630467824899007,-0.7762153836192086,-0.0
149599736.06274304,184397671.94002292,0.0,-6.948074086900802e-05,29.779966898100962,0.0,443.42153555854435,0.0,-0.0,4455087999.9999895,-0.6302467684688057,-0.7763948807370046,-0.0
149599735.8125835,184504879.8208205,0.0,-6.949676687418892e-05,29.779966878341455,0.0,443.4215355585443,0.0,-0.0,4455087999.9999895,-0.6300258159663692,-0.7765741891254888,-0.0
149599735.56236634,184612087.701547,0.0,-6.951277603312472e-05,29.779966858591248,0.0,443.4215355585443,0.0,-0.0,4455087999.9999895,-0.6298049673897197,-0.7767533090056549,-0.0
149599735.31209156,184719295.58220237,0.0,-6.952876836554589e-05,29.77996683885034,0.0,443.42153555854435,0.0,-0.0,4455087999.9999895,-0.6295842227366929,-0.7769322405982612,-0.0
149599735.06175923,184826503.4627867,0.0,-6.954474389116191e-05,29.779966819118727,0.0,443.42153555854435,0.0,-0.0,4455087999.9999895,-0.6293635820049404,-0.7771109841238321,-0.0
149599734.81136942,184933711.3433,0.0,-6.956070262966131e-05,29.779966799396412,0.0,443.42153555854446,0.0,-0.0,4455087999.99999,-0.6291430451919291,-0.777289539802657,-0.0
149599734.56092218,185040919.22374237,0.0,-6.957664460071162e-05,29.779966779683395,0.0,443.4215355585444,0.0,-0.0,4455087999.99999,-0.6289226122949418,-0.7774679078547913,-0.0
149599734.3104176,185148127.10411376,0.0,-6.959256982395941e-05,29.779966759979676,0.0,443.4215355585445,0.0,-0.0,4455087999.9999895,-0.6287022833110788,-0.7776460885000556,-0.0
149599734.0598557,185255334.98441422,0.0,-6.96084783190303e-05,29.77996674028525,0.0,443.42153555854446,0.0,-0.0,4455087999.9999895,-0.6284820582372568,-0.777824081958036,-0.0
149599733.80923656,185362542.8646438,0.0,-6.962437010552894e-05,29.77996672060012,0.0,443.4215355585445,0.0,-0.0,4455087999.9999895,-0.6282619370702114,-0.7780018884480845,-0.0
149599733.55856025,185469750.74480256,0.0,-6.964024520303904e-05,29.77996670092429,0.0,443.4215355585445,0.0,-0.0,4455087999.9999895,-0.6280419198064958,-0.7781795081893194,-0.0
149599733.30782682,185576958.62489048,0.0,-6.965610363112336e-05,29.779966681257754,0.0,443.42153555854446,0.0,-0.0,4455087999.99999,-0.6278220064424835,-0.778356941400624,-0.0
149599733.0570363,185684166.5049076,0.0,-6.967194540932373e-05,29.77996666160051,0.0,443.42153555854446,0.0,-0.0,4455087999.9999895,-0.6276021969743664,-0.7785341883006479,-0.0
149599732.80618882,185791374.384854,0.0,-6.968777055716106e-05,29.779966641952566,0.0,443.42153555854446,0.0,-0.0,4455087999.9999895,-0.6273824913981574,-0.7787112491078071,-0.0
149599732.55528438,185898582.26472968,0.0,-6.970357909413532e-05,29.779966622313914,0.0,443.4215355585445,0.0,-0.0,4455087999.9999895,-0.6271628897096903,-0.7788881240402827,-0.0
149599732.30432308,186005790.14453468,0.0,-6.971937103972557e-05,29.779966602684556,0.0,443.42153555854446,0.0,-0.0,4455087999.9999895,-0.6269433919046199,-0.7790648133160233,-0.0
149599732.05330494,186112998.024269,0.0,-6.973514641338997e-05,29.779966583064493,0.0,443.42153555854446,0.0,-0.0,4455087999.9999895,-0.6267239979784234,-0.7792413171527425,-0.0
149599731.80223003,186220205.90393275,0.0,-6.975090523456577e-05,29.779966563453723,0.0,443.4215355585445,0.0,-0.0,4455087999.9999895,-0.6265047079264005,-0.7794176357679211,-0.0
149599731.55109844,186327413.78352588,0.0,-6.976664752266935e-05,29.779966543852243,0.0,443.42153555854446,0.0,-0.0,4455087999.9999895,-0.6262855217436738,-0.7795937693788056,-0.0
149599731.2999102,186434621.66304848,0.0,-6.978237329709616e-05,29.779966524260058,0.0,443.42153555854446,0.0,-0.0,4455087999.9999895,-0.62606643942519,-0.7797697182024094,-0.0
149599731.04866537,186541829.54250056,0.0,-6.979808257722079e-05,29.779966504677162,0.0,443.42153555854446,0.0,-0.0,4455087999.9999895,-0.6258474609657197,-0.7799454824555123,-0.0
149599730.79736403,186649037.42188215,0.0,-6.981377538239697e-05,29.77996648510356,0.0,443.4215355585444,0.0,-0.0,4455087999.9999895,-0.6256285863598587,-0.7801210623546608,-0.0
149599730.5460062,186756245.3011933,0.0,-6.982945173195754e-05,29.77996646553925,0.0,443.4215355585444,0.0,-0.0,4455087999.9999895,-0.6254098156020284,-0.7802964581161682,-0.0
149599730.294592,186863453.18043405,0.0,-6.984511164521452e-05,29.77996644598423,0.0,443.4215355585444,0.0,-0.0,4455087999.9999895,-0.6251911486864752,-0.7804716699561142,-0.0
149599730.04312143,186970661.0596044,0.0,-6.986075514145905e-05,29.7799664264385,0.0,443.4215355585445,0.0,-0.0,4455087999.9999895,-0.6249725856072732,-0.7806466980903457,-0.0
149599729.79159456,187077868.93870443,0.0,-6.987638223996142e-05,29.779966406902055,0.0,443.42153555854446,0.0,-0.0,4455087999.9999895,-0.6247541263583233,-0.7808215427344768,-0.0
149599729.5400115,187185076.81773412,0.0,-6.989199295997111e-05,29.779966387374902,0.0,443.42153555854446,0.0,-0.0,4455087999.9999895,-0.6245357709333537,-0.7809962041038878,-0.0
149599729.28837225,187292284.69669354,0.0,-6.990758732071674e-05,29.779966367857035,0.0,443.4215355585444,0.0,-0.0,4455087999.9999895,-0.6243175193259212,-0.781170682413727,-0.0
149599729.03667688,187399492.5755827,0.0,-6.992316534140615e-05,29.779966348348456,0.0,443.42153555854435,0.0,-0.0,4455087999.9999895,-0.6240993715294116,-0.7813449778789096,-0.0
149599728.78492546,187506700.45440167,0.0,-6.993872704122633e-05,29.779966328849163,0.0,443.4215355585443,0.0,-0.0,4455087999.999989,-0.6238813275370394,-0.7815190907141177,-0.0
149599728.53311807,187613908.33315045,0.0,-6.995427243934349e-05,29.779966309359157,0.0,443.4215355585443,0.0,-0.0,4455087999.999989,-0.6236633873418498,-0.7816930211338015,-0.0
149599728.28125474,187721116.21182907,0.0,-6.996980155490304e-05,29.779966289878438,0.0,443.4215355585443,0.0,-0.0,4455087999.999989,-0.6234455509367179,-0.7818667693521782,-0.0
149599728.02933553,187828324.0904376,0.0,-6.998531440702959e-05,29.779966270407,0.0,443.42153555854424,0.0,-0.0,4455087999.999989,-0.6232278183143505,-0.7820403355832326,-0.0
149599727.7773605,187935531.96897602,0.0,-7.000081101482697e-05,29.779966250944852,0.0,443.4215355585443,0.0,-0.0,4455087999.999989,-0.623010189467285,-0.7822137200407174,-0.0
149599727.5253297,188042739.84744442,0.0,-7.001629139737826e-05,29.779966231491986,0.0,443.42153555854435,0.0,-0.0,4455087999.9999895,-0.6227926643878917,-0.7823869229381526,-0.0
149599727.27324322,188149947.72584277,0.0,-7.003175557374576e-05,29.779966212048404,0.0,443.4215355585444,0.0,-0.0,4455087999.9999895,-0.6225752430683735,-0.7825599444888268,-0.0
149599727.0211011,188257155.60417116,0.0,-7.004720356297102e-05,29.7799661926141,0.0,443.42153555854435,0.0,-0.0,4455087999.999989,-0.6223579255007664,-0.7827327849057956,-0.0
149599726.76890337,188364363.4824296,0.0,-7.006263538407483e-05,29.77996617318908,0.0,443.42153555854435,0.0,-0.0,4455087999.9999895,-0.6221407116769404,-0.782905444401883,-0.0
149599726.51665014,188471571.3606181,0.0,-7.007805105605725e-05,29.77996615377334,0.0,443.4215355585444,0.0,-0.0,4455087999.99999,-0.6219236015885995,-0.7830779231896816,-0.0
149599726.26434144,188578779.23873678,0.0,-7.009345059789761e-05,29.77996613436688,0.0,443.4215355585444,0.0,-0.0,4455087999.9999895,-0.6217065952272828,-0.7832502214815515,-0.0
149599726.01197731,188685987.1167856,0.0,-7.010883402855451e-05,29.7799661149697,0.0,443.42153555854435,0.0,-0.0,4455087999.9999895,-0.6214896925843649,-0.7834223394896215,-0.0
149599725.75955784,188793194.99476457,0.0,-7.012420136696586e-05,29.779966095581795,0.0,443.42153555854435,0.0,-0.0,4455087999.9999895,-0.6212728936510561,-0.7835942774257885,-0.0
149599725.5070831,188900402.87267378,0.0,-7.013955263204885e-05,29.77996607620317,0.0,443.4215355585444,0.0,-0.0,4455087999.9999895,-0.6210561984184038,-0.783766035501718,-0.0
149599725.25455308,189007610.75051326,0.0,-7.015488784269996e-05,29.77996605683382,0.0,443.4215355585444,0.0,-0.0,4455087999.9999895,-0.6208396068772917,-0.7839376139288444,-0.0
149599725.0019679,189114818.628283,0.0,-7.017020701779501e-05,29.77996603747375,0.0,443.42153555854446,0.0,-0.0,4455087999.9999895,-0.6206231190184415,-0.7841090129183705,-0.0
149599724.7493276,189222026.50598305,0.0,-7.018551017618913e-05,29.77996601812295,0.0,443.42153555854446,0.0,-0.0,4455087999.9999895,-0.6204067348324133,-0.7842802326812679,-0.0
149599724.49663225,189329234.38361347,0.0,-7.020079733671678e-05,29.779965998781424,0.0,443.4215355585444,0.0,-0.0,4455087999.99999,-0.6201904543096051,-0.784451273428277,-0.0
149599724.24388188,189436442.2611743,0.0,-7.021606851819176e-05,29.779965979449173,0.0,443.42153555854446,0.0,-0.0,4455087999.9999895,-0.619974277440255,-0.7846221353699075,-0.0
149599723.99107656,189543650.13866553,0.0,-7.023132373940723e-05,29.779965960126194,0.0,443.42153555854446,0.0,-0.0,4455087999.9999895,-0.6197582042144404,-0.784792818716438,-0.0
149599723.73821637,189650858.0160872,0.0,-7.024656301913569e-05,29.779965940812485,0.0,443.4215355585444,0.0,-0.0,4455087999.99999,-0.6195422346220789,-0.7849633236779162,-0.0
149599723.48530135,189758065.89343938,0.0,-7.0261786376129e-05,29.779965921508047,0.0,443.42153555854446,0.0,-0.0,4455087999.99999,-0.6193263686529289,-0.7851336504641591,-0.0
149599723.23233154,189865273.7707221,0.0,-7.027699382911845e-05,29.77996590221288,0.0,443.42153555854446,0.0,-0.0,4455087999.99999,-0.6191106062965908,-0.7853037992847532,-0.0
149599722.97930703,189972481.64793533,0.0,-7.029218539681465e-05,29.77996588292698,0.0,443.42153555854446,0.0,-0.0,4455087999.99999,-0.6188949475425055,-0.7854737703490545,-0.0
149599722.72622785,190079689.52507916,0.0,-7.030736109790764e-05,29.779965863650347,0.0,443.42153555854446,0.0,-0.0,4455087999.99999,-0.618679392379958,-0.7856435638661886,-0.0
149599722.47309405,190186897.4021536,0.0,-7.032252095106687e-05,29.77996584438298,0.0,443.42153555854446,0.0,-0.0,4455087999.99999,-0.6184639407980747,-0.7858131800450509,-0.0
149599722.2199057,190294105.2791587,0.0,-7.033766497494119e-05,29.779965825124876,0.0,443.4215355585444,0.0,-0.0,4455087999.99999,-0.6182485927858263,-0.7859826190943064,-0.0
149599721.96666288,190401313.15609452,0.0,-7.035279318815888e-05,29.77996580587604,0.0,443.42153555854435,0.0,-0.0,4455087999.99999,-0.6180333483320277,-0.78615188122239,-0.0
149599721.7133656,190508521.03296104,0.0,-7.036790560932765e-05,29.779965786636467,0.0,443.4215355585444,0.0,-0.0,4455087999.99999,-0.6178182074253372,-0.7863209666375066,-0.0
149599721.460014,190615728.90975833,0.0,-7.038300225703467e-05,29.779965767406157,0.0,443.4215355585444,0.0,-0.0,4455087999.99999,-0.6176031700542592,-0.786489875547632,-0.0
149599721.20660803,190722936.7864864,0.0,-7.039808314984652e-05,29.77996574818511,0.0,443.42153555854446,0.0,-0.0,4455087999.999991,-0.6173882362071436,-0.7866586081605109,-0.0
149599720.9531478,190830144.66314527,0.0,-7.04131483063093e-05,29.77996572897332,0.0,443.42153555854446,0.0,-0.0,4455087999.999991,-0.6171734058721855,-0.7868271646836595,-0.0
149599720.69963336,190937352.53973502,0.0,-7.042819774494853e-05,29.77996570977079,0.0,443.4215355585444,0.0,-0.0,4455087999.99999,-0.6169586790374271,-0.786995545324364,-0.0
149599720.44606477,191044560.41625565,0.0,-7.044323148426926e-05,29.779965690577516,0.0,443.42153555854435,0.0,-0.0,4455087999.9999895,-0.616744055690758,-0.787163750289681,-0.0
149599720.1924421,191151768.2927072,0.0,-7.045824954275599e-05,29.7799656713935,0.0,443.4215355585444,0.0,-0.0,4455087999.9999895,-0.6165295358199149,-0.7873317797864382,-0.0
149599719.93876538,191258976.1690897,0.0,-7.047325193887276e-05,29.779965652218742,0.0,443.4215355585444,0.0,-0.0,4455087999.9999895,-0.616315119412483,-0.7874996340212337,-0.0
149599719.6850347,191366184.04540318,0.0,-7.04882386910631e-05,29.779965633053237,0.0,443.4215355585444,0.0,-0.0,4455087999.999989,-0.6161008064558958,-0.7876673132004366,-0.0
149599719.43125007,191473391.9216477,0.0,-7.050320981775006e-05,29.779965613896987,0.0,443.4215355585444,0.0,-0.0,4455087999.999989,-0.6158865969374363,-0.7878348175301875,-0.0
149599719.1774116,191580599.79782325,0.0,-7.051816533733625e-05,29.77996559474999,0.0,443.4215355585444,0.0,-0.0,4455087999.999989,-0.6156724908442371,-0.7880021472163974,-0.0
149599718.92351928,191687807.6739299,0.0,-7.053310526820379e-05,29.77996557561224,0.0,443.42153555854446,0.0,-0.0,4455087999.999989,-0.6154584881632806,-0.7881693024647489,-0.0
149599718.66957325,191795015.54996768,0.0,-7.054802962871439e-05,29.779965556483745,0.0,443.4215355585444,0.0,-0.0,4455087999.9999895,-0.6152445888814004,-0.7883362834806962,-0.0
149599718.4155735,191902223.4259366,0.0,-7.056293843720928e-05,29.779965537364497,0.0,443.42153555854446,0.0,-0.0,4455087999.9999895,-0.6150307929852811,-0.7885030904694644,-0.0
149599718.16152012,192009431.30183673,0.0,-7.057783171200931e-05,29.779965518254496,0.0,443.42153555854446,0.0,-0.0,4455087999.9999895,-0.6148171004614588,-0.7886697236360506,-0.0
149599717.90741315,192116639.17766806,0.0,-7.059270947141488e-05,29.779965499153743,0.0,443.4215355585445,0.0,-0.0,4455087999.99999,-0.6146035112963218,-0.7888361831852239,-0.0
149599717.65325263,192223847.05343065,0.0,-7.0607571733706e-05,29.779965480062234,0.0,443.4215355585445,0.0,-0.0,4455087999.99999,-0.6143900254761117,-0.7890024693215242,-0.0
149599717.39903864,192331054.92912453,0.0,-7.06224185171423e-05,29.77996546097997,0.0,443.4215355585446,0.0,-0.0,4455087999.99999,-0.6141766429869225,-0.7891685822492646,-0.0
149599717.14477125,192438262.80474973,0.0,-7.063724983996302e-05,29.779965441906946,0.0,443.4215355585445,0.0,-0.0,4455087999.99999,-0.6139633638147024,-0.7893345221725294,-0.0
149599716.89045048,192545470.6803063,0.0,-7.065206572038699e-05,29.779965422843162,0.0,443.42153555854446,0.0,-0.0,4455087999.9999895,-0.6137501879452539,-0.7895002892951754,-0.0
149599716.6360764,192652678.5557942,0.0,-7.066686617661274e-05,29.77996540378862,0.0,443.4215355585444,0.0,-0.0,4455087999.9999895,-0.6135371153642337,-0.7896658838208315,-0.0
149599716.38164905,192759886.43121356,0.0,-7.06816512268184e-05,29.779965384743317,0.0,443.4215355585444,0.0,-0.0,4455087999.9999895,-0.6133241460571542,-0.7898313059528995,-0.0
149599716.1271685,192867094.30656436,0.0,-7.069642088916178e-05,29.779965365707252,0.0,443.42153555854446,0.0,-0.0,4455087999.9999895,-0.6131112800093832,-0.789996555894553,-0.0
149599715.87263483,192974302.18184665,0.0,-7.071117518178037e-05,29.779965346680424,0.0,443.4215355585445,0.0,-0.0,4455087999.9999895,-0.612898517206145,-0.790161633848739,-0.0
149599715.61804807,193081510.05706045,0.0,-7.072591412279134e-05,29.77996532766283,0.0,443.4215355585445,0.0,-0.0,4455087999.9999895,-0.6126858576325201,-0.7903265400181769,-0.0
149599715.36340827,193188717.93220583,0.0,-7.074063773029153e-05,29.779965308654468,0.0,443.4215355585445,0.0,-0.0,4455087999.9999895,-0.6124733012734471,-0.7904912746053593,-0.0
149599715.1087155,193295925.80728278,0.0,-7.07553460223575e-05,29.779965289655337,0.0,443.42153555854446,0.0,-0.0,4455087999.99999,-0.6122608481137211,-0.7906558378125511,-0.0
149599714.8539698,193403133.68229136,0.0,-7.077003901704554e-05,29.77996527066544,0.0,443.4215355585445,0.0,-0.0,4455087999.99999,-0.6120484981379959,-0.7908202298417913,-0.0
149599714.59917125,193510341.55723158,0.0,-7.078471673239164e-05,29.779965251684768,0.0,443.4215355585445,0.0,-0.0,4455087999.99999,-0.6118362513307843,-0.7909844508948917,-0.0
149599714.34431988,193617549.43210348,0.0,-7.079937918641154e-05,29.779965232713327,0.0,443.4215355585445,0.0,-0.0,4455087999.99999,-0.6116241076764578,-0.7911485011734374,-0.0
149599714.08941576,193724757.30690712,0.0,-7.081402639710075e-05,29.77996521375111,0.0,443.4215355585445,0.0,-0.0,4455087999.99999,-0.6114120671592479,-0.7913123808787875,-0.0
149599713.83445892,193831965.1816425,0.0,-7.08286583824345e-05,29.77996519479812,0.0,443.42153555854446,0.0,-0.0,4455087999.99999,-0.6112001297632458,-0.7914760902120741,-0.0
149599713.57944945,193939173.05630967,0.0,-7.084327516036782e-05,29.779965175854354,0.0,443.4215355585446,0.0,-0.0,4455087999.999991,-0.6109882954724035,-0.791639629374204,-0.0
149599713.32438737,194046380.93090865,0.0,-7.085787674883551e-05,29.779965156919808,0.0,443.4215355585445,0.0,-0.0,4455087999.999991,-0.6107765642705342,-0.7918029985658567,-0.0
149599713.06927276,194153588.8054395,0.0,-7.087246316575217e-05,29.779965137994484,0.0,443.4215355585445,0.0,-0.0,4455087999.999991,-0.6105649361413125,-0.7919661979874868,-0.0
149599712.81410566,194260796.67990223,0.0,-7.08870344290122e-05,29.77996511907838,0.0,443.4215355585446,0.0,-0.0,4455087999.999991,-0.610353411068275,-0.7921292278393226,-0.0
149599712.55888614,194368004.55429688,0.0,-7.090159055648984e-05,29.77996510017149,0.0,443.4215355585446,0.0,-0.0,4455087999.999992,-0.6101419890348211,-0.7922920883213668,-0.0
149599712.30361423,194475212.42862347,0.0,-7.091613156603913e-05,29.77996508127382,0.0,443.4215355585445,0.0,-0.0,4455087999.999992,-0.6099306700242129,-0.7924547796333964,-0.0
149599712.04829,194582420.30288205,0.0,-7.093065747549398e-05,29.77996506238536,0.0,443.42153555854463,0.0,-0.0,4455087999.999992,-0.6097194540195762,-0.792617301974963,-0.0
149599711.79291353,194689628.17707264,0.0,-7.094516830266813e-05,29.779965043506117,0.0,443.42153555854463,0.0,-0.0,4455087999.999992,-0.6095083410039008,-0.7927796555453934,-0.0
149599711.53748482,194796836.0511953,0.0,-7.095966406535519e-05,29.779965024636084,0.0,443.42153555854463,0.0,-0.0,4455087999.999992,-0.6092973309600409,-0.7929418405437882,-0.0
149599711.28200397,194904043.92525002,0.0,-7.097414478132865e-05,29.77996500577526,0.0,443.4215355585446,0.0,-0.0,4455087999.999992,-0.6090864238707152,-0.793103857169024,-0.0
149599711.02647102,195011251.7992369,0.0,-7.098861046834188e-05,29.779964986923645,0.0,443.4215355585446,0.0,-0.0,4455087999.999993,-0.6088756197185085,-0.7932657056197515,-0.0
149599710.770886,195118459.6731559,0.0,-7.100306114412818e-05,29.779964968081238,0.0,443.42153555854463,0.0,-0.0,4455087999.999992,-0.6086649184858708,-0.7934273860943977,-0.0
149599710.51524898,195225667.54700708,0.0,-7.101749682640073e-05,29.779964949248036,0.0,443.4215355585447,0.0,-0.0,4455087999.999993,-0.6084543201551189,-0.7935888987911639,-0.0
149599710.25956005,195332875.4207905,0.0,-7.103191753285262e-05,29.779964930424036,0.0,443.4215355585447,0.0,-0.0,4455087999.999993,-0.608243824708436,-0.7937502439080275,-0.0
149599710.0038192,195440083.29450616,0.0,-7.104632328115694e-05,29.779964911609238,0.0,443.4215355585447,0.0,-0.0,4455087999.999993,-0.6080334321278733,-0.7939114216427415,-0.0
149599709.74802652,195547291.1681541,0.0,-7.106071408896667e-05,29.77996489280364,0.0,443.4215355585447,0.0,-0.0,4455087999.999992,-0.6078231423953487,-0.7940724321928346,-0.0
149599709.49218208,195654499.04173434,0.0,-7.107508997391476e-05,29.77996487400724,0.0,443.4215355585447,0.0,-0.0,4455087999.999993,-0.607612955492649,-0.7942332757556109,-0.0
149599709.2362859,195761706.91524693,0.0,-7.108945095361416e-05,29.77996485522004,0.0,443.4215355585447,0.0,-0.0,4455087999.999993,-0.6074028714014296,-0.7943939525281511,-0.0
149599708.98033804,195868914.7886919,0.0,-7.110379704565777e-05,29.779964836442034,0.0,443.4215355585447,0.0,-0.0,4455087999.999992,-0.6071928901032146,-0.7945544627073121,-0.0
149599708.72433856,195976122.66206932,0.0,-7.111812826761854e-05,29.77996481767322,0.0,443.4215355585447,0.0,-0.0,4455087999.999992,-0.6069830115793985,-0.7947148064897268,-0.0
149599708.46828753,196083330.53537917,0.0,-7.113244463704936e-05,29.7799647989136,0.0,443.42153555854475,0.0,-0.0,4455087999.999993,-0.6067732358112446,-0.7948749840718046,-0.0
149599708.21218497,196190538.40862152,0.0,-7.114674617148319e-05,29.77996478016317,0.0,443.42153555854475,0.0,-0.0,4455087999.999992,-0.6065635627798883,-0.7950349956497315,-0.0
149599707.95603096,196297746.28179637,0.0,-7.116103288843302e-05,29.779964761421926,0.0,443.42153555854463,0.0,-0.0,4455087999.999992,-0.6063539924663346,-0.79519484141947,-0.0
149599707.69982556,196404954.15490377,0.0,-7.117530480539186e-05,29.77996474268987,0.0,443.4215355585447,0.0,-0.0,4455087999.999992,-0.6061445248514608,-0.79535452157676,-0.0
149599707.4435688,196512162.02794376,0.0,-7.118956193983281e-05,29.779964723966998,0.0,443.42153555854463,0.0,-0.0,4455087999.999992,-0.6059351599160153,-0.795514036317118,-0.0
149599707.18726075,196619369.90091637,0.0,-7.120380430920903e-05,29.77996470525331,0.0,443.4215355585446,0.0,-0.0,4455087999.999993,-0.6057258976406198,-0.7956733858358375,-0.0
149599706.93090144,196726577.77382162,0.0,-7.121803193095375e-05,29.779964686548805,0.0,443.42153555854463,0.0,-0.0,4455087999.999992,-0.6055167380057678,-0.7958325703279894,-0.0
149599706.67449093,196833785.64665955,0.0,-7.123224482248033e-05,29.77996466785348,0.0,443.42153555854463,0.0,-0.0,4455087999.999993,-0.6053076809918269,-0.7959915899884225,-0.0
149599706.41802928,196940993.5194302,0.0,-7.124644300118222e-05,29.779964649167333,0.0,443.42153555854463,0.0,-0.0,4455087999.999992,-0.6050987265790378,-0.796150445011762,-0.0
149599706.16151655,197048201.39213356,0.0,-7.126062648443298e-05,29.779964630490362,0.0,443.42153555854463,0.0,-0.0,4455087999.999993,-0.604889874747516,-0.7963091355924119,-0.0
149599705.9049528,197155409.26476973,0.0,-7.127479528958634e-05,29.779964611822564,0.0,443.42153555854463,0.0,-0.0,4455087999.999992,-0.6046811254772508,-0.7964676619245536,-0.0
149599705.64833805,197262617.1373387,0.0,-7.128894943397614e-05,29.77996459316394,0.0,443.42153555854463,0.0,-0.0,4455087999.999992,-0.6044724787481074,-0.7966260242021465,-0.0
149599705.39167237,197369825.00984052,0.0,-7.13030889349164e-05,29.779964574514484,0.0,443.4215355585446,0.0,-0.0,4455087999.999992,-0.6042639345398255,-0.7967842226189281,-0.0
149599705.13495582,197477032.88227522,0.0,-7.131721380970132e-05,29.779964555874198,0.0,443.4215355585445,0.0,-0.0,4455087999.999992,-0.6040554928320216,-0.7969422573684141,-0.0
149599704.87818846,197584240.75464284,0.0,-7.133132407560526e-05,29.77996453724308,0.0,443.4215355585446,0.0,-0.0,4455087999.999993,-0.6038471536041882,-0.7971001286438987,-0.0
149599704.62137032,197691448.6269434,0.0,-7.134541974988282e-05,29.779964518621128,0.0,443.4215355585445,0.0,-0.0,4455087999.999992,-0.603638916835695,-0.7972578366384546,-0.0
149599704.36450145,197798656.49917695,0.0,-7.135950084976877e-05,29.77996450000834,0.0,443.4215355585446,0.0,-0.0,4455087999.999992,-0.6034307825057885,-0.7974153815449335,-0.0
149599704.1075819,197905864.3713435,0.0,-7.137356739247814e-05,29.77996448140471,0.0,443.4215355585445,0.0,-0.0,4455087999.999992,-0.6032227505935932,-0.7975727635559653,-0.0
149599703.85061178,198013072.24344307,0.0,-7.138761939520619e-05,29.779964462810245,0.0,443.4215355585446,0.0,-0.0,4455087999.999991,-0.6030148210781117,-0.7977299828639595,-0.0
149599703.59359106,198120280.11547574,0.0,-7.140165687512842e-05,29.779964444224934,0.0,443.4215355585445,0.0,-0.0,4455087999.999991,-0.6028069939382251,-0.7978870396611042,-0.0
149599703.33651987,198227487.9874415,0.0,-7.141567984940059e-05,29.779964425648778,0.0,443.42153555854446,0.0,-0.0,4455087999.999991,-0.602599269152694,-0.7980439341393676,-0.0
149599703.0793982,198334695.85934043,0.0,-7.142968833515878e-05,29.779964407081778,0.0,443.4215355585444,0.0,-0.0,4455087999.999991,-0.602391646700158,-0.798200666490496,-0.0
149599702.82222614,198441903.7311725,0.0,-7.144368234951931e-05,29.77996438852393,0.0,443.4215355585444,0.0,-0.0,4455087999.999992,-0.6021841265591364,-0.7983572369060168,-0.0
149599702.56500372,198549111.6029378,0.0,-7.145766190957883e-05,29.779964369975232,0.0,443.4215355585445,0.0,-0.0,4455087999.999992,-0.6019767087080299,-0.798513645577236,-0.0
149599702.307731,198656319.47463632,0.0,-7.14716270324143e-05,29.779964351435684,0.0,443.4215355585445,0.0,-0.0,4455087999.999992,-0.6017693931251188,-0.79866989269524,-0.0
149599702.05040804,198763527.34626812,0.0,-7.148557773508302e-05,29.77996433290528,0.0,443.4215355585446,0.0,-0.0,4455087999.999993,-0.6015621797885654,-0.7988259784508951,-0.0
149599701.79303485,198870735.21783322,0.0,-7.149951403462263e-05,29.77996431438402,0.0,443.4215355585445,0.0,-0.0,4455087999.999993,-0.6013550686764131,-0.7989819030348475,-0.0
149599701.53561154,198977943.0893317,0.0,-7.151343594805114e-05,29.779964295871903,0.0,443.4215355585446,0.0,-0.0,4455087999.999992,-0.601148059766588,-0.7991376666375242,-0.0
149599701.27813813,199085150.9607635,0.0,-7.152734349236691e-05,29.779964277368926,0.0,443.4215355585446,0.0,-0.0,4455087999.999992,-0.6009411530368983,-0.7992932694491323,-0.0
149599701.02061468,199192358.83212876,0.0,-7.15412366845487e-05,29.779964258875086,0.0,443.4215355585446,0.0,-0.0,4455087999.999992,-0.6007343484650353,-0.7994487116596597,-0.0
149599700.76304126,199299566.70342743,0.0,-7.155511554155564e-05,29.779964240390385,0.0,443.42153555854463,0.0,-0.0,4455087999.999993,-0.6005276460285734,-0.7996039934588749,-0.0
149599700.50541788,199406774.5746596,0.0,-7.156898008032732e-05,29.779964221914817,0.0,443.4215355585447,0.0,-0.0,4455087999.999994,-0.6003210457049715,-0.7997591150363275,-0.0
149599700.24774462,199513982.44582525,0.0,-7.158283031778373e-05,29.77996420344838,0.0,443.4215355585447,0.0,-0.0,4455087999.999994,-0.6001145474715718,-0.7999140765813479,-0.0
149599699.99002153,199621190.31692442,0.0,-7.15966662708253e-05,29.779964184991073,0.0,443.42153555854463,0.0,-0.0,4455087999.999993,-0.5999081513056016,-0.8000688782830483,-0.0
149599699.73224863,199728398.18795717,0.0,-7.161048795633292e-05,29.779964166542893,0.0,443.4215355585447,0.0,-0.0,4455087999.999994,-0.5997018571841739,-0.8002235203303216,-0.0
149599699.47442603,199835606.05892354,0.0,-7.162429539116792e-05,29.77996414810384,0.0,443.4215355585447,0.0,-0.0,4455087999.999994,-0.599495665084286,-0.8003780029118427,-0.0
149599699.21655375,199942813.92982355,0.0,-7.163808859217215e-05,29.77996412967391,0.0,443.42153555854475,0.0,-0.0,4455087999.999995,-0.5992895749828219,-0.8005323262160677,-0.0
149599698.9586318,200050021.8006572,0.0,-7.165186757616794e-05,29.779964111253104,0.0,443.42153555854475,0.0,-0.0,4455087999.999994,-0.5990835868565518,-0.8006864904312351,-0.0
149599698.70066032,200157229.67142457,0.0,-7.166563235995811e-05,29.779964092841414,0.0,443.42153555854463,0.0,-0.0,4455087999.999994,-0.5988777006821325,-0.8008404957453651,-0.0
149599698.4426393,200264437.54212567,0.0,-7.167938296032601e-05,29.779964074438844,0.0,443.42153555854475,0.0,-0.0,4455087999.999995,-0.5986719164361084,-0.8009943423462599,-0.0
149599698.1845688,200371645.41276056,0.0,-7.169311939403554e-05,29.77996405604539,0.0,443.42153555854475,0.0,-0.0,4455087999.999995,-0.5984662340949108,-0.8011480304215042,-0.0
149599697.92644885,200478853.28332922,0.0,-7.170684167783116e-05,29.77996403766105,0.0,443.42153555854475,0.0,-0.0,4455087999.999995,-0.5982606536348597,-0.8013015601584652,-0.0
149599697.66827953,200586061.15383172,0.0,-7.172054982843784e-05,29.779964019285817,0.0,443.42153555854475,0.0,-0.0,4455087999.999995,-0.5980551750321633,-0.8014549317442925,-0.0
149599697.41006088,200693269.0242681,0.0,-7.173424386256118e-05,29.779964000919694,0.0,443.4215355585447,0.0,-0.0,4455087999.999994,-0.5978497982629184,-0.8016081453659186,-0.0
149599697.15179297,200800476.89463836,0.0,-7.174792379688735e-05,29.77996398256268,0.0,443.42153555854475,0.0,-0.0,4455087999.999994,-0.5976445233031112,-0.801761201210059,-0.0
149599696.89347583,200907684.76494256,0.0,-7.176158964808313e-05,29.77996396421477,0.0,443.42153555854475,0.0,-0.0,4455087999.999993,-0.5974393501286182,-0.8019140994632121,-0.0
149599696.63510954,201014892.6351807,0.0,-7.177524143279593e-05,29.77996394587596,0.0,443.4215355585447,0.0,-0.0,4455087999.999993,-0.5972342787152046,-0.8020668403116596,-0.0
149599696.3766941,201122100.50535285,0.0,-7.178887916765377e-05,29.77996392754625,0.0,443.4215355585447,0.0,-0.0,4455087999.999994,-0.5970293090385275,-0.8022194239414666,-0.0
149599696.11822963,201229308.37545905,0.0,-7.180250286926533e-05,29.779963909225643,0.0,443.4215355585447,0.0,-0.0,4455087999.999994,-0.5968244410741341,-0.8023718505384816,-0.0
149599695.85971612,201336516.24549928,0.0,-7.181611255421995e-05,29.77996389091413,0.0,443.4215355585447,0.0,-0.0,4455087999.999993,-0.5966196747974631,-0.8025241202883373,-0.0
149599695.60115364,201443724.11547363,0.0,-7.182970823908766e-05,29.77996387261171,0.0,443.4215355585448,0.0,-0.0,4455087999.999994,-0.596415010183845,-0.8026762333764493,-0.0
149599695.34254223,201550931.9853821,0.0,-7.184328994041918e-05,29.779963854318382,0.0,443.4215355585448,0.0,-0.0,4455087999.999994,-0.5962104472085024,-0.8028281899880184,-0.0
149599695.08388197,201658139.85522473,0.0,-7.185685767474589e-05,29.779963836034142,0.0,443.42153555854475,0.0,-0.0,4455087999.999994,-0.5960059858465501,-0.8029799903080288,-0.0
149599694.82517287,201765347.72500154,0.0,-7.187041145857995e-05,29.77996381775899,0.0,443.42153555854475,0.0,-0.0,4455087999.999994,-0.5958016260729964,-0.8031316345212491,-0.0
149599694.566415,201872555.5947126,0.0,-7.188395130841422e-05,29.779963799492922,0.0,443.42153555854475,0.0,-0.0,4455087999.999993,-0.5955973678627425,-0.8032831228122329,-0.0
149599694.30760843,201979763.46435788,0.0,-7.189747724072232e-05,29.779963781235935,0.0,443.4215355585447,0.0,-0.0,4455087999.999993,-0.5953932111905837,-0.803434455365318,-0.0
149599694.04875317,202086971.3339375,0.0,-7.19109892719586e-05,29.77996376298803,0.0,443.4215355585447,0.0,-0.0,4455087999.999993,-0.5951891560312089,-0.8035856323646268,-0.0
149599693.7898493,202194179.20345142,0.0,-7.192448741855824e-05,29.7799637447492,0.0,443.42153555854463,0.0,-0.0,4455087999.999992,-0.5949852023592022,-0.8037366539940675,-0.0
149599693.53089687,202301387.0728997,0.0,-7.193797169693719e-05,29.779963726519448,0.0,443.4215355585446,0.0,-0.0,4455087999.999992,-0.594781350149042,-0.8038875204373325,-0.0
149599693.27189592,202408594.94228238,0.0,-7.195144212349217e-05,29.77996370829877,0.0,443.42153555854463,0.0,-0.0,4455087999.999992,-0.5945775993751025,-0.8040382318779004,-0.0
149599693.0128465,202515802.81159946,0.0,-7.196489871460078e-05,29.77996369008716,0.0,443.42153555854463,0.0,-0.0,4455087999.999992,-0.5943739500116532,-0.8041887884990344,-0.0
149599692.75374866,202623010.680851,0.0,-7.19783414866214e-05,29.779963671884623,0.0,443.42153555854463,0.0,-0.0,4455087999.999992,-0.5941704020328605,-0.804339190483784,-0.0
149599692.49460244,202730218.55003706,0.0,-7.19917704558933e-05,29.77996365369115,0.0,443.42153555854475,0.0,-0.0,4455087999.999991,-0.5939669554127864,-0.8044894380149842,-0.0
149599692.23540792,202837426.41915762,0.0,-7.200518563873657e-05,29.779963635506743,0.0,443.4215355585447,0.0,-0.0,4455087999.999992,-0.5937636101253901,-0.804639531275256,-0.0
149599691.97616512,202944634.28821272,0.0,-7.201858705145224e-05,29.779963617331397,0.0,443.42153555854463,0.0,-0.0,4455087999.999992,-0.5935603661445288,-0.8047894704470065,-0.0
149599691.7168741,203051842.1572024,0.0,-7.203197471032217e-05,29.77996359916511,0.0,443.42153555854475,0.0,-0.0,4455087999.999991,-0.5933572234439561,-0.804939255712429,-0.0
149599691.4575349,203159050.0261267,0.0,-7.204534863160917e-05,29.77996358100788,0.0,443.42153555854475,0.0,-0.0,4455087999.999992,-0.5931541819973248,-0.8050888872535034,-0.0
149599691.1981476,203266257.89498568,0.0,-7.205870883155695e-05,29.779963562859706,0.0,443.4215355585448,0.0,-0.0,4455087999.999991,-0.5929512417781859,-0.8052383652519962,-0.0
149599690.9387122,203373465.7637793,0.0,-7.207205532639017e-05,29.77996354472058,0.0,443.42153555854475,0.0,-0.0,4455087999.999991,-0.592748402759989,-0.8053876898894606,-0.0
149599690.6792288,203480673.63250768,0.0,-7.208538813231443e-05,29.779963526590507,0.0,443.4215355585448,0.0,-0.0,4455087999.999992,-0.592545664916083,-0.8055368613472367,-0.0
149599690.41969743,203587881.50117078,0.0,-7.20987072655163e-05,29.77996350846948,0.0,443.4215355585448,0.0,-0.0,4455087999.999991,-0.5923430282197167,-0.8056858798064516,-0.0
149599690.16011813,203695089.36976868,0.0,-7.211201274216333e-05,29.779963490357495,0.0,443.42153555854475,0.0,-0.0,4455087999.999991,-0.5921404926440388,-0.8058347454480199,-0.0
149599689.90049097,203802297.23830137,0.0,-7.212530457840407e-05,29.779963472254558,0.0,443.4215355585448,0.0,-0.0,4455087999.999992,-0.5919380581620982,-0.8059834584526435,-0.0
149599689.64081597,203909505.1067689,0.0,-7.21385827903681e-05,29.779963454160658,0.0,443.4215355585448,0.0,-0.0,4455087999.999992,-0.5917357247468451,-0.8061320190008123,-0.0
149599689.3810932,204016712.97517133,0.0,-7.215184739416598e-05,29.779963436075796,0.0,443.42153555854475,0.0,-0.0,4455087999.999992,-0.5915334923711304,-0.806280427272803,-0.0
149599689.1213227,204123920.84350866,0.0,-7.216509840588935e-05,29.77996341799997,0.0,443.42153555854475,0.0,-0.0,4455087999.999992,-0.5913313610077064,-0.8064286834486813,-0.0
149599688.8615045,204231128.71178094,0.0,-7.21783358416109e-05,29.779963399933177,0.0,443.4215355585448,0.0,-0.0,4455087999.999992,-0.5911293306292281,-0.8065767877083004,-0.0
149599688.60163867,204338336.57998818,0.0,-7.219155971738437e-05,29.77996338187541,0.0,443.42153555854475,0.0,-0.0,4455087999.999992,-0.5909274012082522,-0.8067247402313017,-0.0
149599688.3417253,204445544.44813043,0.0,-7.220477004924459e-05,29.779963363826678,0.0,443.4215355585448,0.0,-0.0,4455087999.999992,-0.5907255727172384,-0.8068725411971155,-0.0
149599688.08176437,204552752.31620774,0.0,-7.221796685320751e-05,29.779963345786967,0.0,443.42153555854475,0.0,-0.0,4455087999.999992,-0.5905238451285493,-0.8070201907849599,-0.0
149599687.82175595,204659960.1842201,0.0,-7.223115014527019e-05,29.77996332775628,0.0,443.42153555854486,0.0,-0.0,4455087999.999993,-0.5903222184144508,-0.807167689173843,-0.0
149599687.5617001,204767168.0521676,0.0,-7.224431994141082e-05,29.779963309734615,0.0,443.4215355585449,0.0,-0.0,4455087999.999993,-0.590120692547113,-0.8073150365425604,-0.0
149599687.30159688,204874375.9200502,0.0,-7.22574762575887e-05,29.779963291721966,0.0,443.4215355585449,0.0,-0.0,4455087999.999993,-0.5899192674986101,-0.8074622330696981,-0.0
149599687.0414463,204981583.787868,0.0,-7.227061910974436e-05,29.779963273718334,0.0,443.4215355585449,0.0,-0.0,4455087999.999994,-0.5897179432409208,-0.8076092789336303,-0.0
149599686.78124842,205088791.655621,0.0,-7.228374851379944e-05,29.77996325572371,0.0,443.4215355585449,0.0,-0.0,4455087999.999993,-0.5895167197459286,-0.8077561743125212,-0.0
149599686.5210033,205195999.52330923,0.0,-7.229686448565682e-05,29.7799632377381,0.0,443.421535558545,0.0,-0.0,4455087999.999993,-0.5893155969854224,-0.8079029193843249,-0.0
149599686.260711,205303207.39093274,0.0,-7.230996704120055e-05,29.7799632197615,0.0,443.4215355585449,0.0,-0.0,4455087999.999993,-0.5891145749310974,-0.8080495143267846,-0.0
149599686.00037158,205410415.25849155,0.0,-7.232305619629591e-05,29.7799632017939,0.0,443.421535558545,0.0,-0.0,4455087999.999994,-0.5889136535545537,-0.8081959593174338,-0.0
149599685.73998502,205517623.12598568,0.0,-7.233613196678945e-05,29.779963183835306,0.0,443.42153555854503,0.0,-0.0,4455087999.999993,-0.5887128328272989,-0.8083422545335959,-0.0
149599685.47955143,205624830.99341518,0.0,-7.234919436850893e-05,29.77996316588571,0.0,443.421535558545,0.0,-0.0,4455087999.999994,-0.5885121127207469,-0.808488400152385,-0.0
149599685.21907085,205732038.86078006,0.0,-7.236224341726338e-05,29.779963147945114,0.0,443.42153555854503,0.0,-0.0,4455087999.999994,-0.5883114932062187,-0.8086343963507052,-0.0
149599684.9585433,205839246.7280804,0.0,-7.237527912884315e-05,29.77996313001351,0.0,443.421535558545,0.0,-0.0,4455087999.999993,-0.588110974254943,-0.8087802433052514,-0.0
149599684.69796884,205946454.59531617,0.0,-7.238830151901985e-05,29.7799631120909,0.0,443.42153555854503,0.0,-0.0,4455087999.999993,-0.5879105558380564,-0.8089259411925097,-0.0
149599684.43734753,206053662.46248746,0.0,-7.240131060354642e-05,29.77996309417728,0.0,443.42153555854503,0.0,-0.0,4455087999.999993,-0.5877102379266037,-0.8090714901887563,-0.0
149599684.1766794,206160870.32959425,0.0,-7.241430639815713e-05,29.779963076272647,0.0,443.4215355585451,0.0,-0.0,4455087999.999993,-0.5875100204915382,-0.8092168904700596,-0.0
149599683.9159645,206268078.19663662,0.0,-7.242728891856758e-05,29.779963058376996,0.0,443.42153555854503,0.0,-0.0,4455087999.999993,-0.5873099035037227,-0.8093621422122781,-0.0
149599683.65520293,206375286.06361458,0.0,-7.244025818047474e-05,29.77996304049033,0.0,443.42153555854503,0.0,-0.0,4455087999.999993,-0.5871098869339286,-0.8095072455910629,-0.0
149599683.39439467,206482493.93052816,0.0,-7.245321419955696e-05,29.77996302261264,0.0,443.4215355585451,0.0,-0.0,4455087999.999992,-0.5869099707528377,-0.8096522007818563,-0.0
149599683.1335398,206589701.7973774,0.0,-7.246615699147396e-05,29.77996300474393,0.0,443.4215355585451,0.0,-0.0,4455087999.999993,-0.5867101549310412,-0.8097970079598922,-0.0
149599682.87263834,206696909.66416234,0.0,-7.24790865718669e-05,29.779962986884193,0.0,443.4215355585451,0.0,-0.0,4455087999.999993,-0.5865104394390415,-0.8099416673001968,-0.0
149599682.61169037,206804117.53088298,0.0,-7.249200295635833e-05,29.779962969033427,0.0,443.4215355585451,0.0,-0.0,4455087999.999992,-0.5863108242472508,-0.8100861789775884,-0.0
149599682.35069594,206911325.39753938,0.0,-7.250490616055224e-05,29.779962951191628,0.0,443.4215355585451,0.0,-0.0,4455087999.999992,-0.5861113093259935,-0.8102305431666778,-0.0
149599682.08965507,207018533.26413158,0.0,-7.25177962000341e-05,29.779962933358796,0.0,443.4215355585451,0.0,-0.0,4455087999.999993,-0.585911894645505,-0.8103747600418677,-0.0
149599681.82856783,207125741.13065958,0.0,-7.25306730903708e-05,29.779962915534927,0.0,443.42153555854514,0.0,-0.0,4455087999.999993,-0.5857125801759321,-0.8105188297773547,-0.0
149599681.56743425,207232948.99712345,0.0,-7.254353684711077e-05,29.77996289772002,0.0,443.42153555854503,0.0,-0.0,4455087999.999993,-0.5855133658873346,-0.8106627525471269,-0.0
149599681.3062544,207340156.8635232,0.0,-7.255638748578388e-05,29.77996287991407,0.0,443.4215355585451,0.0,-0.0,4455087999.999993,-0.5853142517496843,-0.8108065285249665,-0.0
149599681.04502827,207447364.72985885,0.0,-7.256922502190157e-05,29.779962862117074,0.0,443.4215355585451,0.0,-0.0,4455087999.999992,-0.5851152377328662,-0.8109501578844482,-0.0
149599680.78375596,207554572.59613046,0.0,-7.258204947095677e-05,29.77996284432903,0.0,443.4215355585451,0.0,-0.0,4455087999.999991,-0.5849163238066785,-0.8110936407989406,-0.0
149599680.5224375,207661780.46233803,0.0,-7.259486084842397e-05,29.779962826549937,0.0,443.4215355585451,0.0,-0.0,4455087999.999991,-0.5847175099408329,-0.8112369774416056,-0.0
149599680.26107296,207768988.3284816,0.0,-7.260765916975923e-05,29.779962808779793,0.0,443.4215355585451,0.0,-0.0,4455087999.999991,-0.5845187961049552,-0.8113801679853986,-0.0
149599679.99966237,207876196.19456124,0.0,-7.262044445040017e-05,29.77996279101859,0.0,443.42153555854503,0.0,-0.0,4455087999.999991,-0.5843201822685854,-0.8115232126030697,-0.0
149599679.73820576,207983404.06057695,0.0,-7.263321670576601e-05,29.77996277326633,0.0,443.42153555854503,0.0,-0.0,4455087999.999991,-0.5841216684011783,-0.8116661114671623,-0.0
149599679.4767032,208090611.92652875,0.0,-7.264597595125759e-05,29.77996275552301,0.0,443.42153555854503,0.0,-0.0,4455087999.999991,-0.5839232544721034,-0.8118088647500143,-0.0
149599679.21515474,208197819.79241672,0.0,-7.265872220225736e-05,29.779962737788622,0.0,443.421535558545,0.0,-0.0,4455087999.99999,-0.5837249404506457,-0.8119514726237584,-0.0
149599678.9535604,208305027.65824085,0.0,-7.267145547412941e-05,29.77996272006317,0.0,443.421535558545,0.0,-0.0,4455087999.99999,-0.5835267263060062,-0.8120939352603215,-0.0
149599678.69192028,208412235.52400118,0.0,-7.268417578221951e-05,29.77996270234665,0.0,443.42153555854503,0.0,-0.0,4455087999.99999,-0.5833286120073012,-0.8122362528314254,-0.0
149599678.43023437,208519443.38969776,0.0,-7.269688314185507e-05,29.77996268463906,0.0,443.4215355585451,0.0,-0.0,4455087999.999991,-0.5831305975235647,-0.8123784255085867,-0.0
149599678.16850275,208626651.2553306,0.0,-7.27095775683452e-05,29.779962666940392,0.0,443.42153555854514,0.0,-0.0,4455087999.999992,-0.5829326828237456,-0.8125204534631179,-0.0
149599677.90672544,208733859.12089974,0.0,-7.272225907698071e-05,29.779962649250646,0.0,443.4215355585451,0.0,-0.0,4455087999.999991,-0.5827348678767111,-0.8126623368661257,-0.0
149599677.6449025,208841066.98640522,0.0,-7.273492768303414e-05,29.77996263156982,0.0,443.42153555854514,0.0,-0.0,4455087999.999992,-0.5825371526512456,-0.8128040758885128,-0.0
149599677.38303396,208948274.85184705,0.0,-7.274758340175975e-05,29.779962613897908,0.0,443.4215355585451,0.0,-0.0,4455087999.999991,-0.582339537116051,-0.8129456707009783,-0.0
149599677.1211199,209055482.71722528,0.0,-7.276022624839357e-05,29.77996259623491,0.0,443.42153555854503,0.0,-0.0,4455087999.99999,-0.5821420212397475,-0.813087121474016,-0.0
149599676.85916033,209162690.58253995,0.0,-7.277285623815338e-05,29.779962578580825,0.0,443.4215355585451,0.0,-0.0,4455087999.99999,-0.5819446049908736,-0.8132284283779165,-0.0
149599676.59715533,209269898.44779107,0.0,-7.278547338623874e-05,29.779962560935648,0.0,443.4215355585451,0.0,-0.0,4455087999.99999,-0.5817472883378867,-0.8133695915827661,-0.0
149599676.33510494,209377106.31297868,0.0,-7.279807770783103e-05,29.779962543299376,0.0,443.4215355585451,0.0,-0.0,4455087999.99999,-0.5815500712491629,-0.813510611258448,-0.0
149599676.0730092,209484314.17810282,0.0,-7.281066921809343e-05,29.779962525672005,0.0,443.4215355585451,0.0,-0.0,4455087999.99999,-0.581352953692998,-0.8136514875746415,-0.0
149599675.81086814,209591522.04316354,0.0,-7.282324793217095e-05,29.779962508053533,0.0,443.42153555854503,0.0,-0.0,4455087999.99999,-0.5811559356376076,-0.8137922207008229,-0.0
149599675.54868183,209698729.90816084,0.0,-7.283581386519044e-05,29.77996249044396,0.0,443.4215355585451,0.0,-0.0,4455087999.99999,-0.5809590170511274,-0.8139328108062654,-0.0
149599675.2864503,209805937.77309474,0.0,-7.284836703226064e-05,29.77996247284328,0.0,443.42153555854503,0.0,-0.0,4455087999.99999,-0.5807621979016132,-0.8140732580600395,-0.0
149599675.0241736,209913145.63796532,0.0,-7.286090744847214e-05,29.779962455251493,0.0,443.4215355585451,0.0,-0.0,4455087999.99999,-0.5805654781570418,-0.8142135626310123,-0.0
149599674.76185176,210020353.50277257,0.0,-7.287343512889744e-05,29.77996243766859,0.0,443.42153555854503,0.0,-0.0,4455087999.99999,-0.580368857785311,-0.8143537246878493,-0.0
149599674.49948487,210127561.36751655,0.0,-7.288595008859094e-05,29.779962420094574,0.0,443.421535558545,0.0,-0.0,4455087999.99999,-0.5801723367542402,-0.8144937443990128,-0.0
149599674.23707294,210234769.23219725,0.0,-7.289845234258897e-05,29.779962402529442,0.0,443.42153555854503,0.0,-0.0,4455087999.99999,-0.5799759150315702,-0.8146336219327635,-0.0
149599673.97461602,210341977.09681475,0.0,-7.291094190590981e-05,29.77996238497319,0.0,443.42153555854503,0.0,-0.0,4455087999.9999895,-0.5797795925849643,-0.8147733574571598,-0.0
149599673.71211416,210449184.96136907,0.0,-7.29234187935537e-05,29.77996236742581,0.0,443.421535558545,0.0,-0.0,4455087999.9999895,-0.5795833693820075,-0.8149129511400586,-0.0
149599673.4495674,210556392.82586023,0.0,-7.293588302050285e-05,29.779962349887306,0.0,443.421535558545,0.0,-0.0,4455087999.9999895,-0.5793872453902082,-0.8150524031491145,-0.0
149599673.1869758,210663600.69028828,0.0,-7.294833460172146e-05,29.779962332357673,0.0,443.421535558545,0.0,-0.0,4455087999.999989,-0.5791912205769975,-0.8151917136517812,-0.0
149599672.9243394,210770808.55465323,0.0,-7.296077355215573e-05,29.779962314836908,0.0,443.421535558545,0.0,-0.0,4455087999.9999895,-0.5789952949097298,-0.8153308828153113,-0.0
149599672.66165826,210878016.41895512,0.0,-7.29731998867339e-05,29.779962297325007,0.0,443.421535558545,0.0,-0.0,4455087999.999989,-0.5787994683556836,-0.8154699108067556,-0.0
149599672.3989324,210985224.28319398,0.0,-7.298561362036624e-05,29.77996227982197,0.0,443.42153555854503,0.0,-0.0,4455087999.9999895,-0.578603740882061,-0.8156087977929645,-0.0
149599672.13616186,211092432.14736983,0.0,-7.299801476794507e-05,29.77996226232779,0.0,443.42153555854503,0.0,-0.0,4455087999.99999,-0.5784081124559884,-0.8157475439405876,-0.0
149599671.87334672,211199640.01148275,0.0,-7.30104033443448e-05,29.779962244842466,0.0,443.421535558545,0.0,-0.0,4455087999.99999,-0.5782125830445171,-0.8158861494160735,-0.0
149599671.61048698,211306847.87553272,0.0,-7.302277936442192e-05,29.779962227365996,0.0,443.42153555854503,0.0,-0.0,4455087999.9999895,-0.5780171526146232,-0.8160246143856712,-0.0
149599671.34758273,211414055.73951977,0.0,-7.303514284301501e-05,29.779962209898375,0.0,443.42153555854503,0.0,-0.0,4455087999.99999,-0.5778218211332081,-0.816162939015429,-0.0
149599671.08463398,211521263.60344398,0.0,-7.304749379494479e-05,29.7799621924396,0.0,443.421535558545,0.0,-0.0,4455087999.9999895,-0.577626588567099,-0.8163011234711951,-0.0
149599670.8216408,211628471.46730536,0.0,-7.30598322350141e-05,29.779962174989674,0.0,443.42153555854503,0.0,-0.0,4455087999.99999,-0.5774314548830488,-0.8164391679186181,-0.0
149599670.5586032,211735679.33110392,0.0,-7.307215817800796e-05,29.779962157548585,0.0,443.4215355585451,0.0,-0.0,4455087999.99999,-0.5772364200477366,-0.816577072523147,-0.0
149599670.29552126,211842887.19483972,0.0,-7.308447163869353e-05,29.779962140116336,0.0,443.4215355585451,0.0,-0.0,4455087999.99999,-0.5770414840277681,-0.8167148374500313,-0.0
149599670.032395,211950095.05851278,0.0,-7.309677263182018e-05,29.779962122692922,0.0,443.42153555854514,0.0,-0.0,4455087999.99999,-0.5768466467896761,-0.8168524628643208,-0.0
149599669.7692245,212057302.92212313,0.0,-7.310906117211946e-05,29.77996210527834,0.0,443.4215355585452,0.0,-0.0,4455087999.99999,-0.5766519082999204,-0.8169899489308666,-0.0
149599669.5060098,212164510.78567082,0.0,-7.312133727430514e-05,29.779962087872587,0.0,443.42153555854514,0.0,-0.0,4455087999.99999,-0.576457268524888,-0.8171272958143212,-0.0
149599669.24275088,212271718.64915586,0.0,-7.313360095307325e-05,29.77996207047566,0.0,443.4215355585452,0.0,-0.0,4455087999.99999,-0.5762627274308944,-0.8172645036791373,-0.0
149599668.97944787,212378926.51257828,0.0,-7.314585222310206e-05,29.779962053087555,0.0,443.42153555854526,0.0,-0.0,4455087999.999991,-0.5760682849841824,-0.8174015726895703,-0.0
149599668.71610078,212486134.37593812,0.0,-7.315809109905208e-05,29.77996203570827,0.0,443.4215355585452,0.0,-0.0,4455087999.999991,-0.5758739411509239,-0.8175385030096761,-0.0
149599668.45270965,212593342.2392354,0.0,-7.317031759556614e-05,29.7799620183378,0.0,443.42153555854514,0.0,-0.0,4455087999.999991,-0.5756796958972191,-0.8176752948033132,-0.0
149599668.18927452,212700550.10247016,0.0,-7.318253172726936e-05,29.77996200097615,0.0,443.4215355585452,0.0,-0.0,4455087999.999991,-0.5754855491890976,-0.8178119482341418,-0.0
149599667.92579544,212807757.96564242,0.0,-7.319473350876915e-05,29.779961983623306,0.0,443.42153555854526,0.0,-0.0,4455087999.999992,-0.575291500992518,-0.8179484634656243,-0.0
149599667.66227245,212914965.82875225,0.0,-7.320692295465529e-05,29.77996196627927,0.0,443.4215355585452,0.0,-0.0,4455087999.999992,-0.5750975512733686,-0.8180848406610253,-0.0
149599667.3987056,213022173.69179964,0.0,-7.32191000794999e-05,29.779961948944038,0.0,443.4215355585452,0.0,-0.0,4455087999.999991,-0.5749036999974679,-0.8182210799834122,-0.0
149599667.13509494,213129381.55478466,0.0,-7.323126489785744e-05,29.77996193161761,0.0,443.4215355585452,0.0,-0.0,4455087999.999992,-0.5747099471305644,-0.818357181595655,-0.0
149599666.8714405,213236589.4177073,0.0,-7.32434174242648e-05,29.779961914299978,0.0,443.4215355585452,0.0,-0.0,4455087999.999991,-0.5745162926383376,-0.8184931456604264,-0.0
149599666.60774234,213343797.28056762,0.0,-7.32555576732412e-05,29.779961896991143,0.0,443.42153555854514,0.0,-0.0,4455087999.999991,-0.5743227364863973,-0.8186289723402027,-0.0
149599666.3440005,213451005.14336565,0.0,-7.326768565928837e-05,29.7799618796911,0.0,443.4215355585452,0.0,-0.0,4455087999.99999,-0.5741292786402847,-0.8187646617972628,-0.0
149599666.080215,213558213.0061014,0.0,-7.327980139689038e-05,29.779961862399848,0.0,443.4215355585452,0.0,-0.0,4455087999.999991,-0.5739359190654728,-0.8189002141936897,-0.0
149599665.81638592,213665420.86877492,0.0,-7.329190490051379e-05,29.77996184511738,0.0,443.4215355585452,0.0,-0.0,4455087999.99999,-0.573742657727366,-0.8190356296913698,-0.0
149599665.5525133,213772628.73138624,0.0,-7.330399618460762e-05,29.779961827843696,0.0,443.4215355585452,0.0,-0.0,4455087999.99999,-0.5735494945913009,-0.8191709084519929,-0.0
149599665.28859717,213879836.5939354,0.0,-7.331607526360339e-05,29.779961810578794,0.0,443.42153555854526,0.0,-0.0,4455087999.99999,-0.5733564296225462,-0.8193060506370535,-0.0
149599665.02463758,213987044.45642242,0.0,-7.332814215191508e-05,29.779961793322666,0.0,443.4215355585452,0.0,-0.0,4455087999.99999,-0.5731634627863039,-0.8194410564078501,-0.0
149599664.76063457,214094252.31884733,0.0,-7.33401968639392e-05,29.779961776075314,0.0,443.42153555854526,0.0,-0.0,4455087999.999991,-0.5729705940477084,-0.819575925925485,-0.0
149599664.49658817,214201460.18121016,0.0,-7.33522394140548e-05,29.77996175883673,0.0,443.42153555854526,0.0,-0.0,4455087999.99999,-0.5727778233718278,-0.819710659350866,-0.0
149599664.23249844,214308668.04351094,0.0,-7.336426981662345e-05,29.779961741606915,0.0,443.4215355585452,0.0,-0.0,4455087999.99999,-0.5725851507236632,-0.8198452568447048,-0.0
149599663.96836543,214415875.90574974,0.0,-7.337628808598933e-05,29.779961724385863,0.0,443.4215355585452,0.0,-0.0,4455087999.99999,-0.5723925760681503,-0.8199797185675185,-0.0
149599663.70418918,214523083.76792654,0.0,-7.338829423647916e-05,29.779961707173573,0.0,443.42153555854514,0.0,-0.0,4455087999.99999,-0.5722000993701584,-0.8201140446796291,-0.0
149599663.43996972,214630291.6300414,0.0,-7.340028828240226e-05,29.77996168997004,0.0,443.42153555854514,0.0,-0.0,4455087999.9999895,-0.5720077205944915,-0.8202482353411644,-0.0
149599663.1757071,214737499.49209434,0.0,-7.341227023805059e-05,29.779961672775265,0.0,443.42153555854514,0.0,-0.0,4455087999.9999895,-0.571815439705888,-0.8203822907120569,-0.0
149599662.9114014,214844707.3540854,0.0,-7.342424011769871e-05,29.77996165558924,0.0,443.4215355585452,0.0,-0.0,4455087999.9999895,-0.5716232566690219,-0.8205162109520453,-0.0
149599662.6470526,214951915.2160146,0.0,-7.343619793560384e-05,29.779961638411965,0.0,443.4215355585452,0.0,-0.0,4455087999.9999895,-0.5714311714485023,-0.8206499962206741,-0.0
149599662.38266078,215059123.07788196,0.0,-7.344814370600587e-05,29.779961621243434,0.0,443.42153555854526,0.0,-0.0,4455087999.99999,-0.5712391840088734,-0.8207836466772935,-0.0
149599662.11822596,215166330.93968755,0.0,-7.346007744312736e-05,29.779961604083645,0.0,443.4215355585452,0.0,-0.0,4455087999.9999895,-0.5710472943146162,-0.8209171624810605,-0.0
149599661.85374823,215273538.8014314,0.0,-7.347199916117356e-05,29.779961586932597,0.0,443.42153555854526,0.0,-0.0,4455087999.99999,-0.5708555023301473,-0.8210505437909382,-0.0
149599661.5892276,215380746.66311347,0.0,-7.348390887433244e-05,29.779961569790284,0.0,443.4215355585454,0.0,-0.0,4455087999.99999,-0.5706638080198196,-0.8211837907656959,-0.0
149599661.3246641,215487954.52473387,0.0,-7.349580659677471e-05,29.779961552656705,0.0,443.4215355585454,0.0,-0.0,4455087999.99999,-0.5704722113479237,-0.8213169035639105,-0.0
149599661.0600578,215595162.3862926,0.0,-7.350769234265382e-05,29.779961535531854,0.0,443.42153555854543,0.0,-0.0,4455087999.99999,-0.570280712278686,-0.8214498823439653,-0.0
149599660.79540873,215702370.2477897,0.0,-7.351956612610595e-05,29.77996151841573,0.0,443.42153555854543,0.0,-0.0,4455087999.999991,-0.5700893107762715,-0.8215827272640508,-0.0
149599660.53071693,215809578.1092252,0.0,-7.353142796125012e-05,29.779961501308325,0.0,443.4215355585454,0.0,-0.0,4455087999.99999,-0.5698980068047819,-0.821715438482165,-0.0
149599660.26598245,215916785.97059914,0.0,-7.354327786218809e-05,29.779961484209643,0.0,443.4215355585455,0.0,-0.0,4455087999.99999,-0.5697068003282569,-0.8218480161561136,-0.0
149599660.00120533,216023993.83191153,0.0,-7.355511584300447e-05,29.779961467119676,0.0,443.4215355585455,0.0,-0.0,4455087999.99999,-0.5695156913106751,-0.8219804604435095,-0.0
149599659.7363856,216131201.6931624,0.0,-7.356694191776668e-05,29.779961450038424,0.0,443.4215355585455,0.0,-0.0,4455087999.99999,-0.5693246797159527,-0.8221127715017739,-0.0
149599659.47152334,216238409.5543518,0.0,-7.357875610052498e-05,29.77996143296588,0.0,443.42153555854554,0.0,-0.0,4455087999.99999,-0.5691337655079451,-0.8222449494881359,-0.0
149599659.20661858,216345617.41547978,0.0,-7.359055840531253e-05,29.779961415902044,0.0,443.42153555854554,0.0,-0.0,4455087999.99999,-0.568942948650447,-0.8223769945596331,-0.0
149599658.94167134,216452825.27654633,0.0,-7.360234884614531e-05,29.77996139884691,0.0,443.42153555854554,0.0,-0.0,4455087999.99999,-0.5687522291071918,-0.8225089068731114,-0.0
149599658.67668167,216560033.1375515,0.0,-7.361412743702226e-05,29.77996138180048,0.0,443.42153555854554,0.0,-0.0,4455087999.99999,-0.5685616068418529,-0.8226406865852249,-0.0
149599658.4116496,216667240.9984953,0.0,-7.362589419192518e-05,29.779961364762745,0.0,443.4215355585456,0.0,-0.0,4455087999.99999,-0.5683710818180434,-0.8227723338524376,-0.0
149599658.14657524,216774448.8593778,0.0,-7.363764912481882e-05,29.779961347733703,0.0,443.42153555854566,0.0,-0.0,4455087999.99999,-0.5681806539993165,-0.8229038488310216,-0.0
149599657.88145855,216881656.720199,0.0,-7.36493922496509e-05,29.779961330713352,0.0,443.4215355585456,0.0,-0.0,4455087999.99999,-0.5679903233491663,-0.8230352316770585,-0.0
149599657.61629963,216988864.58095893,0.0,-7.366112358035207e-05,29.779961313701687,0.0,443.4215355585456,0.0,-0.0,4455087999.9999895,-0.5678000898310271,-0.8231664825464394,-0.0
149599657.35109848,217096072.44165766,0.0,-7.367284313083596e-05,29.779961296698705,0.0,443.42153555854554,0.0,-0.0,4455087999.9999895,-0.5676099534082744,-0.8232976015948649,-0.0
149599657.08585516,217203280.30229518,0.0,-7.368455091499923e-05,29.779961279704406,0.0,443.4215355585456,0.0,-0.0,4455087999.9999895,-0.5674199140442244,-0.8234285889778451,-0.0
149599656.82056972,217310488.16287154,0.0,-7.36962469467215e-05,29.779961262718782,0.0,443.42153555854554,0.0,-0.0,4455087999.9999895,-0.5672299717021362,-0.8235594448507004,-0.0
149599656.5552422,217417696.02338678,0.0,-7.370793123986547e-05,29.779961245741834,0.0,443.42153555854554,0.0,-0.0,4455087999.9999895,-0.5670401263452091,-0.8236901693685614,-0.0
149599656.28987265,217524903.8838409,0.0,-7.371960380827686e-05,29.779961228773555,0.0,443.4215355585455,0.0,-0.0,4455087999.9999895,-0.5668503779365854,-0.8238207626863686,-0.0
149599656.0244611,217632111.74423394,0.0,-7.373126466578445e-05,29.779961211813944,0.0,443.4215355585455,0.0,-0.0,4455087999.99999,-0.5666607264393498,-0.8239512249588736,-0.0
149599655.75900757,217739319.60456595,0.0,-7.374291382620012e-05,29.779961194863,0.0,443.4215355585455,0.0,-0.0,4455087999.99999,-0.5664711718165291,-0.8240815563406381,-0.0
149599655.49351212,217846527.46483696,0.0,-7.375455130331885e-05,29.779961177920715,0.0,443.42153555854554,0.0,-0.0,4455087999.99999,-0.5662817140310933,-0.8242117569860351,-0.0
149599655.2279748,217953735.325047,0.0,-7.376617711091869e-05,29.779961160987085,0.0,443.42153555854554,0.0,-0.0,4455087999.99999,-0.5660923530459556,-0.8243418270492485,-0.0
149599654.96239567,218060943.18519607,0.0,-7.377779126276086e-05,29.77996114406211,0.0,443.4215355585455,0.0,-0.0,4455087999.9999895,-0.5659030888239723,-0.8244717666842736,-0.0
149599654.69677472,218168151.04528424,0.0,-7.378939377258972e-05,29.779961127145786,0.0,443.4215355585455,0.0,-0.0,4455087999.99999,-0.5657139213279438,-0.824601576044917,-0.0
149599654.43111205,218275358.90531152,0.0,-7.380098465413281e-05,29.77996111023811,0.0,443.42153555854543,0.0,-0.0,4455087999.9999895,-0.5655248505206143,-0.8247312552847968,-0.0
149599654.16540766,218382566.76527795,0.0,-7.38125639211008e-05,29.77996109333908,0.0,443.42153555854543,0.0,-0.0,4455087999.99999,-0.5653358763646722,-0.8248608045573436,-0.0
149599653.8996616,218489774.62518355,0.0,-7.382413158718763e-05,29.77996107644869,0.0,443.4215355585455,0.0,-0.0,4455087999.9999895,-0.5651469988227503,-0.824990224015799,-0.0
149599653.6338739,218596982.4850284,0.0,-7.383568766607038e-05,29.779961059566936,0.0,443.4215355585455,0.0,-0.0,4455087999.99999,-0.5649582178574263,-0.8251195138132178,-0.0
149599653.36804464,218704190.34481245,0.0,-7.38472321714094e-05,29.779961042693817,0.0,443.4215355585455,0.0,-0.0,4455087999.9999895,-0.5647695334312228,-0.8252486741024664,-0.0
149599653.10217384,218811398.20453578,0.0,-7.385876511684829e-05,29.77996102582933,0.0,443.4215355585455,0.0,-0.0,4455087999.9999895,-0.564580945506608,-0.8253777050362244,-0.0
149599652.83626154,218918606.06419843,0.0,-7.387028651601391e-05,29.77996100897347,0.0,443.42153555854554,0.0,-0.0,4455087999.9999895,-0.564392454045995,-0.8255066067669837,-0.0
149599652.5703078,219025813.9238004,0.0,-7.38817963825164e-05,29.77996099212623,0.0,443.4215355585455,0.0,-0.0,4455087999.9999895,-0.5642040590117435,-0.8256353794470493,-0.0
149599652.30431262,219133021.78334177,0.0,-7.38932947299492e-05,29.779960975287615,0.0,443.4215355585455,0.0,-0.0,4455087999.999989,-0.5640157603661587,-0.8257640232285395,-0.0
149599652.03827608,219240229.6428225,0.0,-7.390478157188907e-05,29.779960958457615,0.0,443.42153555854543,0.0,-0.0,4455087999.999989,-0.5638275580714922,-0.8258925382633858,-0.0
149599651.7721982,219347437.50224268,0.0,-7.391625692189607e-05,29.77996094163623,0.0,443.42153555854543,0.0,-0.0,4455087999.999989,-0.5636394520899426,-0.826020924703333,-0.0
149599651.50607905,219454645.3616023,0.0,-7.392772079351366e-05,29.779960924823456,0.0,443.4215355585455,0.0,-0.0,4455087999.9999895,-0.5634514423836546,-0.8261491826999401,-0.0
149599651.23991865,219561853.22090143,0.0,-7.393917320026863e-05,29.779960908019287,0.0,443.42153555854543,0.0,-0.0,4455087999.9999895,-0.563263528914721,-0.8262773124045796,-0.0
149599650.97371703,219669061.08014005,0.0,-7.395061415567117e-05,29.779960891223723,0.0,443.4215355585455,0.0,-0.0,4455087999.99999,-0.5630757116451809,-0.8264053139684383,-0.0
149599650.70747423,219776268.93931824,0.0,-7.396204367321486e-05,29.77996087443676,0.0,443.42153555854554,0.0,-0.0,4455087999.9999895,-0.5628879905370219,-0.826533187542517,-0.0
149599650.44119033,219883476.79843602,0.0,-7.39734617663767e-05,29.77996085765839,0.0,443.42153555854543,0.0,-0.0,4455087999.9999895,-0.5627003655521787,-0.8266609332776312,-0.0
149599650.17486534,219990684.6574934,0.0,-7.398486844861711e-05,29.779960840888617,0.0,443.42153555854543,0.0,-0.0,4455087999.9999895,-0.5625128366525349,-0.8267885513244112,-0.0
149599649.9084993,220097892.51649043,0.0,-7.399626373338e-05,29.779960824127432,0.0,443.42153555854543,0.0,-0.0,4455087999.9999895,-0.5623254037999219,-0.8269160418333017,-0.0
149599649.64209226,220205100.37542713,0.0,-7.400764763409269e-05,29.779960807374835,0.0,443.4215355585454,0.0,-0.0,4455087999.99999,-0.56213806695612,-0.8270434049545627,-0.0
149599649.37564427,220312308.23430353,0.0,-7.401902016416603e-05,29.77996079063082,0.0,443.4215355585454,0.0,-0.0,4455087999.99999,-0.5619508260828584,-0.8271706408382693,-0.0
149599649.10915533,220419516.09311968,0.0,-7.403038133699435e-05,29.779960773895386,0.0,443.4215355585454,0.0,-0.0,4455087999.9999895,-0.5617636811418153,-0.8272977496343121,-0.0
149599648.84262553,220526723.9518756,0.0,-7.40417311659555e-05,29.779960757168528,0.0,443.42153555854543,0.0,-0.0,4455087999.9999895,-0.5615766320946184,-0.8274247314923971,-0.0
149599648.57605487,220633931.8105713,0.0,-7.405306966441087e-05,29.779960740450242,0.0,443.42153555854543,0.0,-0.0,4455087999.9999895,-0.5613896789028451,-0.8275515865620466,-0.0
149599648.3094434,220741139.66920686,0.0,-7.406439684570539e-05,29.779960723740526,0.0,443.4215355585454,0.0,-0.0,4455087999.9999895,-0.5612028215280224,-0.8276783149925981,-0.0
149599648.04279122,220848347.52778226,0.0,-7.407571272316756e-05,29.779960707039375,0.0,443.4215355585454,0.0,-0.0,4455087999.9999895,-0.561016059931628,-0.8278049169332058,-0.0
149599647.7760983,220955555.38629755,0.0,-7.408701731010948e-05,29.779960690346787,0.0,443.4215355585454,0.0,-0.0,4455087999.9999895,-0.5608293940750895,-0.8279313925328403,-0.0
149599647.50936472,221062763.24475276,0.0,-7.409831061982684e-05,29.779960673662757,0.0,443.42153555854526,0.0,-0.0,4455087999.9999895,-0.5606428239197853,-0.8280577419402879,-0.0
149599647.2425905,221169971.10314792,0.0,-7.410959266559895e-05,29.779960656987285,0.0,443.42153555854526,0.0,-0.0,4455087999.9999895,-0.5604563494270447,-0.828183965304153,-0.0
149599646.97577566,221277178.96148306,0.0,-7.412086346068875e-05,29.779960640320365,0.0,443.4215355585454,0.0,-0.0,4455087999.9999895,-0.5602699705581481,-0.8283100627728556,-0.0
149599646.70892027,221384386.81975824,0.0,-7.413212301834284e-05,29.779960623661992,0.0,443.4215355585453,0.0,-0.0,4455087999.9999895,-0.5600836872743273,-0.8284360344946333,-0.0
149599646.44202438,221491594.67797345,0.0,-7.414337135179149e-05,29.779960607012164,0.0,443.42153555854526,0.0,-0.0,4455087999.999989,-0.5598974995367659,-0.8285618806175415,-0.0
149599646.17508802,221598802.53612873,0.0,-7.415460847424866e-05,29.77996059037088,0.0,443.4215355585453,0.0,-0.0,4455087999.9999895,-0.559711407306599,-0.8286876012894523,-0.0
149599645.9081112,221706010.39422414,0.0,-7.416583439891199e-05,29.779960573738133,0.0,443.4215355585454,0.0,-0.0,4455087999.9999895,-0.5595254105449142,-0.8288131966580559,-0.0
149599645.64109403,221813218.25225967,0.0,-7.417704913896287e-05,29.77996055711392,0.0,443.4215355585453,0.0,-0.0,4455087999.9999895,-0.5593395092127511,-0.82893866687086,-0.0
149599645.3740365,221920426.11023536,0.0,-7.418825270756641e-05,29.779960540498237,0.0,443.4215355585453,0.0,-0.0,4455087999.9999895,-0.5591537032711024,-0.8290640120751909,-0.0
149599645.10693863,222027633.96815127,0.0,-7.419944511787147e-05,29.779960523891084,0.0,443.4215355585453,0.0,-0.0,4455087999.9999895,-0.5589679926809128,-0.8291892324181923,-0.0
149599644.8398005,222134841.8260074,0.0,-7.421062638301071e-05,29.779960507292454,0.0,443.4215355585453,0.0,-0.0,4455087999.99999,-0.558782377403081,-0.8293143280468273,-0.0
149599644.57262215,222242049.6838038,0.0,-7.422179651610053e-05,29.779960490702344,0.0,443.42153555854526,0.0,-0.0,4455087999.99999,-0.5585968573984587,-0.8294392991078768,-0.0
149599644.3054036,222349257.54154047,0.0,-7.423295553024117e-05,29.779960474120752,0.0,443.42153555854526,0.0,-0.0,4455087999.99999,-0.5584114326278509,-0.8295641457479409,-0.0
149599644.0381449,222456465.3992175,0.0,-7.424410343851668e-05,29.779960457547674,0.0,443.4215355585453,0.0,-0.0,4455087999.99999,-0.5582261030520167,-0.8296888681134389,-0.0
149599643.77084607,222563673.25683483,0.0,-7.425524025399496e-05,29.779960440983107,0.0,443.4215355585453,0.0,-0.0,4455087999.99999,-0.558040868631669,-0.8298134663506084,-0.0
149599643.50350717,222670881.11439258,0.0,-7.426636598972774e-05,29.779960424427045,0.0,443.4215355585453,0.0,-0.0,4455087999.99999,-0.5578557293274753,-0.8299379406055073,-0.0
149599643.23612824,222778088.97189072,0.0,-7.427748065875064e-05,29.779960407879486,0.0,443.42153555854526,0.0,-0.0,4455087999.99999,-0.5576706851000572,-0.8300622910240127,-0.0
149599642.96870932,222885296.8293293,0.0,-7.428858427408317e-05,29.779960391340428,0.0,443.4215355585453,0.0,-0.0,4455087999.9999895,-0.5574857359099917,-0.8301865177518214,-0.0
149599642.70125043,222992504.6867084,0.0,-7.429967684872873e-05,29.779960374809864,0.0,443.42153555854526,0.0,-0.0,4455087999.9999895,-0.5573008817178099,-0.8303106209344497,-0.0
149599642.43375164,223099712.54402795,0.0,-7.431075839567467e-05,29.779960358287795,0.0,443.4215355585453,0.0,-0.0,4455087999.9999895,-0.557116122483999,-0.8304346007172352,-0.0
149599642.16621298,223206920.40128806,0.0,-7.432182892789225e-05,29.779960341774213,0.0,443.4215355585453,0.0,-0.0,4455087999.9999895,-0.556931458169001,-0.8305584572453345,-0.0
149599641.8986345,223314128.25848874,0.0,-7.43328884583367e-05,29.779960325269116,0.0,443.42153555854526,0.0,-0.0,4455087999.9999895,-0.556746888733214,-0.8306821906637257,-0.0
149599641.6310162,223421336.11563003,0.0,-7.434393699994724e-05,29.7799603087725,0.0,443.42153555854526,0.0,-0.0,4455087999.9999895,-0.5565624141369916,-0.8308058011172068,-0.0
149599641.36335814,223528543.97271192,0.0,-7.435497456564704e-05,29.779960292284365,0.0,443.42153555854526,0.0,-0.0,4455087999.999989,-0.5563780343406441,-0.8309292887503973,-0.0
149599641.0956604,223635751.82973447,0.0,-7.436600116834331e-05,29.779960275804704,0.0,443.42153555854526,0.0,-0.0,4455087999.999989,-0.5561937493044379,-0.8310526537077372,-0.0
149599640.82792294,223742959.68669772,0.0,-7.437701682092727e-05,29.779960259333514,0.0,443.4215355585452,0.0,-0.0,4455087999.9999895,-0.5560095589885959,-0.8311758961334882,-0.0
149599640.56014585,223850167.5436017,0.0,-7.43880215362742e-05,29.779960242870793,0.0,443.42153555854526,0.0,-0.0,4455087999.999989,-0.5558254633532977,-0.8312990161717333,-0.0
149599640.2923292,223957375.40044641,0.0,-7.43990153272434e-05,29.779960226416534,0.0,443.42153555854526,0.0,-0.0,4455087999.999989,-0.555641462358681,-0.831422013966377,-0.0
149599640.02447295,224064583.25723192,0.0,-7.440999820667827e-05,29.779960209970735,0.0,443.4215355585453,0.0,-0.0,4455087999.999988,-0.5554575559648394,-0.8315448896611459,-0.0
149599639.7565772,224171791.11395824,0.0,-7.44209701874063e-05,29.779960193533395,0.0,443.4215355585453,0.0,-0.0,4455087999.999988,-0.5552737441318248,-0.8316676433995884,-0.0
149599639.48864198,224278998.97062537,0.0,-7.443193128223912e-05,29.779960177104506,0.0,443.42153555854526,0.0,-0.0,4455087999.999988,-0.5550900268196468,-0.8317902753250749,-0.0
149599639.2206673,224386206.82723337,0.0,-7.444288150397241e-05,29.77996016068407,0.0,443.4215355585453,0.0,-0.0,4455087999.999988,-0.5549064039882732,-0.8319127855807983,-0.0
149599638.95265323,224493414.68378228,0.0,-7.445382086538605e-05,29.779960144272078,0.0,443.4215355585453,0.0,-0.0,4455087999.999989,-0.5547228755976295,-0.8320351743097747,-0.0
149599638.6845998,224600622.54027212,0.0,-7.446474937924407e-05,29.779960127868527,0.0,443.4215355585453,0.0,-0.0,4455087999.999988,-0.5545394416075997,-0.8321574416548418,-0.0
149599638.41650704,224707830.39670292,0.0,-7.447566705829465e-05,29.779960111473418,0.0,443.4215355585454,0.0,-0.0,4455087999.999988,-0.554356101978027,-0.8322795877586615,-0.0
149599638.148375,224815038.25307474,0.0,-7.44865739152702e-05,29.779960095086743,0.0,443.4215355585454,0.0,-0.0,4455087999.999989,-0.5541728566687127,-0.8324016127637177,-0.0
149599637.88020372,224922246.10938758,0.0,-7.449746996288732e-05,29.7799600787085,0.0,443.4215355585453,0.0,-0.0,4455087999.999988,-0.5539897056394183,-0.8325235168123185,-0.0
149599637.61199322,225029453.96564147,0.0,-7.450835521384683e-05,29.779960062338684,0.0,443.4215355585454,0.0,-0.0,4455087999.999988,-0.5538066488498635,-0.832645300046595,-0.0
149599637.34374356,225136661.82183644,0.0,-7.451922968083382e-05,29.779960045977294,0.0,443.42153555854543,0.0,-0.0,4455087999.999988,-0.553623686259728,-0.832766962608502,-0.0
149599637.07545477,225243869.67797253,0.0,-7.453009337651761e-05,29.779960029624323,0.0,443.42153555854543,0.0,-0.0,4455087999.999989,-0.5534408178286517,-0.8328885046398186,-0.0
149599636.8071269,225351077.53404975,0.0,-7.45409463135518e-05,29.77996001327977,0.0,443.4215355585454,0.0,-0.0,4455087999.999988,-0.5532580435162339,-0.8330099262821475,-0.0
149599636.53875998,225458285.39006814,0.0,-7.455178850457431e-05,29.77995999694363,0.0,443.4215355585454,0.0,-0.0,4455087999.999988,-0.5530753632820343,-0.8331312276769163,-0.0
149599636.27035403,225565493.24602774,0.0,-7.456261996220734e-05,29.779959980615903,0.0,443.42153555854543,0.0,-0.0,4455087999.999988,-0.5528927770855732,-0.8332524089653763,-0.0
149599636.0019091,225672701.1019286,0.0,-7.457344069905744e-05,29.77995996429658,0.0,443.42153555854543,0.0,-0.0,4455087999.999988,-0.5527102848863312,-0.8333734702886039,-0.0
149599635.73342526,225779908.9577707,0.0,-7.45842507277155e-05,29.77995994798566,0.0,443.42153555854543,0.0,-0.0,4455087999.999987,-0.5525278866437504,-0.8334944117875001,-0.0
149599635.46490252,225887116.8135541,0.0,-7.459505006075677e-05,29.779959931683138,0.0,443.42153555854543,0.0,-0.0,4455087999.999988,-0.5523455823172333,-0.8336152336027913,-0.0
149599635.19634092,225994324.66927883,0.0,-7.460583871074087e-05,29.77995991538901,0.0,443.4215355585454,0.0,-0.0,4455087999.999988,-0.5521633718661442,-0.8337359358750287,-0.0
149599634.92774048,226101532.5249449,0.0,-7.461661669021181e-05,29.779959899103275,0.0,443.4215355585453,0.0,-0.0,4455087999.999987,-0.5519812552498087,-0.8338565187445892,-0.0
149599634.65910128,226208740.38055238,0.0,-7.462738401169805e-05,29.77995988282593,0.0,443.42153555854543,0.0,-0.0,4455087999.999987,-0.5517992324275143,-0.8339769823516751,-0.0
149599634.39042333,226315948.23610127,0.0,-7.463814068771244e-05,29.779959866556972,0.0,443.4215355585455,0.0,-0.0,4455087999.999987,-0.5516173033585101,-0.8340973268363143,-0.0
149599634.12170666,226423156.0915916,0.0,-7.464888673075228e-05,29.779959850296393,0.0,443.4215355585455,0.0,-0.0,4455087999.999987,-0.5514354680020078,-0.8342175523383613,-0.0
149599633.85295135,226530363.94702342,0.0,-7.465962215329936e-05,29.779959834044192,0.0,443.42153555854554,0.0,-0.0,4455087999.999987,-0.5512537263171814,-0.8343376589974961,-0.0
149599633.5841574,226637571.80239674,0.0,-7.467034696781991e-05,29.77995981780036,0.0,443.4215355585455,0.0,-0.0,4455087999.999987,-0.5510720782631672,-0.8344576469532252,-0.0
149599633.31532487,226744779.6577116,0.0,-7.468106118676469e-05,29.7799598015649,0.0,443.42153555854543,0.0,-0.0,4455087999.999988,-0.5508905237990649,-0.8345775163448821,-0.0
149599633.04645377,226851987.512968,0.0,-7.469176482256896e-05,29.779959785337805,0.0,443.4215355585454,0.0,-0.0,4455087999.999987,-0.5507090628839364,-0.8346972673116263,-0.0
149599632.77754417,226959195.36816603,0.0,-7.47024578876525e-05,29.779959769119074,0.0,443.4215355585454,0.0,-0.0,4455087999.999987,-0.5505276954768076,-0.8348168999924447,-0.0
149599632.5085961,227066403.22330567,0.0,-7.471314039441964e-05,29.779959752908702,0.0,443.4215355585454,0.0,-0.0,4455087999.999987,-0.5503464215366676,-0.834936414526151,-0.0
149599632.23960957,227173611.078387,0.0,-7.472381235525931e-05,29.779959736706687,0.0,443.4215355585454,0.0,-0.0,4455087999.999987,-0.5501652410224688,-0.8350558110513863,-0.0
149599631.97058466,227280818.93341,0.0,-7.473447378254497e-05,29.779959720513023,0.0,443.4215355585455,0.0,-0.0,4455087999.999988,-0.5499841538931279,-0.8351750897066195,-0.0
149599631.70152137,227388026.7883747,0.0,-7.47451246886347e-05,29.779959704327705,0.0,443.42153555854543,0.0,-0.0,4455087999.999987,-0.5498031601075261,-0.8352942506301466,-0.0
149599631.43241978,227495234.64328116,0.0,-7.47557650858712e-05,29.779959688150733,0.0,443.4215355585455,0.0,-0.0,4455087999.999988,-0.5496222596245074,-0.8354132939600918,-0.0
149599631.1632799,227602442.4981294,0.0,-7.476639498658178e-05,29.779959671982102,0.0,443.4215355585455,0.0,-0.0,4455087999.999988,-0.5494414524028818,-0.835532219834407,-0.0
149599630.89410174,227709650.35291943,0.0,-7.477701440307843e-05,29.779959655821806,0.0,443.4215355585455,0.0,-0.0,4455087999.999988,-0.5492607384014235,-0.8356510283908726,-0.0
149599630.62488538,227816858.20765132,0.0,-7.478762334765775e-05,29.779959639669844,0.0,443.4215355585455,0.0,-0.0,4455087999.999988,-0.5490801175788712,-0.8357697197670977,-0.0
149599630.35563084,227924066.06232506,0.0,-7.479822183260109e-05,29.77995962352621,0.0,443.4215355585455,0.0,-0.0,4455087999.999988,-0.5488995898939293,-0.8358882941005192,-0.0
149599630.0863382,228031273.91694072,0.0,-7.480880987017444e-05,29.779959607390904,0.0,443.42153555854554,0.0,-0.0,4455087999.999987,-0.5487191553052673,-0.8360067515284036,-0.0
149599629.81700742,228138481.7714983,0.0,-7.481938747262856e-05,29.779959591263918,0.0,443.4215355585455,0.0,-0.0,4455087999.999987,-0.5485388137715198,-0.8361250921878459,-0.0
149599629.5476386,228245689.62599784,0.0,-7.482995465219888e-05,29.779959575145252,0.0,443.4215355585456,0.0,-0.0,4455087999.999987,-0.548358565251288,-0.8362433162157704,-0.0
149599629.27823174,228352897.48043936,0.0,-7.484051142110563e-05,29.7799595590349,0.0,443.4215355585456,0.0,-0.0,4455087999.999987,-0.5481784097031384,-0.8363614237489305,-0.0
149599629.00878692,228460105.3348229,0.0,-7.485105779155377e-05,29.779959542932858,0.0,443.4215355585456,0.0,-0.0,4455087999.999987,-0.5479983470856036,-0.8364794149239096,-0.0
149599628.73930416,228567313.1891485,0.0,-7.486159377573306e-05,29.77995952683912,0.0,443.42153555854554,0.0,-0.0,4455087999.999987,-0.5478183773571832,-0.8365972898771207,-0.0
149599628.46978346,228674521.04341614,0.0,-7.487211938581807e-05,29.77995951075369,0.0,443.42153555854554,0.0,-0.0,4455087999.999987,-0.5476385004763424,-0.8367150487448061,-0.0
149599628.2002249,228781728.89762592,0.0,-7.488263463396815e-05,29.77995949467656,0.0,443.4215355585456,0.0,-0.0,4455087999.999987,-0.5474587164015136,-0.8368326916630391,-0.0
149599627.9306285,228888936.75177783,0.0,-7.489313953232751e-05,29.779959478607726,0.0,443.4215355585456,0.0,-0.0,4455087999.999988,-0.5472790250910964,-0.8369502187677229,-0.0
149599627.66099432,228996144.60587192,0.0,-7.49036340930252e-05,29.779959462547183,0.0,443.4215355585456,0.0,-0.0,4455087999.999987,-0.5470994265034572,-0.8370676301945909,-0.0
149599627.39132237,229103352.4599082,0.0,-7.491411832817513e-05,29.779959446494928,0.0,443.4215355585456,0.0,-0.0,4455087999.999988,-0.5469199205969296,-0.8371849260792075,-0.0
149599627.1216127,229210560.3138867,0.0,-7.492459224987612e-05,29.77995943045096,0.0,443.42153555854566,0.0,-0.0,4455087999.999988,-0.5467405073298154,-0.8373021065569679,-0.0
149599626.85186532,229317768.16780746,0.0,-7.493505587021187e-05,29.77995941441527,0.0,443.4215355585456,0.0,-0.0,4455087999.999988,-0.5465611866603833,-0.8374191717630984,-0.0
149599626.5820803,229424976.0216705,0.0,-7.494550920125098e-05,29.77995939838786,0.0,443.42153555854566,0.0,-0.0,4455087999.999989,-0.5463819585468703,-0.8375361218326562,-0.0
149599626.31225768,229532183.87547585,0.0,-7.495595225504702e-05,29.77995938236872,0.0,443.42153555854566,0.0,-0.0,4455087999.999988,-0.5462028229474818,-0.8376529569005303,-0.0
149599626.04239747,229639391.72922355,0.0,-7.496638504363847e-05,29.77995936635785,0.0,443.4215355585456,0.0,-0.0,4455087999.999988,-0.5460237798203912,-0.8377696771014411,-0.0
149599625.7724997,229746599.58291364,0.0,-7.49768075790488e-05,29.77995935035525,0.0,443.4215355585456,0.0,-0.0,4455087999.999988,-0.5458448291237404,-0.8378862825699407,-0.0
149599625.50256446,229853807.43654612,0.0,-7.498721987328645e-05,29.77995933436091,0.0,443.4215355585456,0.0,-0.0,4455087999.999988,-0.5456659708156401,-0.8380027734404135,-0.0
149599625.23259175,229961015.29012105,0.0,-7.499762193834487e-05,29.77995931837483,0.0,443.42153555854566,0.0,-0.0,4455087999.999989,-0.5454872048541701,-0.8381191498470756,-0.0
149599624.9625816,230068223.14363843,0.0,-7.500801378620254e-05,29.779959302397003,0.0,443.4215355585457,0.0,-0.0,4455087999.999988,-0.5453085311973791,-0.8382354119239757,-0.0
149599624.69253406,230175430.99709833,0.0,-7.501839542882294e-05,29.779959286427427,0.0,443.4215355585456,0.0,-0.0,4455087999.999988,-0.5451299498032848,-0.838351559804995,-0.0
149599624.42244917,230282638.85050073,0.0,-7.502876687815462e-05,29.7799592704661,0.0,443.4215355585457,0.0,-0.0,4455087999.999989,-0.5449514606298751,-0.8384675936238476,-0.0
149599624.15232697,230389846.70384568,0.0,-7.50391281461312e-05,29.779959254513017,0.0,443.4215355585457,0.0,-0.0,4455087999.999989,-0.5447730636351071,-0.8385835135140801,-0.0
149599623.8821675,230497054.55713323,0.0,-7.504947924467135e-05,29.77995923856817,0.0,443.42153555854566,0.0,-0.0,4455087999.9999895,-0.5445947587769079,-0.8386993196090726,-0.0
149599623.61197075,230604262.41036338,0.0,-7.50598201856789e-05,29.77995922263156,0.0,443.4215355585456,0.0,-0.0,4455087999.9999895,-0.5444165460131745,-0.8388150120420382,-0.0
149599623.3417368,230711470.26353619,0.0,-7.507015098104274e-05,29.779959206703186,0.0,443.4215355585457,0.0,-0.0,4455087999.9999895,-0.5442384253017746,-0.8389305909460238,-0.0
149599623.07146567,230818678.11665165,0.0,-7.508047164263693e-05,29.77995919078304,0.0,443.42153555854566,0.0,-0.0,4455087999.9999895,-0.5440603966005456,-0.8390460564539095,-0.0
149599622.80115741,230925885.96970984,0.0,-7.509078218232065e-05,29.779959174871117,0.0,443.4215355585457,0.0,-0.0,4455087999.9999895,-0.5438824598672963,-0.8391614086984094,-0.0
149599622.53081205,231033093.82271075,0.0,-7.510108261193827e-05,29.779959158967415,0.0,443.4215355585457,0.0,-0.0,4455087999.9999895,-0.543704615059806,-0.8392766478120717,-0.0
149599622.26042962,231140301.6756544,0.0,-7.511137294331934e-05,29.77995914307193,0.0,443.42153555854577,0.0,-0.0,4455087999.99999,-0.5435268621358249,-0.8393917739272787,-0.0
149599621.99001017,231247509.52854088,0.0,-7.51216531882786e-05,29.779959127184657,0.0,443.42153555854577,0.0,-0.0,4455087999.9999895,-0.5433492010530748,-0.8395067871762475,-0.0
149599621.71955374,231354717.38137016,0.0,-7.513192335861602e-05,29.779959111305594,0.0,443.4215355585457,0.0,-0.0,4455087999.9999895,-0.5431716317692483,-0.8396216876910292,-0.0
149599621.44906035,231461925.23414227,0.0,-7.514218346611678e-05,29.779959095434737,0.0,443.42153555854577,0.0,-0.0,4455087999.9999895,-0.5429941542420101,-0.8397364756035098,-0.0
149599621.17853004,231569133.0868573,0.0,-7.515243352255133e-05,29.779959079572084,0.0,443.4215355585457,0.0,-0.0,4455087999.9999895,-0.5428167684289963,-0.839851151045411,-0.0
149599620.90796283,231676340.9395152,0.0,-7.516267353967538e-05,29.779959063717627,0.0,443.42153555854577,0.0,-0.0,4455087999.9999895,-0.5426394742878152,-0.8399657141482881,-0.0
149599620.63735878,231783548.79211608,0.0,-7.517290352922993e-05,29.779959047871365,0.0,443.42153555854577,0.0,-0.0,4455087999.9999895,-0.542462271776047,-0.8400801650435332,-0.0
149599620.36671793,231890756.6446599,0.0,-7.518312350294127e-05,29.779959032033293,0.0,443.42153555854577,0.0,-0.0,4455087999.9999895,-0.5422851608512446,-0.8401945038623734,-0.0
149599620.0960403,231997964.49714673,0.0,-7.519333347252102e-05,29.77995901620341,0.0,443.4215355585458,0.0,-0.0,4455087999.99999,-0.5421081414709328,-0.8403087307358712,-0.0
149599619.82532594,232105172.34957656,0.0,-7.52035334496661e-05,29.77995900038171,0.0,443.4215355585458,0.0,-0.0,4455087999.9999895,-0.5419312135926099,-0.8404228457949254,-0.0
149599619.55457488,232212380.20194948,0.0,-7.521372344605882e-05,29.779958984568186,0.0,443.4215355585458,0.0,-0.0,4455087999.9999895,-0.541754377173746,-0.8405368491702707,-0.0
149599619.28378713,232319588.05426547,0.0,-7.522390347336683e-05,29.779958968762838,0.0,443.4215355585458,0.0,-0.0,4455087999.9999895,-0.5415776321717855,-0.8406507409924779,-0.0
149599619.01296276,232426795.90652457,0.0,-7.523407354324318e-05,29.77995895296566,0.0,443.42153555854577,0.0,-0.0,4455087999.999989,-0.5414009785441448,-0.8407645213919546,-0.0
149599618.7421018,232534003.75872684,0.0,-7.52442336673263e-05,29.77995893717665,0.0,443.42153555854577,0.0,-0.0,4455087999.999989,-0.5412244162482145,-0.8408781904989446,-0.0
149599618.47120428,232641211.61087227,0.0,-7.525438385724006e-05,29.779958921395806,0.0,443.4215355585457,0.0,-0.0,4455087999.999989,-0.5410479452413586,-0.840991748443529,-0.0
149599618.20027024,232748419.4629609,0.0,-7.526452412459372e-05,29.779958905623122,0.0,443.4215355585457,0.0,-0.0,4455087999.999989,-0.5408715654809149,-0.8411051953556252,-0.0
149599617.9292997,232855627.31499276,0.0,-7.527465448098204e-05,29.779958889858595,0.0,443.42153555854577,0.0,-0.0,4455087999.999989,-0.540695276924195,-0.8412185313649885,-0.0
149599617.65829274,232962835.16696787,0.0,-7.528477493798521e-05,29.77995887410222,0.0,443.42153555854577,0.0,-0.0,4455087999.999989,-0.5405190795284847,-0.8413317566012111,-0.0
149599617.38724935,233070043.0188863,0.0,-7.529488550716891e-05,29.779958858353993,0.0,443.4215355585458,0.0,-0.0,4455087999.999989,-0.5403429732510442,-0.841444871193723,-0.0
149599617.11616957,233177250.87074804,0.0,-7.530498620008433e-05,29.77995884261391,0.0,443.4215355585458,0.0,-0.0,4455087999.999989,-0.5401669580491082,-0.8415578752717918,-0.0
149599616.84505346,233284458.72255313,0.0,-7.531507702826818e-05,29.77995882688197,0.0,443.4215355585458,0.0,-0.0,4455087999.999989,-0.5399910338798856,-0.8416707689645233,-0.0
149599616.57390103,233391666.5743016,0.0,-7.532515800324268e-05,29.779958811158167,0.0,443.4215355585459,0.0,-0.0,4455087999.999989,-0.539815200700561,-0.8417835524008609,-0.0
149599616.30271232,233498874.42599347,0.0,-7.53352291365156e-05,29.779958795442496,0.0,443.4215355585458,0.0,-0.0,4455087999.999989,-0.5396394584682932,-0.8418962257095867,-0.0
149599616.03148738,233606082.27762878,0.0,-7.534529043958027e-05,29.779958779734955,0.0,443.4215355585458,0.0,-0.0,4455087999.999988,-0.5394638071402168,-0.8420087890193207,-0.0
149599615.76022622,233713290.12920755,0.0,-7.535534192391563e-05,29.779958764035538,0.0,443.4215355585458,0.0,-0.0,4455087999.999988,-0.5392882466734411,-0.8421212424585225,-0.0
149599615.4889289,233820497.98072982,0.0,-7.536538360098619e-05,29.779958748344242,0.0,443.4215355585457,0.0,-0.0,4455087999.999988,-0.5391127770250517,-0.8422335861554899,-0.0
149599615.21759546,233927705.83219564,0.0,-7.537541548224209e-05,29.779958732661065,0.0,443.42153555854577,0.0,-0.0,4455087999.999987,-0.5389373981521093,-0.8423458202383596,-0.0
149599614.9462259,234034913.68360502,0.0,-7.53854375791191e-05,29.779958716986002,0.0,443.4215355585457,0.0,-0.0,4455087999.999987,-0.5387621100116506,-0.8424579448351082,-0.0
149599614.6748203,234142121.53495798,0.0,-7.539544990303862e-05,29.77995870131905,0.0,443.4215355585457,0.0,-0.0,4455087999.999986,-0.5385869125606888,-0.8425699600735508,-0.0
149599614.40337867,234249329.38625455,0.0,-7.540545246540773e-05,29.779958685660205,0.0,443.4215355585457,0.0,-0.0,4455087999.999986,-0.538411805756213,-0.8426818660813427,-0.0
149599614.13190106,234356537.23749477,0.0,-7.541544527761917e-05,29.77995867000946,0.0,443.4215355585457,0.0,-0.0,4455087999.999987,-0.5382367895551885,-0.842793662985979,-0.0
149599613.86038747,234463745.08867863,0.0,-7.542542835105142e-05,29.779958654366816,0.0,443.42153555854566,0.0,-0.0,4455087999.999986,-0.5380618639145576,-0.842905350914794,-0.0
149599613.58883798,234570952.9398062,0.0,-7.543540169706862e-05,29.779958638732268,0.0,443.4215355585457,0.0,-0.0,4455087999.999987,-0.537887028791239,-0.8430169299949632,-0.0
149599613.3172526,234678160.7908775,0.0,-7.544536532702066e-05,29.77995862310581,0.0,443.4215355585457,0.0,-0.0,4455087999.999987,-0.5377122841421286,-0.8431284003535017,-0.0
149599613.04563138,234785368.64189255,0.0,-7.54553192522432e-05,29.779958607487437,0.0,443.4215355585457,0.0,-0.0,4455087999.999987,-0.5375376299240993,-0.8432397621172651,-0.0
149599612.77397433,234892576.4928514,0.0,-7.546526348405762e-05,29.779958591877147,0.0,443.42153555854566,0.0,-0.0,4455087999.999986,-0.5373630660940009,-0.8433510154129502,-0.0
149599612.5022815,234999784.34375408,0.0,-7.547519803377111e-05,29.77995857627494,0.0,443.4215355585457,0.0,-0.0,4455087999.999987,-0.5371885926086613,-0.8434621603670943,-0.0
149599612.2305529,235106992.1946006,0.0,-7.548512291267663e-05,29.779958560680807,0.0,443.4215355585457,0.0,-0.0,4455087999.999987,-0.5370142094248852,-0.8435731971060755,-0.0
149599611.95878863,235214200.045391,0.0,-7.549503813205297e-05,29.779958545094747,0.0,443.42153555854577,0.0,-0.0,4455087999.999988,-0.5368399164994558,-0.8436841257561134,-0.0
149599611.68698865,235321407.8961253,0.0,-7.550494370316474e-05,29.77995852951675,0.0,443.4215355585457,0.0,-0.0,4455087999.999987,-0.536665713789134,-0.843794946443269,-0.0
149599611.41515303,235428615.74680352,0.0,-7.55148396372624e-05,29.77995851394682,0.0,443.42153555854577,0.0,-0.0,4455087999.999987,-0.5364916012506582,-0.8439056592934453,-0.0
149599611.14328182,235535823.59742573,0.0,-7.552472594558226e-05,29.77995849838495,0.0,443.42153555854577,0.0,-0.0,4455087999.999987,-0.5363175788407463,-0.8440162644323863,-0.0
149599610.87137502,235643031.4479919,0.0,-7.553460263934652e-05,29.779958482831137,0.0,443.42153555854577,0.0,-0.0,4455087999.999988,-0.5361436465160933,-0.8441267619856786,-0.0
149599610.59943268,235750239.29850212,0.0,-7.554446972976326e-05,29.779958467285375,0.0,443.42153555854577,0.0,-0.0,4455087999.999987,-0.5359698042333737,-0.8442371520787504,-0.0
149599610.32745484,235857447.1489564,0.0,-7.555432722802647e-05,29.77995845174766,0.0,443.4215355585457,0.0,-0.0,4455087999.999987,-0.5357960519492402,-0.8443474348368728,-0.0
149599610.05544153,235964654.99935472,0.0,-7.556417514531608e-05,29.779958436217992,0.0,443.4215355585457,0.0,-0.0,4455087999.999987,-0.5356223896203248,-0.8444576103851591,-0.0
149599609.7833928,236071862.84969717,0.0,-7.557401349279795e-05,29.779958420696364,0.0,443.4215355585457,0.0,-0.0,4455087999.999987,-0.5354488172032384,-0.8445676788485651,-0.0
149599609.51130864,236179070.69998375,0.0,-7.55838422816239e-05,29.77995840518277,0.0,443.4215355585457,0.0,-0.0,4455087999.999987,-0.5352753346545712,-0.8446776403518899,-0.0
149599609.23918912,236286278.5502145,0.0,-7.559366152293171e-05,29.779958389677212,0.0,443.42153555854566,0.0,-0.0,4455087999.999987,-0.5351019419308931,-0.8447874950197755,-0.0
149599608.96703428,236393486.40038943,0.0,-7.560347122784518e-05,29.77995837417968,0.0,443.42153555854566,0.0,-0.0,4455087999.999986,-0.5349286389887529,-0.8448972429767069,-0.0
149599608.69484413,236500694.2505086,0.0,-7.561327140747411e-05,29.779958358690177,0.0,443.4215355585457,0.0,-0.0,4455087999.999986,-0.5347554257846796,-0.8450068843470129,-0.0
149599608.42261872,236607902.10057202,0.0,-7.562306207291432e-05,29.779958343208694,0.0,443.42153555854577,0.0,-0.0,4455087999.999986,-0.5345823022751819,-0.8451164192548658,-0.0
149599608.15035808,236715109.9505797,0.0,-7.563284323524764e-05,29.779958327735226,0.0,443.4215355585457,0.0,-0.0,4455087999.999985,-0.5344092684167489,-0.8452258478242815,-0.0
149599607.87806225,236822317.80053172,0.0,-7.5642614905542e-05,29.779958312269773,0.0,443.4215355585457,0.0,-0.0,4455087999.999985,-0.5342363241658495,-0.8453351701791199,-0.0
149599607.60573125,236929525.65042806,0.0,-7.565237709485138e-05,29.779958296812328,0.0,443.42153555854566,0.0,-0.0,4455087999.999985,-0.5340634694789331,-0.8454443864430852,-0.0
149599607.33336514,237036733.50026876,0.0,-7.566212981421586e-05,29.77995828136289,0.0,443.4215355585457,0.0,-0.0,4455087999.999985,-0.5338907043124298,-0.8455534967397259,-0.0
149599607.06096393,237143941.35005388,0.0,-7.567187307466161e-05,29.779958265921454,0.0,443.42153555854566,0.0,-0.0,4455087999.999985,-0.5337180286227503,-0.8456625011924349,-0.0
149599606.78852767,237251149.1997834,0.0,-7.568160688720093e-05,29.779958250488015,0.0,443.4215355585456,0.0,-0.0,4455087999.999985,-0.5335454423662862,-0.84577139992445,-0.0
149599606.5160564,237358357.0494574,0.0,-7.569133126283226e-05,29.77995823506257,0.0,443.4215355585456,0.0,-0.0,4455087999.999985,-0.5333729454994096,-0.8458801930588539,-0.0
149599606.2435501,237465564.89907587,0.0,-7.570104621254018e-05,29.779958219645113,0.0,443.42153555854554,0.0,-0.0,4455087999.999985,-0.5332005379784747,-0.8459888807185737,-0.0
149599605.97100887,237572772.74863884,0.0,-7.571075174729545e-05,29.779958204235644,0.0,443.42153555854554,0.0,-0.0,4455087999.999984,-0.5330282197598164,-0.8460974630263828,-0.0
149599605.6984327,237679980.59814635,0.0,-7.572044787805502e-05,29.779958188834158,0.0,443.42153555854554,0.0,-0.0,4455087999.999986,-0.5328559907997508,-0.8462059401048989,-0.0
149599605.42582166,237787188.44759843,0.0,-7.573013461576204e-05,29.77995817344065,0.0,443.42153555854566,0.0,-0.0,4455087999.999986,-0.5326838510545766,-0.8463143120765864,-0.0
149599605.15317574,237894396.2969951,0.0,-7.573981197134586e-05,29.779958158055116,0.0,443.42153555854566,0.0,-0.0,4455087999.999985,-0.5325118004805733,-0.8464225790637546,-0.0
149599604.880495,238001604.1463364,0.0,-7.57494799557221e-05,29.779958142677554,0.0,443.42153555854566,0.0,-0.0,4455087999.999985,-0.532339839034003,-0.8465307411885593,-0.0
149599604.6077795,238108811.99562237,0.0,-7.575913857979258e-05,29.779958127307957,0.0,443.4215355585457,0.0,-0.0,4455087999.999985,-0.5321679666711095,-0.8466387985730025,-0.0
149599604.33502924,238216019.844853,0.0,-7.576878785444544e-05,29.77995811194632,0.0,443.4215355585457,0.0,-0.0,4455087999.999986,-0.5319961833481192,-0.8467467513389316,-0.0
149599604.06224427,238323227.69402838,0.0,-7.577842779055507e-05,29.779958096592644,0.0,443.4215355585456,0.0,-0.0,4455087999.999986,-0.5318244890212405,-0.8468545996080417,-0.0
149599603.7894246,238430435.5431485,0.0,-7.578805839898218e-05,29.77995808124692,0.0,443.42153555854554,0.0,-0.0,4455087999.999986,-0.5316528836466647,-0.8469623435018737,-0.0
149599603.51657027,238537643.39221337,0.0,-7.579767969057377e-05,29.77995806590915,0.0,443.4215355585455,0.0,-0.0,4455087999.999986,-0.5314813671805656,-0.8470699831418161,-0.0
149599603.2436813,238644851.24122304,0.0,-7.580729167616318e-05,29.779958050579324,0.0,443.42153555854554,0.0,-0.0,4455087999.999985,-0.5313099395791,-0.8471775186491042,-0.0
149599602.97075778,238752059.09017754,0.0,-7.58168943665701e-05,29.779958035257444,0.0,443.42153555854554,0.0,-0.0,4455087999.999986,-0.5311386007984076,-0.8472849501448197,-0.0
149599602.69779968,238859266.9390769,0.0,-7.582648777260059e-05,29.779958019943503,0.0,443.4215355585456,0.0,-0.0,4455087999.999986,-0.5309673507946115,-0.8473922777498931,-0.0
149599602.42480707,238966474.78792113,0.0,-7.583607190504709e-05,29.779958004637496,0.0,443.42153555854554,0.0,-0.0,4455087999.999985,-0.5307961895238177,-0.8474995015851016,-0.0
149599602.15177998,239073682.6367103,0.0,-7.58456467746884e-05,29.779957989339422,0.0,443.42153555854554,0.0,-0.0,4455087999.999986,-0.5306251169421162,-0.8476066217710699,-0.0
149599601.87871844,239180890.4854444,0.0,-7.585521239228979e-05,29.779957974049275,0.0,443.4215355585456,0.0,-0.0,4455087999.999986,-0.5304541330055799,-0.8477136384282716,-0.0
149599601.60562247,239288098.33412346,0.0,-7.586476876860291e-05,29.77995795876705,0.0,443.4215355585456,0.0,-0.0,4455087999.999986,-0.5302832376702662,-0.847820551677028,-0.0
149599601.3324921,239395306.1827475,0.0,-7.587431591436589e-05,29.779957943492743,0.0,443.42153555854554,0.0,-0.0,4455087999.999986,-0.530112430892216,-0.8479273616375081,-0.0
149599601.0593274,239502514.0313166,0.0,-7.588385384030328e-05,29.779957928226352,0.0,443.42153555854554,0.0,-0.0,4455087999.999985,-0.5299417126274543,-0.8480340684297304,-0.0
149599600.78612837,239609721.87983075,0.0,-7.589338255712613e-05,29.779957912967873,0.0,443.42153555854554,0.0,-0.0,4455087999.999986,-0.5297710828319904,-0.8481406721735615,-0.0
149599600.51289505,239716929.72829,0.0,-7.590290207553198e-05,29.779957897717303,0.0,443.42153555854554,0.0,-0.0,4455087999.999985,-0.5296005414618178,-0.8482471729887164,-0.0
149599600.23962748,239824137.57669434,0.0,-7.591241240620489e-05,29.779957882474633,0.0,443.4215355585455,0.0,-0.0,4455087999.999985,-0.5294300884729148,-0.8483535709947602,-0.0
149599599.9663257,239931345.42504382,0.0,-7.592191355981541e-05,29.779957867239865,0.0,443.4215355585455,0.0,-0.0,4455087999.999985,-0.5292597238212441,-0.8484598663111064,-0.0
149599599.69298974,240038553.27333847,0.0,-7.593140554702065e-05,29.779957852012995,0.0,443.4215355585456,0.0,-0.0,4455087999.999987,-0.5290894474627531,-0.848566059057018,-0.0
149599599.41961962,240145761.1215783,0.0,-7.594088837846428e-05,29.779957836794015,0.0,443.42153555854554,0.0,-0.0,4455087999.999987,-0.5289192593533746,-0.8486721493516078,-0.0
149599599.14621538,240252968.96976337,0.0,-7.595036206477653e-05,29.779957821582922,0.0,443.42153555854554,0.0,-0.0,4455087999.999987,-0.5287491594490258,-0.8487781373138381,-0.0
149599598.87277704,240360176.81789368,0.0,-7.595982661657423e-05,29.779957806379713,0.0,443.4215355585456,0.0,-0.0,4455087999.999987,-0.5285791477056098,-0.8488840230625213,-0.0
149599598.59930465,240467384.66596928,0.0,-7.59692820444608e-05,29.779957791184383,0.0,443.4215355585455,0.0,-0.0,4455087999.999987,-0.5284092240790145,-0.8489898067163197,-0.0
149599598.3257982,240574592.5139902,0.0,-7.597872835902629e-05,29.77995777599693,0.0,443.42153555854554,0.0,-0.0,4455087999.999987,-0.5282393885251138,-0.8490954883937459,-0.0
149599598.0522578,240681800.36195645,0.0,-7.598816557084737e-05,29.77995776081735,0.0,443.42153555854554,0.0,-0.0,4455087999.999987,-0.5280696409997668,-0.8492010682131631,-0.0
149599597.77868342,240789008.20986807,0.0,-7.599759369048738e-05,29.77995774564564,0.0,443.4215355585456,0.0,-0.0,4455087999.999987,-0.5278999814588189,-0.849306546292785,-0.0
149599597.50507513,240896216.0577251,0.0,-7.600701272849632e-05,29.77995773048179,0.0,443.4215355585456,0.0,-0.0,4455087999.999986,-0.5277304098581009,-0.8494119227506762,-0.0
149599597.23143294,241003423.90552756,0.0,-7.601642269541087e-05,29.779957715325803,0.0,443.4215355585456,0.0,-0.0,4455087999.999987,-0.5275609261534301,-0.8495171977047522,-0.0
149599596.9577569,241110631.75327545,0.0,-7.60258236017544e-05,29.779957700177672,0.0,443.4215355585456,0.0,-0.0,4455087999.999988,-0.52739153030061,-0.8496223712727795,-0.0
149599596.68404704,241217839.60096884,0.0,-7.603521545803702e-05,29.77995768503739,0.0,443.4215355585456,0.0,-0.0,4455087999.999988,-0.5272222222554304,-0.8497274435723763,-0.0
149599596.41030338,241325047.44860774,0.0,-7.604459827475555e-05,29.77995766990496,0.0,443.4215355585456,0.0,-0.0,4455087999.999988,-0.5270530019736671,-0.8498324147210118,-0.0
149599596.13652596,241432255.29619217,0.0,-7.605397206239356e-05,29.77995765478037,0.0,443.42153555854554,0.0,-0.0,4455087999.999988,-0.5268838694110834,-0.8499372848360073,-0.0
149599595.8627148,241539463.14372218,0.0,-7.606333683142139e-05,29.779957639663625,0.0,443.42153555854554,0.0,-0.0,4455087999.999988,-0.5267148245234291,-0.8500420540345361,-0.0
149599595.58886993,241646670.99119776,0.0,-7.607269259229615e-05,29.779957624554715,0.0,443.4215355585456,0.0,-0.0,4455087999.999988,-0.5265458672664404,-0.8501467224336232,-0.0
149599595.3149914,241753878.83861896,0.0,-7.608203935546174e-05,29.779957609453636,0.0,443.42153555854554,0.0,-0.0,4455087999.999988,-0.5263769975958413,-0.850251290150146,-0.0
149599595.04107925,241861086.68598583,0.0,-7.609137713134888e-05,29.779957594360386,0.0,443.42153555854554,0.0,-0.0,4455087999.999987,-0.5262082154673424,-0.8503557573008339,-0.0
149599594.7671335,241968294.53329837,0.0,-7.610070593037512e-05,29.77995757927496,0.0,443.42153555854554,0.0,-0.0,4455087999.999987,-0.5260395208366423,-0.8504601240022697,-0.0
149599594.4931542,242075502.3805566,0.0,-7.611002576294481e-05,29.779957564197357,0.0,443.42153555854554,0.0,-0.0,4455087999.999988,-0.5258709136594263,-0.8505643903708879,-0.0
149599594.21914133,242182710.22776058,0.0,-7.611933663944922e-05,29.77995754912757,0.0,443.42153555854554,0.0,-0.0,4455087999.999987,-0.525702393891368,-0.8506685565229767,-0.0
149599593.94509497,242289918.07491034,0.0,-7.612863857026646e-05,29.779957534065595,0.0,443.42153555854554,0.0,-0.0,4455087999.999987,-0.5255339614881281,-0.8507726225746776,-0.0
149599593.67101514,242397125.9220059,0.0,-7.613793156576152e-05,29.77995751901143,0.0,443.4215355585456,0.0,-0.0,4455087999.999988,-0.525365616405356,-0.8508765886419842,-0.0
149599593.39690188,242504333.76904726,0.0,-7.614721563628631e-05,29.77995750396507,0.0,443.4215355585456,0.0,-0.0,4455087999.999988,-0.5251973585986881,-0.8509804548407448,-0.0
149599593.1227552,242611541.61603445,0.0,-7.615649079217965e-05,29.779957488926506,0.0,443.4215355585456,0.0,-0.0,4455087999.999987,-0.5250291880237499,-0.8510842212866608,-0.0
149599592.84857515,242718749.46296751,0.0,-7.61657570437673e-05,29.77995747389574,0.0,443.42153555854554,0.0,-0.0,4455087999.999987,-0.5248611046361547,-0.8511878880952873,-0.0
149599592.57436174,242825957.3098465,0.0,-7.617501440136199e-05,29.77995745887277,0.0,443.42153555854554,0.0,-0.0,4455087999.999986,-0.5246931083915045,-0.8512914553820337,-0.0
149599592.30011505,242933165.1566714,0.0,-7.618426287526337e-05,29.779957443857587,0.0,443.4215355585456,0.0,-0.0,4455087999.999987,-0.5245251992453892,-0.8513949232621633,-0.0
149599592.02583507,243040373.0034423,0.0,-7.619350247575813e-05,29.77995742885019,0.0,443.42153555854554,0.0,-0.0,4455087999.999987,-0.5243573771533883,-0.8514982918507935,-0.0
149599591.75152183,243147580.85015914,0.0,-7.62027332131199e-05,29.77995741385057,0.0,443.42153555854554,0.0,-0.0,4455087999.999986,-0.5241896420710694,-0.8516015612628972,-0.0
149599591.47717538,243254788.69682202,0.0,-7.621195509760936e-05,29.77995739885873,0.0,443.4215355585455,0.0,-0.0,4455087999.999987,-0.5240219939539895,-0.851704731613301,-0.0
149599591.20279577,243361996.54343092,0.0,-7.622116813947424e-05,29.779957383874663,0.0,443.4215355585455,0.0,-0.0,4455087999.999987,-0.5238544327576947,-0.8518078030166865,-0.0
149599590.928383,243469204.38998592,0.0,-7.623037234894926e-05,29.779957368898366,0.0,443.42153555854554,0.0,-0.0,4455087999.999987,-0.5236869584377198,-0.8519107755875904,-0.0
149599590.6539371,243576412.236487,0.0,-7.623956773625624e-05,29.77995735392983,0.0,443.4215355585455,0.0,-0.0,4455087999.999986,-0.5235195709495896,-0.8520136494404053,-0.0
149599590.37945813,243683620.08293423,0.0,-7.624875431160407e-05,29.77995733896906,0.0,443.42153555854543,0.0,-0.0,4455087999.999987,-0.5233522702488176,-0.852116424689378,-0.0
149599590.10494608,243790827.9293276,0.0,-7.625793208518873e-05,29.779957324016042,0.0,443.42153555854543,0.0,-0.0,4455087999.999986,-0.5231850562909081,-0.8522191014486118,-0.0
149599589.830401,243898035.77566716,0.0,-7.62671010671933e-05,29.77995730907078,0.0,443.42153555854554,0.0,-0.0,4455087999.999986,-0.5230179290313537,-0.8523216798320653,-0.0
149599589.55582294,244005243.62195292,0.0,-7.6276261267788e-05,29.77995729413327,0.0,443.4215355585455,0.0,-0.0,4455087999.999986,-0.5228508884256383,-0.8524241599535531,-0.0
149599589.2812119,244112451.46818492,0.0,-7.628541269713016e-05,29.7799572792035,0.0,443.42153555854554,0.0,-0.0,4455087999.999986,-0.5226839344292347,-0.8525265419267459,-0.0
149599589.00656796,244219659.31436318,0.0,-7.62945553653643e-05,29.779957264281474,0.0,443.4215355585456,0.0,-0.0,4455087999.999985,-0.522517066997606,-0.8526288258651705,-0.0
149599588.73189113,244326867.16048774,0.0,-7.630368928262209e-05,29.779957249367182,0.0,443.42153555854554,0.0,-0.0,4455087999.999986,-0.5223502860862065,-0.8527310118822103,-0.0
149599588.45718142,244434075.00655863,0.0,-7.631281445902238e-05,29.779957234460625,0.0,443.4215355585455,0.0,-0.0,4455087999.999986,-0.5221835916504797,-0.8528331000911052,-0.0
149599588.18243888,244541282.85257587,0.0,-7.632193090467125e-05,29.779957219561798,0.0,443.42153555854554,0.0,-0.0,4455087999.999986,-0.5220169836458599,-0.8529350906049523,-0.0
149599587.90766352,244648490.6985395,0.0,-7.633103862966195e-05,29.779957204670694,0.0,443.42153555854554,0.0,-0.0,4455087999.999986,-0.5218504620277725,-0.8530369835367048,-0.0
149599587.63285542,244755698.5444495,0.0,-7.634013764407502e-05,29.77995718978731,0.0,443.4215355585455,0.0,-0.0,4455087999.999986,-0.5216840267516334,-0.8531387789991737,-0.0
149599587.35801455,244862906.39030597,0.0,-7.634922795797819e-05,29.779957174911647,0.0,443.42153555854554,0.0,-0.0,4455087999.999986,-0.5215176777728494,-0.8532404771050272,-0.0
149599587.08314097,244970114.23610887,0.0,-7.635830958142648e-05,29.779957160043697,0.0,443.42153555854554,0.0,-0.0,4455087999.999986,-0.521351415046818,-0.8533420779667907,-0.0
149599586.80823472,245077322.08185828,0.0,-7.636738252446222e-05,29.779957145183456,0.0,443.42153555854566,0.0,-0.0,4455087999.999986,-0.5211852385289286,-0.8534435816968476,-0.0
149599586.53329584,245184529.9275542,0.0,-7.637644679711496e-05,29.779957130330917,0.0,443.42153555854554,0.0,-0.0,4455087999.999987,-0.5210191481745611,-0.8535449884074388,-0.0
149599586.25832433,245291737.77319667,0.0,-7.638550240940163e-05,29.77995711548608,0.0,443.4215355585456,0.0,-0.0,4455087999.999986,-0.520853143939087,-0.8536462982106633,-0.0
149599585.98332024,245398945.6187857,0.0,-7.639454937132645e-05,29.779957100648943,0.0,443.4215355585456,0.0,-0.0,4455087999.999987,-0.5206872257778697,-0.8537475112184784,-0.0
149599585.70828357,245506153.46432135,0.0,-7.6403587692881e-05,29.779957085819497,0.0,443.4215355585456,0.0,-0.0,4455087999.999986,-0.5205213936462637,-0.8538486275426994,-0.0
149599585.4332144,245613361.3098036,0.0,-7.641261738404417e-05,29.77995707099774,0.0,443.42153555854554,0.0,-0.0,4455087999.999986,-0.5203556474996156,-0.8539496472950006,-0.0
149599585.15811273,245720569.15523252,0.0,-7.642163845478228e-05,29.779957056183665,0.0,443.4215355585456,0.0,-0.0,4455087999.999986,-0.5201899872932639,-0.8540505705869142,-0.0
149599584.88297862,245827777.00060812,0.0,-7.6430650915049e-05,29.779957041377276,0.0,443.4215355585456,0.0,-0.0,4455087999.999986,-0.520024412982539,-0.8541513975298324,-0.0
149599584.60781208,245934984.84593043,0.0,-7.643965477478543e-05,29.77995702657856,0.0,443.42153555854554,0.0,-0.0,4455087999.999987,-0.5198589245227632,-0.8542521282350054,-0.0
149599584.33261314,246042192.69119948,0.0,-7.644865004392006e-05,29.77995701178752,0.0,443.4215355585455,0.0,-0.0,4455087999.999986,-0.5196935218692516,-0.8543527628135428,-0.0
149599584.0573818,246149400.5364153,0.0,-7.645763673236882e-05,29.77995699700415,0.0,443.42153555854554,0.0,-0.0,4455087999.999986,-0.5195282049773111,-0.854453301376414,-0.0
149599583.78211814,246256608.38157794,0.0,-7.646661485003509e-05,29.779956982228445,0.0,443.42153555854554,0.0,-0.0,4455087999.999986,-0.5193629738022414,-0.8545537440344478,-0.0
149599583.50682217,246363816.22668737,0.0,-7.64755844068097e-05,29.7799569674604,0.0,443.42153555854554,0.0,-0.0,4455087999.999986,-0.5191978282993348,-0.854654090898332,-0.0
149599583.23149392,246471024.07174367,0.0,-7.6484545412571e-05,29.77995695270001,0.0,443.42153555854554,0.0,-0.0,4455087999.999985,-0.5190327684238764,-0.8547543420786154,-0.0
149599582.95613343,246578231.91674682,0.0,-7.649349787718479e-05,29.779956937947276,0.0,443.4215355585455,0.0,-0.0,4455087999.999984,-0.5188677941311439,-0.8548544976857061,-0.0
149599582.68074074,246685439.7616969,0.0,-7.650244181050441e-05,29.77995692320219,0.0,443.42153555854543,0.0,-0.0,4455087999.999985,-0.5187029053764082,-0.8549545578298726,-0.0
149599582.40531588,246792647.6065939,0.0,-7.651137722237069e-05,29.779956908464747,0.0,443.42153555854543,0.0,-0.0,4455087999.999984,-0.5185381021149335,-0.8550545226212436,-0.0
149599582.12985885,246899855.45143786,0.0,-7.652030412261203e-05,29.779956893734948,0.0,443.4215355585454,0.0,-0.0,4455087999.999985,-0.5183733843019764,-0.855154392169809,-0.0
149599581.8543697,247007063.2962288,0.0,-7.652922252104438e-05,29.779956879012786,0.0,443.42153555854543,0.0,-0.0,4455087999.999985,-0.5182087518927878,-0.8552541665854188,-0.0
149599581.57884845,247114271.14096674,0.0,-7.653813242747124e-05,29.779956864298256,0.0,443.4215355585454,0.0,-0.0,4455087999.999984,-0.5180442048426114,-0.855353845977784,-0.0
149599581.30329514,247221478.98565173,0.0,-7.654703385168373e-05,29.779956849591358,0.0,443.4215355585454,0.0,-0.0,4455087999.999984,-0.5178797431066846,-0.8554534304564768,-0.0
149599581.0277098,247328686.8302838,0.0,-7.655592680346054e-05,29.779956834892083,0.0,443.4215355585454,0.0,-0.0,4455087999.999985,-0.5177153666402388,-0.855552920130931,-0.0
149599580.75209248,247435894.67486295,0.0,-7.656481129256799e-05,29.77995682020043,0.0,443.4215355585454,0.0,-0.0,4455087999.999984,-0.5175510753984988,-0.8556523151104409,-0.0
149599580.47644317,247543102.51938924,0.0,-7.657368732876003e-05,29.77995680551639,0.0,443.4215355585454,0.0,-0.0,4455087999.999984,-0.5173868693366834,-0.8557516155041635,-0.0
149599580.20076194,247650310.3638627,0.0,-7.658255492177824e-05,29.779956790839968,0.0,443.4215355585454,0.0,-0.0,4455087999.999984,-0.5172227484100057,-0.8558508214211165,-0.0
149599579.9250488,247757518.2082833,0.0,-7.659141408135189e-05,29.779956776171154,0.0,443.4215355585453,0.0,-0.0,4455087999.999984,-0.5170587125736726,-0.8559499329701803,-0.0
149599579.64930376,247864726.05265114,0.0,-7.660026481719792e-05,29.779956761509947,0.0,443.42153555854543,0.0,-0.0,4455087999.999984,-0.5168947617828855,-0.8560489502600971,-0.0
149599579.3735269,247971933.8969662,0.0,-7.660910713902093e-05,29.77995674685634,0.0,443.42153555854543,0.0,-0.0,4455087999.999984,-0.5167308959928398,-0.8561478733994712,-0.0
149599579.0977182,248079141.74122852,0.0,-7.661794105651328e-05,29.779956732210326,0.0,443.4215355585454,0.0,-0.0,4455087999.999984,-0.5165671151587261,-0.8562467024967696,-0.0
149599578.82187772,248186349.58543813,0.0,-7.6626766579355e-05,29.77995671757191,0.0,443.4215355585454,0.0,-0.0,4455087999.999984,-0.5164034192357287,-0.8563454376603217,-0.0
149599578.5460055,248293557.42959505,0.0,-7.66355837172139e-05,29.77995670294108,0.0,443.42153555854543,0.0,-0.0,4455087999.999984,-0.5162398081790275,-0.85644407899832,-0.0
149599578.27010152,248400765.2736993,0.0,-7.664439247974551e-05,29.77995668831784,0.0,443.4215355585454,0.0,-0.0,4455087999.999984,-0.5160762819437967,-0.8565426266188196,-0.0
149599577.99416587,248507973.11775094,0.0,-7.665319287659314e-05,29.779956673702177,0.0,443.42153555854543,0.0,-0.0,4455087999.999984,-0.5159128404852054,-0.856641080629739,-0.0
149599577.71819854,248615180.96174997,0.0,-7.666198491738789e-05,29.77995665909409,0.0,443.42153555854543,0.0,-0.0,4455087999.999983,-0.5157494837584181,-0.8567394411388594,-0.0
149599577.4421996,248722388.80569643,0.0,-7.667076861174864e-05,29.779956644493577,0.0,443.42153555854543,0.0,-0.0,4455087999.999984,-0.5155862117185941,-0.8568377082538263,-0.0
149599577.16616902,248829596.64959034,0.0,-7.66795439692821e-05,29.779956629900635,0.0,443.4215355585455,0.0,-0.0,4455087999.999984,-0.5154230243208884,-0.8569358820821479,-0.0
149599576.8901069,248936804.49343172,0.0,-7.66883109995828e-05,29.779956615315257,0.0,443.4215355585455,0.0,-0.0,4455087999.999984,-0.5152599215204507,-0.857033962731197,-0.0
149599576.6140132,249044012.3372206,0.0,-7.669706971223311e-05,29.77995660073744,0.0,443.42153555854543,0.0,-0.0,4455087999.999984,-0.5150969032724272,-0.8571319503082099,-0.0
149599576.337888,249151220.18095705,0.0,-7.670582011680326e-05,29.779956586167177,0.0,443.42153555854543,0.0,-0.0,4455087999.999984,-0.5149339695319589,-0.8572298449202872,-0.0
149599576.0617313,249258428.02464104,0.0,-7.671456222285136e-05,29.77995657160447,0.0,443.42153555854543,0.0,-0.0,4455087999.999984,-0.5147711202541828,-0.8573276466743935,-0.0
149599575.78554317,249365635.8682726,0.0,-7.672329603992339e-05,29.77995655704931,0.0,443.42153555854543,0.0,-0.0,4455087999.999984,-0.5146083553942317,-0.8574253556773582,-0.0
149599575.5093236,249472843.7118518,0.0,-7.673202157755324e-05,29.779956542501697,0.0,443.4215355585455,0.0,-0.0,4455087999.999985,-0.5144456749072343,-0.8575229720358751,-0.0
149599575.23307264,249580051.55537865,0.0,-7.674073884526274e-05,29.779956527961623,0.0,443.42153555854543,0.0,-0.0,4455087999.999985,-0.5142830787483155,-0.857620495856503,-0.0
149599574.9567903,249687259.39885315,0.0,-7.67494478525616e-05,29.779956513429088,0.0,443.4215355585455,0.0,-0.0,4455087999.999985,-0.5141205668725961,-0.8577179272456653,-0.0
149599574.68047664,249794467.24227536,0.0,-7.675814860894753e-05,29.779956498904085,0.0,443.4215355585455,0.0,-0.0,4455087999.999986,-0.5139581392351936,-0.857815266309651,-0.0
149599574.40413165,249901675.0856453,0.0,-7.676684112390619e-05,29.77995648438661,0.0,443.4215355585455,0.0,-0.0,4455087999.999985,-0.5137957957912214,-0.8579125131546138,-0.0
149599574.1277554,250008882.92896295,0.0,-7.67755254069112e-05,29.77995646987666,0.0,443.4215355585454,0.0,-0.0,4455087999.999986,-0.5136335364957896,-0.8580096678865735,-0.0
149599573.8513479,250116090.7722284,0.0,-7.678420146742418e-05,29.77995645537423,0.0,443.42153555854543,0.0,-0.0,4455087999.999986,-0.5134713613040052,-0.8581067306114153,-0.0
149599573.57490915,250223298.61544165,0.0,-7.679286931489476e-05,29.779956440879317,0.0,443.42153555854543,0.0,-0.0,4455087999.999986,-0.513309270170971,-0.8582037014348896,-0.0
149599573.29843923,250330506.45860273,0.0,-7.68015289587606e-05,29.77995642639192,0.0,443.4215355585455,0.0,-0.0,4455087999.999986,-0.5131472630517875,-0.8583005804626137,-0.0
149599573.02193815,250437714.30171168,0.0,-7.681018040844735e-05,29.77995641191203,0.0,443.42153555854543,0.0,-0.0,4455087999.999985,-0.5129853399015519,-0.8583973678000704,-0.0
149599572.74540594,250544922.1447685,0.0,-7.681882367336879e-05,29.779956397439644,0.0,443.4215355585455,0.0,-0.0,4455087999.999986,-0.512823500675358,-0.8584940635526092,-0.0
149599572.46884263,250652129.98777324,0.0,-7.682745876292671e-05,29.77995638297476,0.0,443.42153555854554,0.0,-0.0,4455087999.999986,-0.5126617453282972,-0.8585906678254452,-0.0
149599572.19224826,250759337.8307259,0.0,-7.6836085686511e-05,29.77995636851737,0.0,443.42153555854554,0.0,-0.0,4455087999.999987,-0.5125000738154579,-0.8586871807236615,-0.0
149599571.91562283,250866545.67362657,0.0,-7.684470445349963e-05,29.779956354067476,0.0,443.4215355585456,0.0,-0.0,4455087999.999986,-0.5123384860919261,-0.8587836023522067,-0.0
149599571.63896638,250973753.51647523,0.0,-7.68533150732587e-05,29.77995633962507,0.0,443.4215355585456,0.0,-0.0,4455087999.999986,-0.5121769821127847,-0.8588799328158973,-0.0
149599571.36227897,251080961.35927188,0.0,-7.686191755514244e-05,29.77995632519015,0.0,443.4215355585456,0.0,-0.0,4455087999.999987,-0.5120155618331146,-0.8589761722194161,-0.0
149599571.0855606,251188169.2020166,0.0,-7.687051190849319e-05,29.779956310762707,0.0,443.42153555854566,0.0,-0.0,4455087999.999986,-0.5118542252079941,-0.8590723206673139,-0.0
149599570.80881128,251295377.04470938,0.0,-7.687909814264147e-05,29.779956296342743,0.0,443.4215355585456,0.0,-0.0,4455087999.999986,-0.5116929721924994,-0.8591683782640083,-0.0
149599570.5320311,251402584.88735026,0.0,-7.688767626690597e-05,29.77995628193025,0.0,443.42153555854566,0.0,-0.0,4455087999.999986,-0.5115318027417045,-0.8592643451137851,-0.0
149599570.25522003,251509792.72993928,0.0,-7.689624629059355e-05,29.779956267525225,0.0,443.42153555854566,0.0,-0.0,4455087999.999986,-0.5113707168106814,-0.8593602213207974,-0.0
149599569.97837812,251617000.57247645,0.0,-7.690480822299929e-05,29.779956253127665,0.0,443.4215355585456,0.0,-0.0,4455087999.999986,-0.5112097143544999,-0.8594560069890667,-0.0
149599569.70150542,251724208.4149618,0.0,-7.691336207340645e-05,29.779956238737565,0.0,443.4215355585456,0.0,-0.0,4455087999.999987,-0.5110487953282284,-0.8595517022224821,-0.0
149599569.42460194,251831416.2573954,0.0,-7.692190785108656e-05,29.779956224354923,0.0,443.42153555854554,0.0,-0.0,4455087999.999986,-0.5108879596869332,-0.8596473071248014,-0.0
149599569.1476677,251938624.0997772,0.0,-7.693044556529936e-05,29.779956209979733,0.0,443.4215355585456,0.0,-0.0,4455087999.999987,-0.5107272073856789,-0.8597428217996506,-0.0
149599568.87070274,252045831.94210726,0.0,-7.693897522529287e-05,29.77995619561199,0.0,443.42153555854554,0.0,-0.0,4455087999.999987,-0.5105665383795288,-0.8598382463505243,-0.0
149599568.59370708,252153039.78438562,0.0,-7.694749684030338e-05,29.779956181251695,0.0,443.42153555854566,0.0,-0.0,4455087999.999986,-0.510405952623545,-0.8599335808807861,-0.0
149599568.31668076,252260247.62661228,0.0,-7.695601041955544e-05,29.779956166898838,0.0,443.4215355585456,0.0,-0.0,4455087999.999986,-0.5102454500727877,-0.8600288254936683,-0.0
149599568.0396238,252367455.46878728,0.0,-7.696451597226194e-05,29.779956152553417,0.0,443.4215355585456,0.0,-0.0,4455087999.999986,-0.5100850306823159,-0.8601239802922721,-0.0
149599567.76253623,252474663.31091067,0.0,-7.697301350762407e-05,29.77995613821543,0.0,443.4215355585456,0.0,-0.0,4455087999.999985,-0.509924694407188,-0.8602190453795684,-0.0
149599567.48541808,252581871.15298244,0.0,-7.698150303483135e-05,29.77995612388487,0.0,443.4215355585456,0.0,-0.0,4455087999.999985,-0.5097644412024609,-0.8603140208583973,-0.0
149599567.2082694,252689078.99500266,0.0,-7.698998456306163e-05,29.779956109561734,0.0,443.4215355585456,0.0,-0.0,4455087999.999984,-0.5096042710231905,-0.8604089068314684,-0.0
149599566.93109018,252796286.8369713,0.0,-7.699845810148116e-05,29.779956095246018,0.0,443.42153555854554,0.0,-0.0,4455087999.999984,-0.5094441838244324,-0.8605037034013613,-0.0
149599566.65388048,252903494.67888844,0.0,-7.700692365924454e-05,29.77995608093772,0.0,443.42153555854554,0.0,-0.0,4455087999.999983,-0.5092841795612408,-0.8605984106705251,-0.0
149599566.37664032,253010702.52075407,0.0,-7.701538124549475e-05,29.77995606663683,0.0,443.42153555854554,0.0,-0.0,4455087999.999983,-0.5091242581886699,-0.8606930287412793,-0.0
149599566.09936973,253117910.36256823,0.0,-7.702383086936319e-05,29.779956052343355,0.0,443.42153555854554,0.0,-0.0,4455087999.999983,-0.5089644196617725,-0.8607875577158135,-0.0
149599565.82206875,253225118.20433095,0.0,-7.703227253996968e-05,29.779956038057282,0.0,443.42153555854566,0.0,-0.0,4455087999.999983,-0.5088046639356019,-0.8608819976961879,-0.0
149599565.5447374,253332326.04604226,0.0,-7.704070626642246e-05,29.77995602377861,0.0,443.4215355585456,0.0,-0.0,4455087999.999984,-0.5086449909652102,-0.8609763487843328,-0.0
149599565.26737568,253439533.88770217,0.0,-7.704913205781823e-05,29.77995600950733,0.0,443.4215355585456,0.0,-0.0,4455087999.999984,-0.5084854007056501,-0.8610706110820497,-0.0
149599564.98998365,253546741.72931072,0.0,-7.705754992324213e-05,29.779955995243444,0.0,443.42153555854554,0.0,-0.0,4455087999.999984,-0.5083258931119731,-0.8611647846910108,-0.0
149599564.71256134,253653949.57086793,0.0,-7.706595987176783e-05,29.779955980986948,0.0,443.4215355585456,0.0,-0.0,4455087999.999984,-0.5081664681392316,-0.8612588697127591,-0.0
149599564.43510875,253761157.41237384,0.0,-7.707436191245741e-05,29.779955966737834,0.0,443.4215355585456,0.0,-0.0,4455087999.999984,-0.5080071257424775,-0.8613528662487092,-0.0
149599564.15762594,253868365.25382847,0.0,-7.708275605436154e-05,29.779955952496103,0.0,443.4215355585456,0.0,-0.0,4455087999.999985,-0.5078478658767629,-0.8614467744001467,-0.0
149599563.88011292,253975573.09523183,0.0,-7.709114230651934e-05,29.779955938261747,0.0,443.4215355585457,0.0,-0.0,4455087999.999984,-0.5076886884971402,-0.8615405942682292,-0.0
149599563.60256973,254082780.93658397,0.0,-7.709952067795849e-05,29.779955924034763,0.0,443.4215355585457,0.0,-0.0,4455087999.999984,-0.5075295935586622,-0.8616343259539856,-0.0
149599563.32499638,254189988.7778849,0.0,-7.710789117769523e-05,29.779955909815147,0.0,443.4215355585457,0.0,-0.0,4455087999.999985,-0.5073705810163819,-0.8617279695583168,-0.0
149599563.0473929,254297196.61913466,0.0,-7.711625381473436e-05,29.779955895602892,0.0,443.4215355585457,0.0,-0.0,4455087999.999984,-0.5072116508253527,-0.8618215251819953,-0.0
149599562.76975936,254404404.46033326,0.0,-7.712460859806927e-05,29.779955881398,0.0,443.42153555854566,0.0,-0.0,4455087999.999984,-0.5070528029406289,-0.8619149929256665,-0.0
149599562.49209574,254511612.30148074,0.0,-7.713295553668189e-05,29.779955867200464,0.0,443.4215355585457,0.0,-0.0,4455087999.999984,-0.5068940373172656,-0.8620083728898477,-0.0
149599562.21440208,254618820.1425771,0.0,-7.71412946395428e-05,29.77995585301028,0.0,443.42153555854566,0.0,-0.0,4455087999.999984,-0.5067353539103181,-0.8621016651749286,-0.0
149599561.9366784,254726027.98362243,0.0,-7.71496259156112e-05,29.77995583882744,0.0,443.42153555854566,0.0,-0.0,4455087999.999984,-0.5065767526748431,-0.8621948698811718,-0.0
149599561.65892476,254833235.8246167,0.0,-7.715794937383491e-05,29.779955824651946,0.0,443.4215355585456,0.0,-0.0,4455087999.999983,-0.5064182335658981,-0.8622879871087127,-0.0
149599561.38114116,254940443.66555995,0.0,-7.71662650231504e-05,29.77995581048379,0.0,443.4215355585456,0.0,-0.0,4455087999.999982,-0.5062597965385417,-0.8623810169575594,-0.0
149599561.10332763,255047651.5064522,0.0,-7.71745728724828e-05,29.779955796322973,0.0,443.4215355585456,0.0,-0.0,4455087999.999982,-0.5061014415478333,-0.8624739595275935,-0.0
149599560.82548422,255154859.3472935,0.0,-7.718287293074594e-05,29.779955782169488,0.0,443.42153555854554,0.0,-0.0,4455087999.999982,-0.5059431685488341,-0.8625668149185696,-0.0
149599560.54761094,255262067.18808383,0.0,-7.719116520684232e-05,29.77995576802333,0.0,443.42153555854554,0.0,-0.0,4455087999.999981,-0.5057849774966063,-0.8626595832301158,-0.0
149599560.26970783,255369275.02882326,0.0,-7.719944970966316e-05,29.779955753884497,0.0,443.4215355585456,0.0,-0.0,4455087999.999981,-0.5056268683462136,-0.8627522645617342,-0.0
149599559.99177492,255476482.8695118,0.0,-7.720772644808839e-05,29.77995573975298,0.0,443.42153555854554,0.0,-0.0,4455087999.999982,-0.5054688410527212,-0.8628448590128,-0.0
149599559.7138122,255583690.7101495,0.0,-7.721599543098667e-05,29.779955725628785,0.0,443.4215355585456,0.0,-0.0,4455087999.999982,-0.505310895571196,-0.8629373666825627,-0.0
149599559.43581975,255690898.55073634,0.0,-7.722425666721543e-05,29.7799557115119,0.0,443.4215355585456,0.0,-0.0,4455087999.999982,-0.5051530318567061,-0.8630297876701462,-0.0
149599559.15779757,255798106.3912724,0.0,-7.723251016562083e-05,29.779955697402322,0.0,443.4215355585456,0.0,-0.0,4455087999.999982,-0.5049952498643223,-0.8631221220745479,-0.0
149599558.8797457,255905314.23175767,0.0,-7.724075593503785e-05,29.779955683300045,0.0,443.4215355585456,0.0,-0.0,4455087999.999981,-0.5048375495491164,-0.8632143699946401,-0.0
149599558.60166413,256012522.0721922,0.0,-7.724899398429021e-05,29.77995566920507,0.0,443.4215355585456,0.0,-0.0,4455087999.999982,-0.5046799308661626,-0.8633065315291698,-0.0
149599558.32355294,256119729.91257596,0.0,-7.72572243221905e-05,29.77995565511739,0.0,443.42153555854566,0.0,-0.0,4455087999.999982,-0.5045223937705369,-0.8633986067767583,-0.0
149599558.04541212,256226937.75290903,0.0,-7.726544695754007e-05,29.779955641037002,0.0,443.4215355585456,0.0,-0.0,4455087999.999981,-0.5043649382173179,-0.863490595835902,-0.0
149599557.76724172,256334145.59319144,0.0,-7.727366189912914e-05,29.7799556269639,0.0,443.42153555854554,0.0,-0.0,4455087999.999981,-0.5042075641615859,-0.8635824988049726,-0.0
149599557.48904175,256441353.4334232,0.0,-7.728186915573674e-05,29.779955612898085,0.0,443.42153555854566,0.0,-0.0,4455087999.999981,-0.5040502715584235,-0.8636743157822164,-0.0
149599557.21081224,256548561.2736043,0.0,-7.729006873613081e-05,29.77995559883955,0.0,443.42153555854566,0.0,-0.0,4455087999.999981,-0.5038930603629164,-0.8637660468657553,-0.0
149599556.93255323,256655769.11373484,0.0,-7.729826064906816e-05,29.779955584788286,0.0,443.4215355585456,0.0,-0.0,4455087999.99998,-0.5037359305301521,-0.8638576921535872,-0.0
149599556.65426475,256762976.9538148,0.0,-7.730644490329443e-05,29.779955570744296,0.0,443.4215355585456,0.0,-0.0,4455087999.999979,-0.5035788820152207,-0.863949251743585,-0.0
149599556.37594682,256870184.79384422,0.0,-7.731462150754424e-05,29.779955556707574,0.0,443.42153555854566,0.0,-0.0,4455087999.999979,-0.5034219147732154,-0.8640407257334978,-0.0
149599556.09759948,256977392.63382313,0.0,-7.732279047054109e-05,29.779955542678113,0.0,443.42153555854554,0.0,-0.0,4455087999.999979,-0.5032650287592317,-0.8641321142209505,-0.0
149599555.81922275,257084600.47375152,0.0,-7.733095180099741e-05,29.779955528655915,0.0,443.4215355585456,0.0,-0.0,4455087999.99998,-0.5031082239283683,-0.8642234173034441,-0.0
149599555.54081663,257191808.31362945,0.0,-7.733910550761461e-05,29.77995551464097,0.0,443.4215355585456,0.0,-0.0,4455087999.999979,-0.5029515002357265,-0.8643146350783562,-0.0
149599555.2623812,257299016.15345693,0.0,-7.7347251599083e-05,29.779955500633278,0.0,443.4215355585456,0.0,-0.0,4455087999.999979,-0.5027948576364106,-0.8644057676429407,-0.0
149599554.98391643,257406223.993234,0.0,-7.735539008408193e-05,29.779955486632833,0.0,443.4215355585456,0.0,-0.0,4455087999.99998,-0.5026382960855285,-0.864496815094328,-0.0
149599554.7054224,257513431.8329607,0.0,-7.73635209712797e-05,29.77995547263963,0.0,443.42153555854566,0.0,-0.0,4455087999.99998,-0.5024818155381904,-0.8645877775295253,-0.0
149599554.4268991,257620639.67263702,0.0,-7.737164426933362e-05,29.77995545865367,0.0,443.4215355585457,0.0,-0.0,4455087999.99998,-0.5023254159495106,-0.864678655045417,-0.0
149599554.14834657,257727847.512263,0.0,-7.737975998689001e-05,29.779955444674943,0.0,443.42153555854566,0.0,-0.0,4455087999.99998,-0.5021690972746062,-0.8647694477387641,-0.0
149599553.86976483,257835055.35183868,0.0,-7.738786813258423e-05,29.77995543070345,0.0,443.4215355585457,0.0,-0.0,4455087999.99998,-0.5020128594685979,-0.8648601557062054,-0.0
149599553.59115392,257942263.19136408,0.0,-7.73959687150407e-05,29.77995541673918,0.0,443.4215355585457,0.0,-0.0,4455087999.999979,-0.5018567024866099,-0.8649507790442565,-0.0
149599553.31251386,258049471.0308392,0.0,-7.740406174287287e-05,29.779955402782136,0.0,443.4215355585457,0.0,-0.0,4455087999.99998,-0.5017006262837702,-0.8650413178493112,-0.0
149599553.03384468,258156678.8702641,0.0,-7.741214722468326e-05,29.77995538883231,0.0,443.42153555854566,0.0,-0.0,4455087999.999979,-0.50154463081521,-0.8651317722176401,-0.0
149599552.7551464,258263886.7096388,0.0,-7.74202251690635e-05,29.7799553748897,0.0,443.42153555854566,0.0,-0.0,4455087999.999979,-0.5013887160360646,-0.8652221422453928,-0.0
149599552.47641906,258371094.5489633,0.0,-7.742829558459431e-05,29.7799553609543,0.0,443.42153555854566,0.0,-0.0,4455087999.99998,-0.501232881901473,-0.8653124280285959,-0.0
149599552.19766268,258478302.38823768,0.0,-7.743635847984552e-05,29.77995534702611,0.0,443.4215355585457,0.0,-0.0,4455087999.999979,-0.5010771283665781,-0.865402629663155,-0.0
149599551.9188773,258585510.2274619,0.0,-7.744441386337609e-05,29.77995533310512,0.0,443.42153555854566,0.0,-0.0,4455087999.99998,-0.5009214553865272,-0.8654927472448534,-0.0
149599551.64006293,258692718.06663603,0.0,-7.745246174373411e-05,29.779955319191334,0.0,443.4215355585457,0.0,-0.0,4455087999.999981,-0.5007658629164711,-0.8655827808693528,-0.0
149599551.36121958,258799925.90576008,0.0,-7.746050212945685e-05,29.77995530528474,0.0,443.4215355585457,0.0,-0.0,4455087999.99998,-0.5006103509115651,-0.8656727306321942,-0.0
149599551.0823473,258907133.7448341,0.0,-7.746853502907073e-05,29.77995529138534,0.0,443.42153555854577,0.0,-0.0,4455087999.999979,-0.5004549193269686,-0.8657625966287972,-0.0
149599550.80344614,259014341.58385807,0.0,-7.747656045109135e-05,29.779955277493123,0.0,443.4215355585457,0.0,-0.0,4455087999.99998,-0.500299568117845,-0.8658523789544599,-0.0
149599550.5245161,259121549.42283204,0.0,-7.748457840402353e-05,29.77995526360809,0.0,443.4215355585457,0.0,-0.0,4455087999.99998,-0.5001442972393633,-0.8659420777043597,-0.0
149599550.2455572,259228757.26175606,0.0,-7.749258889636128e-05,29.77995524973024,0.0,443.4215355585457,0.0,-0.0,4455087999.999981,-0.49998910664669555,-0.8660316929735535,-0.0
149599549.96656945,259335965.10063013,0.0,-7.750059193658783e-05,29.77995523585956,0.0,443.42153555854566,0.0,-0.0,4455087999.999979,-0.4998339962950189,-0.8661212248569775,-0.0
149599549.68755293,259443172.93945426,0.0,-7.750858753317567e-05,29.779955221996055,0.0,443.4215355585457,0.0,-0.0,4455087999.999979,-0.49967896613951557,-0.8662106734494471,-0.0
149599549.40850765,259550380.7782285,0.0,-7.75165756945865e-05,29.779955208139715,0.0,443.42153555854566,0.0,-0.0,4455087999.99998,-0.49952401613537195,-0.8663000388456581,-0.0
149599549.1294336,259657588.61695287,0.0,-7.752455642927135e-05,29.77995519429054,0.0,443.4215355585457,0.0,-0.0,4455087999.99998,-0.49936914623777945,-0.8663893211401853,-0.0
149599548.85033086,259764796.45562738,0.0,-7.753252974567048e-05,29.779955180448525,0.0,443.42153555854577,0.0,-0.0,4455087999.999981,-0.4992143564019344,-0.8664785204274843,-0.0
149599548.57119942,259872004.2942521,0.0,-7.754049565221345e-05,29.779955166613664,0.0,443.42153555854577,0.0,-0.0,4455087999.999981,-0.49905964658303803,-0.8665676368018905,-0.0
149599548.2920393,259979212.132827,0.0,-7.754845415731914e-05,29.779955152785956,0.0,443.4215355585459,0.0,-0.0,4455087999.999982,-0.4989050167362963,-0.8666566703576197,-0.0
149599548.01285055,260086419.97135216,0.0,-7.755640526939573e-05,29.77995513896539,0.0,443.42153555854577,0.0,-0.0,4455087999.999981,-0.49875046681692065,-0.8667456211887681,-0.0
149599547.7336332,260193627.80982757,0.0,-7.756434899684076e-05,29.77995512515197,0.0,443.42153555854577,0.0,-0.0,4455087999.999981,-0.49859599678012795,-0.8668344893893128,-0.0
149599547.45438725,260300835.64825326,0.0,-7.757228534804109e-05,29.77995511134569,0.0,443.42153555854577,0.0,-0.0,4455087999.999981,-0.4984416065811396,-0.8669232750531112,-0.0
149599547.17511275,260408043.48662928,0.0,-7.758021433137296e-05,29.779955097546544,0.0,443.42153555854577,0.0,-0.0,4455087999.999981,-0.498287296175183,-0.8670119782739023,-0.0
149599546.8958097,260515251.3249556,0.0,-7.758813595520197e-05,29.77995508375453,0.0,443.42153555854577,0.0,-0.0,4455087999.999981,-0.49813306551749054,-0.8671005991453052,-0.0
149599546.61647817,260622459.16323233,0.0,-7.759605022788313e-05,29.779955069969642,0.0,443.42153555854577,0.0,-0.0,4455087999.999981,-0.4979789145633004,-0.8671891377608215,-0.0
149599546.33711815,260729667.00145942,0.0,-7.760395715776083e-05,29.779955056191877,0.0,443.4215355585457,0.0,-0.0,4455087999.99998,-0.49782484326785614,-0.8672775942138332,-0.0
149599546.0577297,260836874.83963692,0.0,-7.761185675316888e-05,29.779955042421232,0.0,443.42153555854577,0.0,-0.0,4455087999.999981,-0.4976708515864071,-0.8673659685976044,-0.0
149599545.7783128,260944082.67776486,0.0,-7.761974902243052e-05,29.779955028657703,0.0,443.4215355585458,0.0,-0.0,4455087999.999981,-0.49751693947420833,-0.8674542610052803,-0.0
149599545.4988675,261051290.51584327,0.0,-7.762763397385844e-05,29.779955014901283,0.0,443.42153555854577,0.0,-0.0,4455087999.999981,-0.4973631068865205,-0.8675424715298886,-0.0
149599545.21939385,261158498.35387218,0.0,-7.763551161575479e-05,29.779955001151972,0.0,443.42153555854577,0.0,-0.0,4455087999.999981,-0.4972093537786102,-0.8676306002643388,-0.0
149599544.93989184,261265706.1918516,0.0,-7.764338195641116e-05,29.779954987409763,0.0,443.4215355585457,0.0,-0.0,4455087999.999981,-0.49705568010575024,-0.8677186473014223,-0.0
149599544.66036153,261372914.02978155,0.0,-7.765124500410865e-05,29.779954973674652,0.0,443.4215355585457,0.0,-0.0,4455087999.999982,-0.4969020858232191,-0.8678066127338131,-0.0
149599544.3808029,261480121.86766207,0.0,-7.765910076711786e-05,29.779954959946636,0.0,443.4215355585457,0.0,-0.0,4455087999.999981,-0.49674857088630164,-0.8678944966540674,-0.0
149599544.10121602,261587329.70549318,0.0,-7.766694925369886e-05,29.77995494622571,0.0,443.4215355585456,0.0,-0.0,4455087999.999981,-0.4965951352502885,-0.8679822991546243,-0.0
149599543.82160088,261694537.5432749,0.0,-7.76747904721013e-05,29.779954932511874,0.0,443.4215355585456,0.0,-0.0,4455087999.999981,-0.49644177887047697,-0.8680700203278053,-0.0
149599543.54195753,261801745.38100728,0.0,-7.768262443056432e-05,29.77995491880512,0.0,443.4215355585456,0.0,-0.0,4455087999.999981,-0.49628850170217054,-0.8681576602658153,-0.0
149599543.26228598,261908953.2186903,0.0,-7.769045113731664e-05,29.77995490510545,0.0,443.42153555854566,0.0,-0.0,4455087999.999981,-0.49613530370067893,-0.8682452190607416,-0.0
149599542.98258626,262016161.05632403,0.0,-7.769827060057653e-05,29.77995489141285,0.0,443.4215355585456,0.0,-0.0,4455087999.99998,-0.49598218482131845,-0.8683326968045553,-0.0
149599542.70285842,262123368.89390847,0.0,-7.770608282855184e-05,29.77995487772732,0.0,443.4215355585456,0.0,-0.0,4455087999.99998,-0.49582914501941194,-0.8684200935891102,-0.0
149599542.42310247,262230576.73144367,0.0,-7.771388782944e-05,29.77995486404886,0.0,443.42153555854566,0.0,-0.0,4455087999.99998,-0.4956761842502888,-0.8685074095061445,-0.0
149599542.14331844,262337784.56892964,0.0,-7.772168561142806e-05,29.779954850377464,0.0,443.42153555854566,0.0,-0.0,4455087999.99998,-0.49552330246928517,-0.8685946446472792,-0.0
149599541.86350635,262444992.4063664,0.0,-7.772947618269267e-05,29.779954836713127,0.0,443.42153555854566,0.0,-0.0,4455087999.99998,-0.49537049963174395,-0.8686817991040195,-0.0
149599541.58366624,262552200.243754,0.0,-7.773725955140013e-05,29.779954823055846,0.0,443.42153555854577,0.0,-0.0,4455087999.999981,-0.4952177756930146,-0.8687688729677548,-0.0
149599541.3037981,262659408.08109242,0.0,-7.774503572570636e-05,29.779954809405613,0.0,443.4215355585457,0.0,-0.0,4455087999.999981,-0.49506513060845386,-0.8688558663297582,-0.0
149599541.023902,262766615.91838172,0.0,-7.775280471375697e-05,29.77995479576243,0.0,443.4215355585457,0.0,-0.0,4455087999.999981,-0.4949125643334251,-0.8689427792811869,-0.0
149599540.74397793,262873823.7556219,0.0,-7.776056652368722e-05,29.779954782126286,0.0,443.42153555854566,0.0,-0.0,4455087999.999982,-0.49476007682329903,-0.8690296119130827,-0.0
149599540.46402594,262981031.59281304,0.0,-7.776832116362203e-05,29.779954768497184,0.0,443.4215355585457,0.0,-0.0,4455087999.999982,-0.49460766803345324,-0.8691163643163724,-0.0
149599540.18404603,263088239.42995512,0.0,-7.777606864167607e-05,29.779954754875117,0.0,443.42153555854577,0.0,-0.0,4455087999.999981,-0.4944553379192723,-0.8692030365818668,-0.0
149599539.90403825,263195447.26704818,0.0,-7.778380896595367e-05,29.77995474126008,0.0,443.4215355585457,0.0,-0.0,4455087999.999982,-0.4943030864361486,-0.8692896288002622,-0.0
149599539.6240026,263302655.1040922,0.0,-7.779154214454891e-05,29.779954727652072,0.0,443.4215355585457,0.0,-0.0,4455087999.999981,-0.49415091353948126,-0.8693761410621389,-0.0
149599539.34393916,263409862.94108728,0.0,-7.779926818554561e-05,29.779954714051087,0.0,443.4215355585457,0.0,-0.0,4455087999.999981,-0.4939988191846773,-0.8694625734579635,-0.0
149599539.0638479,263517070.77803338,0.0,-7.780698709701732e-05,29.77995470045712,0.0,443.42153555854577,0.0,-0.0,4455087999.999982,-0.4938468033271507,-0.8695489260780872,-0.0
149599538.78372887,263624278.61493057,0.0,-7.781469888702736e-05,29.77995468687017,0.0,443.4215355585457,0.0,-0.0,4455087999.999982,-0.49369486592232315,-0.8696351990127467,-0.0
149599538.5035821,263731486.45177886,0.0,-7.782240356362885e-05,29.77995467329023,0.0,443.42153555854577,0.0,-0.0,4455087999.999983,-0.49354300692562403,-0.8697213923520644,-0.0
149599538.22340757,263838694.28857827,0.0,-7.783010113486466e-05,29.779954659717298,0.0,443.42153555854577,0.0,-0.0,4455087999.999982,-0.4933912262924903,-0.8698075061860484,-0.0
149599537.94320536,263945902.12532884,0.0,-7.78377916087675e-05,29.779954646151367,0.0,443.4215355585457,0.0,-0.0,4455087999.999982,-0.49323952397836657,-0.8698935406045929,-0.0
149599537.66297546,264053109.9620306,0.0,-7.784547499335987e-05,29.779954632592435,0.0,443.4215355585457,0.0,-0.0,4455087999.999981,-0.49308789993870533,-0.8699794956974776,-0.0
149599537.38271794,264160317.79868352,0.0,-7.78531512966541e-05,29.7799546190405,0.0,443.4215355585456,0.0,-0.0,4455087999.999981,-0.4929363541289668,-0.8700653715543688,-0.0
149599537.1024328,264267525.63528767,0.0,-7.786082052665236e-05,29.779954605495554,0.0,443.4215355585456,0.0,-0.0,4455087999.999981,-0.49278488650461955,-0.8701511682648191,-0.0
149599536.82212004,264374733.4718431,0.0,-7.78684826913467e-05,29.779954591957598,0.0,443.4215355585456,0.0,-0.0,4455087999.999981,-0.4926334970211394,-0.8702368859182672,-0.0
149599536.54177973,264481941.3083498,0.0,-7.787613779871902e-05,29.779954578426626,0.0,443.4215355585456,0.0,-0.0,4455087999.999981,-0.49248218563401097,-0.8703225246040388,-0.0
149599536.26141188,264589149.1448078,0.0,-7.788378585674109e-05,29.77995456490263,0.0,443.4215355585456,0.0,-0.0,4455087999.999981,-0.4923309522987262,-0.8704080844113462,-0.0
149599535.9810165,264696356.98121712,0.0,-7.78914268733746e-05,29.779954551385615,0.0,443.42153555854566,0.0,-0.0,4455087999.999982,-0.49217979697078634,-0.8704935654292888,-0.0
149599535.70059362,264803564.81757778,0.0,-7.789906085657112e-05,29.779954537875568,0.0,443.4215355585456,0.0,-0.0,4455087999.999982,-0.4920287196056997,-0.8705789677468526,-0.0
149599535.42014328,264910772.65388983,0.0,-7.790668781427217e-05,29.77995452437249,0.0,443.4215355585456,0.0,-0.0,4455087999.999982,-0.49187772015898384,-0.8706642914529114,-0.0
149599535.13966548,265017980.49015328,0.0,-7.791430775440918e-05,29.779954510876372,0.0,443.4215355585456,0.0,-0.0,4455087999.999982,-0.4917267985861641,-0.8707495366362259,-0.0
149599534.85916027,265125188.32636815,0.0,-7.792192068490353e-05,29.779954497387216,0.0,443.42153555854554,0.0,-0.0,4455087999.999982,-0.4915759548427746,-0.870834703385444,-0.0
149599534.57862768,265232396.16253448,0.0,-7.792952661366658e-05,29.779954483905016,0.0,443.42153555854554,0.0,-0.0,4455087999.999983,-0.4914251888843577,-0.8709197917891022,-0.0
149599534.2980677,265339603.99865228,0.0,-7.793712554859962e-05,29.779954470429768,0.0,443.4215355585456,0.0,-0.0,4455087999.999983,-0.49127450066646494,-0.871004801935624,-0.0
149599534.01748037,265446811.8347216,0.0,-7.794471749759396e-05,29.779954456961466,0.0,443.42153555854566,0.0,-0.0,4455087999.999982,-0.4911238901446556,-0.8710897339133209,-0.0
149599533.73686573,265554019.67074242,0.0,-7.795230246853091e-05,29.77995444350011,0.0,443.42153555854566,0.0,-0.0,4455087999.999982,-0.4909733572744983,-0.8711745878103928,-0.0
149599533.4562238,265661227.5067148,0.0,-7.795988046928177e-05,29.77995443004569,0.0,443.42153555854566,0.0,-0.0,4455087999.999982,-0.49082290201157047,-0.8712593637149274,-0.0
149599533.17555457,265768435.34263876,0.0,-7.796745150770787e-05,29.77995441659821,0.0,443.42153555854566,0.0,-0.0,4455087999.999982,-0.490672524311458,-0.8713440617149012,-0.0
149599532.89485812,265875643.17851433,0.0,-7.79750155916606e-05,29.779954403157657,0.0,443.4215355585456,0.0,-0.0,4455087999.999981,-0.490522224129756,-0.8714286818981789,-0.0
149599532.61413446,265982851.0143415,0.0,-7.798257272898136e-05,29.779954389724033,0.0,443.4215355585456,0.0,-0.0,4455087999.999981,-0.49037200142206827,-0.8715132243525138,-0.0
149599532.33338362,266090058.85012034,0.0,-7.799012292750164e-05,29.779954376297333,0.0,443.4215355585456,0.0,-0.0,4455087999.999981,-0.490221856144008,-0.8715976891655483,-0.0
149599532.0526056,266197266.68585086,0.0,-7.7997666195043e-05,29.779954362877554,0.0,443.4215355585456,0.0,-0.0,4455087999.999981,-0.49007178825119735,-0.8716820764248131,-0.0
149599531.77180043,266304474.52153307,0.0,-7.800520253941709e-05,29.77995434946469,0.0,443.4215355585456,0.0,-0.0,4455087999.999981,-0.4899217976992671,-0.8717663862177287,-0.0
149599531.49096814,266411682.357167,0.0,-7.801273196842566e-05,29.779954336058736,0.0,443.4215355585456,0.0,-0.0,4455087999.999981,-0.48977188444385805,-0.8718506186316048,-0.0
149599531.21010876,266518890.1927527,0.0,-7.802025448986057e-05,29.77995432265969,0.0,443.42153555854554,0.0,-0.0,4455087999.999981,-0.4896220484406198,-0.87193477375364,-0.0
149599530.92922232,266626098.02829015,0.0,-7.802777011150381e-05,29.779954309267552,0.0,443.42153555854566,0.0,-0.0,4455087999.999981,-0.4894722896452115,-0.8720188516709224,-0.0
149599530.6483088,266733305.86377943,0.0,-7.803527884112752e-05,29.779954295882312,0.0,443.42153555854566,0.0,-0.0,4455087999.999981,-0.48932260801330146,-0.8721028524704302,-0.0
149599530.3673683,266840513.6992205,0.0,-7.804278068649398e-05,29.77995428250397,0.0,443.42153555854566,0.0,-0.0,4455087999.999981,-0.4891730035005677,-0.872186776239031,-0.0
149599530.0864008,266947721.53461346,0.0,-7.805027565535562e-05,29.779954269132517,0.0,443.42153555854566,0.0,-0.0,4455087999.999981,-0.48902347606269786,-0.8722706230634826,-0.0
149599529.80540633,267054929.36995828,0.0,-7.80577637554551e-05,29.77995425576795,0.0,443.42153555854566,0.0,-0.0,4455087999.999981,-0.48887402565538834,-0.8723543930304326,-0.0
149599529.52438492,267162137.205255,0.0,-7.80652449945252e-05,29.77995424241027,0.0,443.42153555854566,0.0,-0.0,4455087999.999981,-0.4887246522343467,-0.8724380862264193,-0.0
149599529.2433366,267269345.04050365,0.0,-7.807271938028896e-05,29.77995422905947,0.0,443.42153555854566,0.0,-0.0,4455087999.999982,-0.48857535575528865,-0.8725217027378708,-0.0
149599528.96226135,267376552.87570426,0.0,-7.808018692045962e-05,29.779954215715545,0.0,443.42153555854566,0.0,-0.0,4455087999.999982,-0.48842613617394054,-0.8726052426511058,-0.0
149599528.68115926,267483760.71085683,0.0,-7.808764762274063e-05,29.779954202378494,0.0,443.4215355585457,0.0,-0.0,4455087999.999982,-0.4882769934460383,-0.8726887060523342,-0.0
149599528.40003031,267590968.54596138,0.0,-7.80951014948257e-05,29.77995418904831,0.0,443.4215355585457,0.0,-0.0,4455087999.999983,-0.48812792752732787,-0.872772093027656,-0.0
149599528.11887455,267698176.38101798,0.0,-7.81025485443988e-05,29.779954175724992,0.0,443.4215355585457,0.0,-0.0,4455087999.999982,-0.48797893837356515,-0.8728554036630629,-0.0
149599527.837692,267805384.21602663,0.0,-7.810998877913417e-05,29.779954162408533,0.0,443.4215355585457,0.0,-0.0,4455087999.999984,-0.4878300259405157,-0.8729386380444366,-0.0
149599527.55648264,267912592.05098733,0.0,-7.811742220669629e-05,29.77995414909893,0.0,443.42153555854577,0.0,-0.0,4455087999.999983,-0.48768119018395545,-0.8730217962575508,-0.0
149599527.27524656,268019799.88590014,0.0,-7.812484883473998e-05,29.77995413579618,0.0,443.4215355585458,0.0,-0.0,4455087999.999983,-0.4875324310596704,-0.8731048783880706,-0.0
149599526.99398375,268127007.72076508,0.0,-7.813226867091034e-05,29.77995412250028,0.0,443.4215355585457,0.0,-0.0,4455087999.999984,-0.4873837485234569,-0.8731878845215523,-0.0
149599526.71269423,268234215.55558217,0.0,-7.813968172284279e-05,29.77995410921122,0.0,443.42153555854577,0.0,-0.0,4455087999.999983,-0.48723514253112116,-0.8732708147434438,-0.0
149599526.43137804,268341423.3903514,0.0,-7.814708799816309e-05,29.779954095929003,0.0,443.42153555854577,0.0,-0.0,4455087999.999983,-0.48708661303847983,-0.8733536691390849,-0.0
149599526.1500352,268448631.22507286,0.0,-7.815448750448732e-05,29.779954082653624,0.0,443.4215355585458,0.0,-0.0,4455087999.999983,-0.48693816000136025,-0.8734364477937074,-0.0
149599525.86866572,268555839.0597465,0.0,-7.816188024942195e-05,29.779954069385077,0.0,443.4215355585458,0.0,-0.0,4455087999.999983,-0.4867897833755996,-0.8735191507924351,-0.0
149599525.58726966,268663046.8943724,0.0,-7.816926624056379e-05,29.77995405612336,0.0,443.4215355585459,0.0,-0.0,4455087999.999984,-0.48664148311704597,-0.8736017782202838,-0.0
149599525.30584702,268770254.72895056,0.0,-7.817664548550004e-05,29.779954042868464,0.0,443.4215355585459,0.0,-0.0,4455087999.999983,-0.4864932591815577,-0.873684330162162,-0.0
149599525.02439782,268877462.56348103,0.0,-7.818401799180829e-05,29.77995402962039,0.0,443.4215355585458,0.0,-0.0,4455087999.999984,-0.48634511152500415,-0.8737668067028704,-0.0
149599524.7429221,268984670.3979638,0.0,-7.819138376705654e-05,29.779954016379136,0.0,443.42153555854594,0.0,-0.0,4455087999.999983,-0.4861970401032645,-0.8738492079271025,-0.0
149599524.46141988,269091878.232399,0.0,-7.81987428188032e-05,29.77995400314469,0.0,443.4215355585459,0.0,-0.0,4455087999.999984,-0.48604904487222955,-0.8739315339194446,-0.0
149599524.17989117,269199086.06678647,0.0,-7.820609515459711e-05,29.779953989917058,0.0,443.42153555854594,0.0,-0.0,4455087999.999984,-0.48590112578780037,-0.8740137847643755,-0.0
149599523.898336,269306293.9011264,0.0,-7.821344078197757e-05,29.779953976696227,0.0,443.42153555854594,0.0,-0.0,4455087999.999983,-0.4857532828058889,-0.8740959605462675,-0.0
149599523.61675438,269413501.7354187,0.0,-7.822077970847432e-05,29.7799539634822,0.0,443.421535558546,0.0,-0.0,4455087999.999984,-0.4856055158824178,-0.8741780613493859,-0.0
149599523.33514637,269520709.56966347,0.0,-7.822811194160756e-05,29.77995395027497,0.0,443.421535558546,0.0,-0.0,4455087999.999984,-0.4854578249733209,-0.8742600872578895,-0.0
149599523.05351198,269627917.4038607,0.0,-7.8235437488888e-05,29.77995393707453,0.0,443.42153555854605,0.0,-0.0,4455087999.999984,-0.48531021003454305,-0.87434203835583,-0.0
149599522.7718512,269735125.2380104,0.0,-7.82427563578168e-05,29.779953923880882,0.0,443.42153555854605,0.0,-0.0,4455087999.999983,-0.48516267102203975,-0.8744239147271534,-0.0
149599522.49016413,269842333.0721126,0.0,-7.825006855588566e-05,29.77995391069402,0.0,443.42153555854605,0.0,-0.0,4455087999.999983,-0.4850152078917779,-0.8745057164556989,-0.0
149599522.20845073,269949540.9061674,0.0,-7.825737409057679e-05,29.779953897513938,0.0,443.4215355585461,0.0,-0.0,4455087999.999984,-0.4848678205997359,-0.8745874436252,-0.0
149599521.92671105,270056748.7401747,0.0,-7.826467296936292e-05,29.77995388434063,0.0,443.4215355585461,0.0,-0.0,4455087999.999983,-0.4847205091019023,-0.8746690963192839,-0.0
149599521.6449451,270163956.57413465,0.0,-7.827196519970732e-05,29.7799538711741,0.0,443.42153555854605,0.0,-0.0,4455087999.999984,-0.48457327335427774,-0.874750674621472,-0.0
149599521.36315292,270271164.4080472,0.0,-7.827925078906382e-05,29.779953858014338,0.0,443.42153555854605,0.0,-0.0,4455087999.999984,-0.48442611331287405,-0.8748321786151801,-0.0
149599521.0813345,270378372.24191236,0.0,-7.828652974487682e-05,29.779953844861343,0.0,443.42153555854605,0.0,-0.0,4455087999.999984,-0.4842790289337143,-0.8749136083837186,-0.0
149599520.79948992,270485580.0757302,0.0,-7.82938020745813e-05,29.77995383171511,0.0,443.4215355585461,0.0,-0.0,4455087999.999984,-0.4841320201728327,-0.8749949640102919,-0.0
149599520.51761913,270592787.9095007,0.0,-7.830106778560284e-05,29.77995381857563,0.0,443.4215355585461,0.0,-0.0,4455087999.999984,-0.48398508698627557,-0.8750762455779996,-0.0
149599520.2357222,270699995.74322397,0.0,-7.830832688535759e-05,29.779953805442908,0.0,443.4215355585461,0.0,-0.0,4455087999.999983,-0.4838382293301001,-0.8751574531698358,-0.0
149599519.9537992,270807203.57689995,0.0,-7.831557938125235e-05,29.779953792316935,0.0,443.4215355585461,0.0,-0.0,4455087999.999984,-0.4836914471603756,-0.87523858686869,-0.0
149599519.67185006,270914411.41052866,0.0,-7.832282528068453e-05,29.779953779197708,0.0,443.4215355585461,0.0,-0.0,4455087999.999984,-0.48354474043318263,-0.8753196467573466,-0.0
149599519.38987485,271021619.24411017,0.0,-7.833006459104218e-05,29.779953766085224,0.0,443.42153555854617,0.0,-0.0,4455087999.999984,-0.48339810910461356,-0.8754006329184851,-0.0
149599519.1078736,271128827.07764447,0.0,-7.8337297319704e-05,29.779953752979477,0.0,443.4215355585462,0.0,-0.0,4455087999.999984,-0.4832515531307724,-0.8754815454346805,-0.0
149599518.8258463,271236034.9111316,0.0,-7.834452347403939e-05,29.779953739880465,0.0,443.4215355585462,0.0,-0.0,4455087999.999985,-0.48310507246777507,-0.8755623843884031,-0.0
149599518.54379302,271343242.7445716,0.0,-7.835174306140838e-05,29.779953726788182,0.0,443.4215355585462,0.0,-0.0,4455087999.999984,-0.4829586670717492,-0.8756431498620196,-0.0
149599518.26171377,271450450.5779645,0.0,-7.835895608916171e-05,29.779953713702625,0.0,443.42153555854617,0.0,-0.0,4455087999.999984,-0.4828123368988345,-0.8757238419377917,-0.0
149599517.97960857,271557658.41131026,0.0,-7.836616256464083e-05,29.779953700623793,0.0,443.4215355585462,0.0,-0.0,4455087999.999984,-0.4826660819051824,-0.8758044606978773,-0.0
149599517.69747743,271664866.244609,0.0,-7.837336249517788e-05,29.77995368755168,0.0,443.4215355585463,0.0,-0.0,4455087999.999985,-0.48251990204695644,-0.8758850062243305,-0.0
149599517.41532037,271772074.07786065,0.0,-7.838055588809575e-05,29.77995367448628,0.0,443.42153555854634,0.0,-0.0,4455087999.999985,-0.4823737972803322,-0.8759654785991016,-0.0
149599517.13313743,271879281.9110653,0.0,-7.838774275070805e-05,29.779953661427587,0.0,443.4215355585463,0.0,-0.0,4455087999.999986,-0.48222776756149716,-0.8760458779040369,-0.0
149599516.85092863,271986489.74422294,0.0,-7.839492309031913e-05,29.779953648375603,0.0,443.4215355585463,0.0,-0.0,4455087999.999985,-0.48208181284665136,-0.8761262042208795,-0.0
149599516.568694,272093697.5773336,0.0,-7.840209691422415e-05,29.779953635330322,0.0,443.4215355585463,0.0,-0.0,4455087999.999985,-0.4819359330920065,-0.8762064576312691,-0.0
149599516.28643355,272200905.41039735,0.0,-7.8409264229709e-05,29.779953622291742,0.0,443.4215355585463,0.0,-0.0,4455087999.999985,-0.4817901282537869,-0.8762866382167421,-0.0
149599516.0041473,272308113.24341416,0.0,-7.841642504405035e-05,29.779953609259856,0.0,443.4215355585463,0.0,-0.0,4455087999.999985,-0.4816443982882292,-0.8763667460587318,-0.0
149599515.7218353,272415321.07638407,0.0,-7.84235793645157e-05,29.77995359623466,0.0,443.4215355585463,0.0,-0.0,4455087999.999985,-0.4814987431515821,-0.8764467812385683,-0.0
149599515.43949753,272522528.90930706,0.0,-7.843072719836335e-05,29.77995358321615,0.0,443.4215355585463,0.0,-0.0,4455087999.999985,-0.48135316280010676,-0.8765267438374791,-0.0
149599515.15713406,272629736.7421832,0.0,-7.843786855284242e-05,29.779953570204327,0.0,443.42153555854634,0.0,-0.0,4455087999.999985,-0.48120765719007713,-0.8766066339365892,-0.0
149599514.8747449,272736944.5750125,0.0,-7.844500343519287e-05,29.779953557199182,0.0,443.42153555854634,0.0,-0.0,4455087999.999986,-0.4810622262777792,-0.8766864516169202,-0.0
149599514.59233004,272844152.407795,0.0,-7.845213185264549e-05,29.779953544200712,0.0,443.42153555854634,0.0,-0.0,4455087999.999985,-0.48091687001951194,-0.8767661969593924,-0.0
149599514.30988955,272951360.2405307,0.0,-7.845925381242193e-05,29.779953531208914,0.0,443.42153555854634,0.0,-0.0,4455087999.999986,-0.4807715883715863,-0.8768458700448226,-0.0
149599514.02742344,273058568.0732197,0.0,-7.846636932173472e-05,29.779953518223785,0.0,443.4215355585464,0.0,-0.0,4455087999.999986,-0.48062638129032637,-0.8769254709539265,-0.0
149599513.74493173,273165775.905862,0.0,-7.847347838778729e-05,29.779953505245317,0.0,443.4215355585464,0.0,-0.0,4455087999.999987,-0.48048124873206893,-0.877004999767317,-0.0
149599513.4624144,273272983.7384575,0.0,-7.848058101777393e-05,29.77995349227351,0.0,443.4215355585464,0.0,-0.0,4455087999.999987,-0.480336190653163,-0.8770844565655056,-0.0
149599513.17987156,273380191.57100636,0.0,-7.848767721887983e-05,29.779953479308357,0.0,443.4215355585464,0.0,-0.0,4455087999.999987,-0.480191207009971,-0.8771638414289016,-0.0
149599512.89730316,273487399.40350854,0.0,-7.849476699828116e-05,29.77995346634986,0.0,443.4215355585464,0.0,-0.0,4455087999.999987,-0.4800462977588679,-0.8772431544378129,-0.0
149599512.61470926,273594607.23596406,0.0,-7.850185036314494e-05,29.779953453398008,0.0,443.4215355585464,0.0,-0.0,4455087999.999988,-0.4799014628562415,-0.8773223956724457,-0.0
149599512.33208987,273701815.06837296,0.0,-7.850892732062921e-05,29.7799534404528,0.0,443.42153555854645,0.0,-0.0,4455087999.999988,-0.4797567022584927,-0.8774015652129052,-0.0
149599512.049445,273809022.9007353,0.0,-7.85159978778829e-05,29.779953427514233,0.0,443.4215355585464,0.0,-0.0,4455087999.999988,-0.4796120159220352,-0.8774806631391951,-0.0
149599511.76677468,273916230.73305106,0.0,-7.852306204204592e-05,29.7799534145823,0.0,443.4215355585464,0.0,-0.0,4455087999.999988,-0.4794674038032955,-0.8775596895312179,-0.0
149599511.48407894,274023438.5653203,0.0,-7.853011982024918e-05,29.779953401657004,0.0,443.4215355585464,0.0,-0.0,4455087999.999987,-0.47932286585871386,-0.8776386444687754,-0.0
149599511.2013578,274130646.397543,0.0,-7.853717121961456e-05,29.779953388738335,0.0,443.4215355585464,0.0,-0.0,4455087999.999987,-0.4791784020447429,-0.8777175280315682,-0.0
149599510.91861132,274237854.2297192,0.0,-7.854421624725495e-05,29.77995337582629,0.0,443.42153555854645,0.0,-0.0,4455087999.999988,-0.4790340123178491,-0.8777963402991965,-0.0
149599510.63583946,274345062.06184894,0.0,-7.855125491027426e-05,29.779953362920867,0.0,443.42153555854645,0.0,-0.0,4455087999.999988,-0.4788896966345115,-0.8778750813511599,-0.0
149599510.35304227,274452269.8939322,0.0,-7.855828721576741e-05,29.779953350022062,0.0,443.42153555854645,0.0,-0.0,4455087999.999987,-0.47874545495122295,-0.8779537512668573,-0.0
149599510.07021978,274559477.7259691,0.0,-7.856531317082035e-05,29.779953337129868,0.0,443.4215355585465,0.0,-0.0,4455087999.999987,-0.47860128722448897,-0.8780323501255873,-0.0
149599509.78737202,274666685.55795956,0.0,-7.85723327825101e-05,29.779953324244282,0.0,443.42153555854645,0.0,-0.0,4455087999.999987,-0.47845719341082926,-0.878110878006549,-0.0
149599509.504499,274773893.38990366,0.0,-7.857934605790474e-05,29.779953311365304,0.0,443.42153555854645,0.0,-0.0,4455087999.999987,-0.4783131734667761,-0.8781893349888403,-0.0
149599509.22160074,274881101.2218014,0.0,-7.85863530040634e-05,29.779953298492927,0.0,443.4215355585465,0.0,-0.0,4455087999.999987,-0.4781692273488756,-0.8782677211514603,-0.0
149599508.93867728,274988309.0536528,0.0,-7.859335362803629e-05,29.779953285627148,0.0,443.42153555854657,0.0,-0.0,4455087999.999988,-0.4780253550136875,-0.8783460365733075,-0.0
149599508.6557286,275095516.88545793,0.0,-7.860034793686476e-05,29.779953272767962,0.0,443.4215355585465,0.0,-0.0,4455087999.999988,-0.4778815564177846,-0.8784242813331811,-0.0
149599508.37275478,275202724.7172168,0.0,-7.860733593758122e-05,29.779953259915366,0.0,443.4215355585466,0.0,-0.0,4455087999.999988,-0.4777378315177538,-0.8785024555097808,-0.0
149599508.0897558,275309932.54892933,0.0,-7.861431763720922e-05,29.779953247069354,0.0,443.4215355585466,0.0,-0.0,4455087999.999988,-0.4775941802701951,-0.8785805591817066,-0.0
149599507.8067317,275417140.3805957,0.0,-7.862129304276344e-05,29.779953234229925,0.0,443.42153555854657,0.0,-0.0,4455087999.999988,-0.4774506026317226,-0.8786585924274598,-0.0
149599507.5236825,275524348.2122158,0.0,-7.862826216124969e-05,29.779953221397076,0.0,443.4215355585466,0.0,-0.0,4455087999.999988,-0.47730709855896397,-0.8787365553254419,-0.0
149599507.24060822,275631556.04378974,0.0,-7.863522499966494e-05,29.7799532085708,0.0,443.4215355585466,0.0,-0.0,4455087999.999988,-0.47716366800856036,-0.878814447953956,-0.0
149599506.9575089,275738763.8753175,0.0,-7.864218156499734e-05,29.77995319575109,0.0,443.42153555854657,0.0,-0.0,4455087999.999988,-0.4770203109371671,-0.8788922703912058,-0.0
149599506.67438453,275845971.70679915,0.0,-7.86491318642262e-05,29.779953182937952,0.0,443.4215355585466,0.0,-0.0,4455087999.999988,-0.47687702730145326,-0.8789700227152967,-0.0
149599506.39123517,275953179.53823465,0.0,-7.865607590432203e-05,29.779953170131375,0.0,443.42153555854657,0.0,-0.0,4455087999.999989,-0.4767338170581015,-0.8790477050042349,-0.0
149599506.1080608,276060387.3696241,0.0,-7.86630136922465e-05,29.779953157331356,0.0,443.4215355585466,0.0,-0.0,4455087999.999988,-0.476590680163809,-0.879125317335929,-0.0
149599505.82486147,276167595.20096743,0.0,-7.866994523495257e-05,29.77995314453789,0.0,443.4215355585466,0.0,-0.0,4455087999.999988,-0.4764476165752862,-0.8792028597881885,-0.0
149599505.54163718,276274803.03226477,0.0,-7.867687053938434e-05,29.77995313175098,0.0,443.4215355585466,0.0,-0.0,4455087999.999988,-0.476304626249258,-0.879280332438725,-0.0
149599505.25838798,276382010.8635161,0.0,-7.868378961247722e-05,29.779953118970614,0.0,443.4215355585466,0.0,-0.0,4455087999.999988,-0.4761617091424631,-0.8793577353651518,-0.0
149599504.9751139,276489218.6947214,0.0,-7.869070246115779e-05,29.779953106196793,0.0,443.4215355585467,0.0,-0.0,4455087999.999988,-0.47601886521165465,-0.8794350686449844,-0.0
149599504.69181493,276596426.52588075,0.0,-7.869760909234394e-05,29.77995309342951,0.0,443.4215355585466,0.0,-0.0,4455087999.999988,-0.4758760944135998,-0.8795123323556405,-0.0
149599504.4084911,276703634.35699415,0.0,-7.870450951294483e-05,29.77995308066876,0.0,443.4215355585467,0.0,-0.0,4455087999.999988,-0.4757333967050795,-0.87958952657444,-0.0
149599504.12514246,276810842.1880616,0.0,-7.871140372986088e-05,29.779953067914544,0.0,443.42153555854657,0.0,-0.0,4455087999.999987,-0.47559077204288946,-0.8796666513786051,-0.0
149599503.841769,276918050.01908314,0.0,-7.871829174998379e-05,29.779953055166857,0.0,443.4215355585466,0.0,-0.0,4455087999.999987,-0.47544822038383944,-0.8797437068452607,-0.0
149599503.55837077,277025257.8500588,0.0,-7.872517358019662e-05,29.779953042425692,0.0,443.4215355585466,0.0,-0.0,4455087999.999987,-0.4753057416847534,-0.8798206930514345,-0.0
149599503.27494776,277132465.6809886,0.0,-7.873204922737367e-05,29.779953029691047,0.0,443.42153555854657,0.0,-0.0,4455087999.999987,-0.4751633359024698,-0.8798976100740568,-0.0
149599502.99150002,277239673.5118726,0.0,-7.873891869838064e-05,29.779953016962917,0.0,443.4215355585465,0.0,-0.0,4455087999.999987,-0.47502100299384126,-0.8799744579899605,-0.0
149599502.70802757,277346881.34271073,0.0,-7.874578200007451e-05,29.779953004241303,0.0,443.42153555854657,0.0,-0.0,4455087999.999988,-0.4748787429157352,-0.8800512368758827,-0.0
149599502.42453042,277454089.1735031,0.0,-7.875263913930364e-05,29.779952991526198,0.0,443.4215355585466,0.0,-0.0,4455087999.999988,-0.4747365556250333,-0.8801279468084624,-0.0
149599502.1410086,277561297.0042497,0.0,-7.875949012290774e-05,29.779952978817594,0.0,443.42153555854657,0.0,-0.0,4455087999.999988,-0.4745944410786317,-0.8802045878642426,-0.0
149599501.8574621,277668504.83495057,0.0,-7.87663349577179e-05,29.77995296611549,0.0,443.42153555854657,0.0,-0.0,4455087999.999988,-0.4744523992334412,-0.8802811601196695,-0.0
149599501.57389098,277775712.6656057,0.0,-7.877317365055661e-05,29.779952953419887,0.0,443.42153555854657,0.0,-0.0,4455087999.999988,-0.4743104300463871,-0.8803576636510932,-0.0
149599501.29029527,277882920.49621516,0.0,-7.87800062082377e-05,29.779952940730777,0.0,443.42153555854657,0.0,-0.0,4455087999.999989,-0.47416853347440935,-0.8804340985347672,-0.0
149599501.00667498,277990128.32677895,0.0,-7.878683263756647e-05,29.779952928048154,0.0,443.4215355585466,0.0,-0.0,4455087999.999989,-0.47402670947446274,-0.8805104648468486,-0.0
149599500.7230301,278097336.1572971,0.0,-7.879365294533959e-05,29.779952915372018,0.0,443.4215355585466,0.0,-0.0,4455087999.999988,-0.47388495800351654,-0.880586762663399,-0.0
149599500.43936068,278204543.9877696,0.0,-7.880046713834518e-05,29.779952902702362,0.0,443.42153555854657,0.0,-0.0,4455087999.999989,-0.4737432790185549,-0.8806629920603839,-0.0
149599500.15566674,278311751.81819654,0.0,-7.880727522336281e-05,29.779952890039183,0.0,443.4215355585466,0.0,-0.0,4455087999.999989,-0.4736016724765767,-0.8807391531136726,-0.0
149599499.8719483,278418959.64857787,0.0,-7.88140772071635e-05,29.77995287738248,0.0,443.4215355585467,0.0,-0.0,4455087999.999989,-0.47346013833459577,-0.8808152458990396,-0.0
149599499.5882054,278526167.47891366,0.0,-7.88208730965097e-05,29.77995286473225,0.0,443.4215355585467,0.0,-0.0,4455087999.9999895,-0.47331867654964066,-0.8808912704921628,-0.0
149599499.30443802,278633375.3092039,0.0,-7.882766289815538e-05,29.77995285208848,0.0,443.4215355585467,0.0,-0.0,4455087999.9999895,-0.47317728707875495,-0.8809672269686253,-0.0
149599499.0206462,278740583.1394487,0.0,-7.883444661884595e-05,29.779952839451177,0.0,443.42153555854674,0.0,-0.0,4455087999.999989,-0.4730359698789972,-0.8810431154039151,-0.0
149599498.73683,278847790.969648,0.0,-7.884122426531837e-05,29.77995282682033,0.0,443.4215355585468,0.0,-0.0,4455087999.999989,-0.4728947249074407,-0.8811189358734245,-0.0
149599498.4529894,278954998.7998018,0.0,-7.884799584430105e-05,29.779952814195937,0.0,443.4215355585467,0.0,-0.0,4455087999.999989,-0.47275355212117415,-0.8811946884524511,-0.0
149599498.16912442,279062206.62991023,0.0,-7.885476136251397e-05,29.779952801577995,0.0,443.4215355585467,0.0,-0.0,4455087999.999988,-0.47261245147730113,-0.8812703732161974,-0.0
149599497.8852351,279169414.4599732,0.0,-7.88615208266686e-05,29.7799527889665,0.0,443.4215355585467,0.0,-0.0,4455087999.999988,-0.47247142293294,-0.8813459902397712,-0.0
149599497.60132146,279276622.2899908,0.0,-7.8868274243468e-05,29.779952776361448,0.0,443.4215355585467,0.0,-0.0,4455087999.999987,-0.47233046644522486,-0.8814215395981858,-0.0
149599497.31738353,279383830.119963,0.0,-7.887502161960673e-05,29.779952763762836,0.0,443.42153555854674,0.0,-0.0,4455087999.999988,-0.47218958197130484,-0.8814970213663597,-0.0
149599497.0334213,279491037.9498899,0.0,-7.888176296177094e-05,29.779952751170658,0.0,443.4215355585466,0.0,-0.0,4455087999.999988,-0.47204876946834395,-0.881572435619117,-0.0
149599496.74943483,279598245.77977145,0.0,-7.888849827663835e-05,29.779952738584914,0.0,443.42153555854674,0.0,-0.0,4455087999.999988,-0.4719080288935216,-0.8816477824311879,-0.0
149599496.46542412,279705453.6096077,0.0,-7.889522757087828e-05,29.779952726005597,0.0,443.4215355585467,0.0,-0.0,4455087999.999987,-0.47176736020403254,-0.8817230618772078,-0.0
149599496.18138918,279812661.4393987,0.0,-7.890195085115162e-05,29.779952713432703,0.0,443.4215355585466,0.0,-0.0,4455087999.999987,-0.47162676335708725,-0.8817982740317187,-0.0
149599495.89733008,279919869.2691444,0.0,-7.89086681241109e-05,29.77995270086623,0.0,443.4215355585466,0.0,-0.0,4455087999.999987,-0.47148623830991065,-0.8818734189691683,-0.0
149599495.6132468,280027077.09884495,0.0,-7.891537939640024e-05,29.77995268830617,0.0,443.42153555854657,0.0,-0.0,4455087999.999987,-0.4713457850197442,-0.8819484967639103,-0.0
149599495.32913935,280134284.92850024,0.0,-7.892208467465542e-05,29.779952675752526,0.0,443.42153555854657,0.0,-0.0,4455087999.999987,-0.4712054034438436,-0.8820235074902054,-0.0
149599495.0450078,280241492.75811034,0.0,-7.892878396550383e-05,29.77995266320529,0.0,443.4215355585465,0.0,-0.0,4455087999.999987,-0.4710650935394811,-0.8820984512222204,-0.0
149599494.76085213,280348700.58767533,0.0,-7.893547727556454e-05,29.77995265066446,0.0,443.42153555854657,0.0,-0.0,4455087999.999987,-0.47092485526394384,-0.8821733280340284,-0.0
149599494.47667238,280455908.41719514,0.0,-7.894216461144828e-05,29.77995263813003,0.0,443.42153555854657,0.0,-0.0,4455087999.999988,-0.4707846885745346,-0.8822481379996097,-0.0
149599494.19246855,280563116.2466698,0.0,-7.894884597975744e-05,29.779952625601997,0.0,443.4215355585465,0.0,-0.0,4455087999.999987,-0.47064459342857196,-0.8823228811928513,-0.0
149599493.90824068,280670324.07609946,0.0,-7.89555213870861e-05,29.779952613080358,0.0,443.42153555854657,0.0,-0.0,4455087999.999986,-0.4705045697833898,-0.8823975576875466,-0.0
149599493.62398878,280777531.905484,0.0,-7.896219084002005e-05,29.779952600565107,0.0,443.4215355585465,0.0,-0.0,4455087999.999986,-0.47036461759633796,-0.8824721675573971,-0.0
149599493.3397129,280884739.7348235,0.0,-7.896885434513677e-05,29.779952588056243,0.0,443.4215355585465,0.0,-0.0,4455087999.999986,-0.47022473682478183,-0.8825467108760106,-0.0
149599493.05541304,280991947.564118,0.0,-7.897551190900547e-05,29.77995257555376,0.0,443.42153555854645,0.0,-0.0,4455087999.999986,-0.47008492742610264,-0.8826211877169026,-0.0
149599492.77108923,281099155.3933675,0.0,-7.898216353818709e-05,29.77995256305766,0.0,443.42153555854657,0.0,-0.0,4455087999.999986,-0.46994518935769725,-0.882695598153496,-0.0
149599492.48674148,281206363.222572,0.0,-7.898880923923431e-05,29.77995255056793,0.0,443.42153555854657,0.0,-0.0,4455087999.999987,-0.4698055225769783,-0.8827699422591212,-0.0
149599492.2023698,281313571.0517316,0.0,-7.899544901869156e-05,29.779952538084572,0.0,443.42153555854657,0.0,-0.0,4455087999.999987,-0.46966592704137444,-0.8828442201070165,-0.0
149599491.91797426,281420778.8808462,0.0,-7.900208288309503e-05,29.77995252560758,0.0,443.4215355585465,0.0,-0.0,4455087999.999987,-0.46952640270833007,-0.8829184317703278,-0.0
149599491.63355485,281527986.70991594,0.0,-7.900871083897267e-05,29.77995251313695,0.0,443.42153555854657,0.0,-0.0,4455087999.999987,-0.4693869495353054,-0.882992577322109,-0.0
149599491.34911156,281635194.5389408,0.0,-7.901533289284426e-05,29.77995250067268,0.0,443.42153555854657,0.0,-0.0,4455087999.999987,-0.46924756747977686,-0.8830666568353219,-0.0
149599491.06464446,281742402.36792076,0.0,-7.902194905122133e-05,29.779952488214768,0.0,443.42153555854657,0.0,-0.0,4455087999.999987,-0.4691082564992364,-0.8831406703828368,-0.0
149599490.78015354,281849610.1968559,0.0,-7.902855932060723e-05,29.779952475763206,0.0,443.42153555854657,0.0,-0.0,4455087999.999988,-0.46896901655119266,-0.8832146180374321,-0.0
149599490.49563885,281956818.0257462,0.0,-7.903516370749715e-05,29.77995246331799,0.0,443.4215355585465,0.0,-0.0,4455087999.999988,-0.46882984759316954,-0.8832884998717946,-0.0
149599490.21110037,282064025.8545918,0.0,-7.904176221837806e-05,29.77995245087912,0.0,443.42153555854657,0.0,-0.0,4455087999.999987,-0.4686907495827076,-0.8833623159585198,-0.0
149599489.92653817,282171233.6833926,0.0,-7.90483548597288e-05,29.77995243844659,0.0,443.4215355585466,0.0,-0.0,4455087999.999988,-0.4685517224773632,-0.8834360663701114,-0.0
149599489.64195225,282278441.5121486,0.0,-7.905494163802007e-05,29.779952426020394,0.0,443.42153555854657,0.0,-0.0,4455087999.999988,-0.4684127662347091,-0.8835097511789826,-0.0
149599489.3573426,282385649.34085995,0.0,-7.90615225597144e-05,29.779952413600533,0.0,443.4215355585466,0.0,-0.0,4455087999.999988,-0.46827388081233395,-0.8835833704574549,-0.0
149599489.0727093,282492857.1695266,0.0,-7.906809763126623e-05,29.779952401187,0.0,443.4215355585466,0.0,-0.0,4455087999.999988,-0.4681350661678429,-0.8836569242777593,-0.0
149599488.78805232,282600064.9981485,0.0,-7.907466685912183e-05,29.77995238877979,0.0,443.42153555854657,0.0,-0.0,4455087999.999988,-0.46799632225885684,-0.8837304127120351,-0.0
149599488.50337172,282707272.8267258,0.0,-7.908123024971941e-05,29.779952376378905,0.0,443.4215355585466,0.0,-0.0,4455087999.999989,-0.46785764904301375,-0.8838038358323322,-0.0
149599488.21866748,282814480.6552584,0.0,-7.908778780948906e-05,29.779952363984336,0.0,443.4215355585466,0.0,-0.0,4455087999.999989,-0.4677190464779671,-0.8838771937106089,-0.0
149599487.93393964,282921688.48374647,0.0,-7.909433954485278e-05,29.77995235159608,0.0,443.4215355585467,0.0,-0.0,4455087999.999989,-0.46758051452138727,-0.8839504864187331,-0.0
149599487.64918822,283028896.31218994,0.0,-7.910088546222451e-05,29.779952339214134,0.0,443.4215355585467,0.0,-0.0,4455087999.999989,-0.46744205313096054,-0.8840237140284826,-0.0
149599487.36441326,283136104.1405888,0.0,-7.910742556801013e-05,29.779952326838494,0.0,443.4215355585467,0.0,-0.0,4455087999.999988,-0.46730366226438996,-0.8840968766115447,-0.0
149599487.07961476,283243311.9689432,0.0,-7.911395986860745e-05,29.779952314469156,0.0,443.42153555854674,0.0,-0.0,4455087999.999989,-0.4671653418793951,-0.8841699742395169,-0.0
149599486.79479274,283350519.797253,0.0,-7.912048837040624e-05,29.779952302106118,0.0,443.42153555854674,0.0,-0.0,4455087999.999989,-0.46702709193371156,-0.8842430069839061,-0.0
149599486.50994724,283457727.6255183,0.0,-7.912701107978824e-05,29.779952289749374,0.0,443.4215355585468,0.0,-0.0,4455087999.999988,-0.46688891238509195,-0.8843159749161303,-0.0
149599486.22507825,283564935.45373917,0.0,-7.913352800312717e-05,29.77995227739892,0.0,443.42153555854674,0.0,-0.0,4455087999.999988,-0.4667508031913048,-0.8843888781075165,-0.0
149599485.94018584,283672143.2819156,0.0,-7.914003914678873e-05,29.779952265054753,0.0,443.42153555854674,0.0,-0.0,4455087999.999988,-0.466612764310136,-0.8844617166293031,-0.0
149599485.65526998,283779351.1100476,0.0,-7.914654451713064e-05,29.77995225271687,0.0,443.42153555854674,0.0,-0.0,4455087999.999988,-0.46647479569938705,-0.8845344905526382,-0.0
149599485.37033072,283886558.93813515,0.0,-7.91530441205026e-05,29.779952240385267,0.0,443.42153555854674,0.0,-0.0,4455087999.999989,-0.46633689731687705,-0.8846071999485808,-0.0
149599485.08536807,283993766.76617837,0.0,-7.915953796324637e-05,29.77995222805994,0.0,443.4215355585468,0.0,-0.0,4455087999.999989,-0.4661990691204412,-0.8846798448881007,-0.0
149599484.80038205,284100974.5941772,0.0,-7.91660260516957e-05,29.779952215740884,0.0,443.4215355585468,0.0,-0.0,4455087999.999988,-0.4660613110679316,-0.8847524254420785,-0.0
149599484.5153727,284208182.4221317,0.0,-7.917250839217643e-05,29.779952203428095,0.0,443.4215355585468,0.0,-0.0,4455087999.999988,-0.4659236231172168,-0.8848249416813055,-0.0
149599484.23034,284315390.2500419,0.0,-7.917898499100638e-05,29.779952191121573,0.0,443.4215355585468,0.0,-0.0,4455087999.999989,-0.46578600522618246,-0.8848973936764842,-0.0
149599483.945284,284422598.0779078,0.0,-7.918545585449552e-05,29.77995217882131,0.0,443.4215355585468,0.0,-0.0,4455087999.999989,-0.46564845735273086,-0.8849697814982284,-0.0
149599483.66020474,284529805.9057294,0.0,-7.919192098894581e-05,29.779952166527305,0.0,443.42153555854674,0.0,-0.0,4455087999.999989,-0.4655109794547809,-0.8850421052170628,-0.0
149599483.3751022,284637013.7335068,0.0,-7.919838040065138e-05,29.779952154239552,0.0,443.42153555854674,0.0,-0.0,4455087999.999989,-0.4653735714902688,-0.8851143649034241,-0.0
149599483.0899764,284744221.56123996,0.0,-7.920483409589837e-05,29.77995214195805,0.0,443.42153555854674,0.0,-0.0,4455087999.999989,-0.46523623341714715,-0.8851865606276598,-0.0
149599482.8048274,284851429.3889289,0.0,-7.921128208096508e-05,29.77995212968279,0.0,443.4215355585467,0.0,-0.0,4455087999.999988,-0.4650989651933858,-0.8852586924600299,-0.0
149599482.51965517,284958637.21657366,0.0,-7.921772436212192e-05,29.779952117413774,0.0,443.4215355585467,0.0,-0.0,4455087999.999988,-0.46496176677697126,-0.8853307604707054,-0.0
149599482.2344598,285065845.04417425,0.0,-7.92241609456314e-05,29.779952105150997,0.0,443.4215355585466,0.0,-0.0,4455087999.999988,-0.46482463812590713,-0.8854027647297694,-0.0
149599481.94924122,285173052.87173074,0.0,-7.92305918377482e-05,29.779952092894455,0.0,443.4215355585466,0.0,-0.0,4455087999.999988,-0.4646875791982142,-0.8854747053072174,-0.0
149599481.66399953,285280260.6992431,0.0,-7.923701704471913e-05,29.779952080644144,0.0,443.4215355585466,0.0,-0.0,4455087999.999988,-0.4645505899519298,-0.8855465822729564,-0.0
149599481.3787347,285387468.5267114,0.0,-7.924343657278313e-05,29.77995206840006,0.0,443.4215355585467,0.0,-0.0,4455087999.999989,-0.4644136703451089,-0.8856183956968061,-0.0
149599481.0934468,285494676.35413563,0.0,-7.924985042817137e-05,29.779952056162198,0.0,443.4215355585466,0.0,-0.0,4455087999.999989,-0.46427682033582296,-0.8856901456484982,-0.0
149599480.8081358,285601884.1815158,0.0,-7.925625861710714e-05,29.779952043930557,0.0,443.4215355585467,0.0,-0.0,4455087999.999989,-0.46414003988216107,-0.8857618321976771,-0.0
149599480.52280176,285709092.00885195,0.0,-7.926266114580595e-05,29.77995203170513,0.0,443.4215355585466,0.0,-0.0,4455087999.999989,-0.46400332894222923,-0.8858334554138997,-0.0
149599480.23744467,285816299.8361441,0.0,-7.926905802047551e-05,29.779952019485915,0.0,443.4215355585466,0.0,-0.0,4455087999.999989,-0.46386668747415033,-0.8859050153666357,-0.0
149599479.95206454,285923507.66339225,0.0,-7.927544924731573e-05,29.779952007272907,0.0,443.4215355585466,0.0,-0.0,4455087999.999988,-0.463730115436065,-0.8859765121252673,-0.0
149599479.66666144,286030715.4905965,0.0,-7.928183483251872e-05,29.779951995066106,0.0,443.4215355585466,0.0,-0.0,4455087999.999989,-0.46359361278613076,-0.88604794575909,-0.0
149599479.38123536,286137923.3177568,0.0,-7.928821478226886e-05,29.779951982865505,0.0,443.4215355585466,0.0,-0.0,4455087999.9999895,-0.46345717948252235,-0.8861193163373119,-0.0
149599479.0957863,286245131.14487314,0.0,-7.929458910274276e-05,29.7799519706711,0.0,443.42153555854657,0.0,-0.0,4455087999.999989,-0.4633208154834318,-0.8861906239290548,-0.0
149599478.81031433,286352338.97194564,0.0,-7.930095780010926e-05,29.77995195848289,0.0,443.4215355585465,0.0,-0.0,4455087999.999989,-0.46318452074706884,-0.8862618686033538,-0.0
149599478.52481943,286459546.7989743,0.0,-7.930732088052947e-05,29.77995194630087,0.0,443.42153555854657,0.0,-0.0,4455087999.999989,-0.46304829523165986,-0.8863330504291563,-0.0
149599478.23930162,286566754.62595904,0.0,-7.931367835015677e-05,29.779951934125034,0.0,443.42153555854657,0.0,-0.0,4455087999.999989,-0.46291213889544935,-0.8864041694753247,-0.0
149599477.95376095,286673962.4529,0.0,-7.932003021513685e-05,29.77995192195538,0.0,443.42153555854657,0.0,-0.0,4455087999.999989,-0.4627760516966985,-0.886475225810634,-0.0
149599477.66819742,286781170.27979714,0.0,-7.932637648160765e-05,29.779951909791905,0.0,443.42153555854657,0.0,-0.0,4455087999.9999895,-0.46264003359368644,-0.8865462195037733,-0.0
149599477.38261107,286888378.10665053,0.0,-7.933271715569944e-05,29.779951897634604,0.0,443.42153555854657,0.0,-0.0,4455087999.9999895,-0.4625040845447094,-0.8866171506233456,-0.0
149599477.09700188,286995585.9334601,0.0,-7.93390522435348e-05,29.779951885483474,0.0,443.4215355585465,0.0,-0.0,4455087999.999989,-0.4623682045080814,-0.8866880192378677,-0.0
149599476.8113699,287102793.760226,0.0,-7.93453817512286e-05,29.77995187333851,0.0,443.4215355585465,0.0,-0.0,4455087999.9999895,-0.4622323934421337,-0.8867588254157703,-0.0
149599476.52571514,287210001.58694816,0.0,-7.93517056848881e-05,29.779951861199713,0.0,443.42153555854645,0.0,-0.0,4455087999.9999895,-0.46209665130521504,-0.8868295692253989,-0.0
149599476.24003762,287317209.4136266,0.0,-7.935802405061284e-05,29.779951849067075,0.0,443.42153555854657,0.0,-0.0,4455087999.9999895,-0.461960978055692,-0.8869002507350128,-0.0
149599475.95433736,287424417.24026144,0.0,-7.936433685449477e-05,29.77995183694059,0.0,443.4215355585465,0.0,-0.0,4455087999.999989,-0.4618253736519485,-0.8869708700127859,-0.0
149599475.6686144,287531625.0668526,0.0,-7.937064410261819e-05,29.77995182482026,0.0,443.4215355585465,0.0,-0.0,4455087999.999988,-0.46168983805238617,-0.8870414271268064,-0.0
149599475.38286874,287638832.8934002,0.0,-7.937694580105974e-05,29.779951812706077,0.0,443.42153555854657,0.0,-0.0,4455087999.999989,-0.46155437121542425,-0.8871119221450776,-0.0
149599475.0971004,287746040.7199041,0.0,-7.938324195588847e-05,29.779951800598038,0.0,443.42153555854645,0.0,-0.0,4455087999.9999895,-0.4614189730994997,-0.8871823551355172,-0.0
149599474.8113094,287853248.5463645,0.0,-7.938953257316582e-05,29.77995178849614,0.0,443.4215355585465,0.0,-0.0,4455087999.999989,-0.46128364366306723,-0.8872527261659581,-0.0
149599474.52549577,287960456.3727813,0.0,-7.939581765894565e-05,29.77995177640038,0.0,443.42153555854645,0.0,-0.0,4455087999.999989,-0.46114838286459875,-0.8873230353041475,-0.0
149599474.23965952,288067664.19915456,0.0,-7.94020972192742e-05,29.779951764310756,0.0,443.42153555854645,0.0,-0.0,4455087999.999989,-0.4610131906625848,-0.8873932826177485,-0.0
149599473.95380068,288174872.0254843,0.0,-7.940837126019016e-05,29.77995175222726,0.0,443.42153555854634,0.0,-0.0,4455087999.999989,-0.46087806701553274,-0.8874634681743391,-0.0
149599473.66791925,288282079.8517706,0.0,-7.941463978772465e-05,29.77995174014989,0.0,443.4215355585464,0.0,-0.0,4455087999.999989,-0.4607430118819683,-0.8875335920414125,-0.0
149599473.38201526,288389287.6780134,0.0,-7.942090280790123e-05,29.779951728078643,0.0,443.42153555854645,0.0,-0.0,4455087999.999988,-0.46060802522043504,-0.8876036542863774,-0.0
149599473.09608874,288496495.50421274,0.0,-7.94271603267359e-05,29.779951716013514,0.0,443.4215355585464,0.0,-0.0,4455087999.999988,-0.46047310698949406,-0.8876736549765584,-0.0
149599472.81013972,288603703.3303687,0.0,-7.943341235023718e-05,29.779951703954502,0.0,443.4215355585464,0.0,-0.0,4455087999.999989,-0.46033825714772447,-0.8877435941791951,-0.0
149599472.5241682,288710911.15648127,0.0,-7.943965888440599e-05,29.7799516919016,0.0,443.4215355585464,0.0,-0.0,4455087999.999988,-0.4602034756537232,-0.8878134719614434,-0.0
149599472.2381742,288818118.98255044,0.0,-7.94458999352358e-05,29.779951679854808,0.0,443.42153555854645,0.0,-0.0,4455087999.999989,-0.46006876246610545,-0.8878832883903753,-0.0
149599471.95215774,288925326.8085762,0.0,-7.945213550871252e-05,29.779951667814117,0.0,443.42153555854645,0.0,-0.0,4455087999.999989,-0.4599341175435037,-0.8879530435329778,-0.0
149599471.66611883,289032534.6345587,0.0,-7.945836561081461e-05,29.779951655779527,0.0,443.42153555854634,0.0,-0.0,4455087999.999989,-0.45979954084456903,-0.8880227374561552,-0.0
149599471.3800575,289139742.46049786,0.0,-7.946459024751301e-05,29.779951643751033,0.0,443.42153555854634,0.0,-0.0,4455087999.999988,-0.4596650323279703,-0.8880923702267272,-0.0
149599471.0939738,289246950.2863937,0.0,-7.947080942477121e-05,29.779951631728633,0.0,443.42153555854634,0.0,-0.0,4455087999.999989,-0.4595305919523938,-0.88816194191143,-0.0
149599470.80786768,289354158.1122463,0.0,-7.947702314854521e-05,29.77995161971232,0.0,443.4215355585463,0.0,-0.0,4455087999.999988,-0.45939621967654504,-0.8882314525769167,-0.0
149599470.5217392,289461365.93805563,0.0,-7.948323142478358e-05,29.779951607702095,0.0,443.4215355585462,0.0,-0.0,4455087999.999988,-0.4592619154591465,-0.8883009022897566,-0.0
149599470.2355884,289568573.7638218,0.0,-7.948943425942742e-05,29.779951595697952,0.0,443.4215355585462,0.0,-0.0,4455087999.999987,-0.4591276792589394,-0.8883702911164355,-0.0
149599469.94941527,289675781.5895447,0.0,-7.949563165841042e-05,29.779951583699887,0.0,443.4215355585462,0.0,-0.0,4455087999.999986,-0.45899351103468267,-0.8884396191233564,-0.0
149599469.66321984,289782989.41522443,0.0,-7.950182362765883e-05,29.779951571707898,0.0,443.4215355585463,0.0,-0.0,4455087999.999986,-0.4588594107451537,-0.8885088863768389,-0.0
149599469.37700215,289890197.240861,0.0,-7.950801017309148e-05,29.77995155972198,0.0,443.42153555854634,0.0,-0.0,4455087999.999988,-0.4587253783491479,-0.8885780929431195,-0.0
149599469.0907622,289997405.0664544,0.0,-7.95141913006198e-05,29.779951547742126,0.0,443.4215355585462,0.0,-0.0,4455087999.999988,-0.4585914138054788,-0.8886472388883523,-0.0
149599468.80449998,290104612.8920047,0.0,-7.952036701614783e-05,29.779951535768337,0.0,443.4215355585462,0.0,-0.0,4455087999.999987,-0.4584575170729782,-0.8887163242786079,-0.0
149599468.51821557,290211820.71751195,0.0,-7.952653732557222e-05,29.77995152380061,0.0,443.4215355585463,0.0,-0.0,4455087999.999988,-0.45832368811049606,-0.8887853491798752,-0.0
149599468.23190895,290319028.5429761,0.0,-7.953270223478223e-05,29.779951511838934,0.0,443.4215355585462,0.0,-0.0,4455087999.999989,-0.45818992687690074,-0.8888543136580598,-0.0
149599467.94558012,290426236.3683972,0.0,-7.953886174965977e-05,29.779951499883314,0.0,443.4215355585463,0.0,-0.0,4455087999.999988,-0.4580562333310786,-0.8889232177789848,-0.0
149599467.65922913,290533444.19377524,0.0,-7.95450158760794e-05,29.779951487933744,0.0,443.4215355585463,0.0,-0.0,4455087999.999987,-0.4579226074319346,-0.8889920616083916,-0.0
149599467.372856,290640652.0191103,0.0,-7.955116461990829e-05,29.779951475990217,0.0,443.4215355585463,0.0,-0.0,4455087999.999987,-0.4577890491383917,-0.8890608452119388,-0.0
149599467.08646074,290747859.8444024,0.0,-7.955730798700634e-05,29.779951464052733,0.0,443.4215355585464,0.0,-0.0,4455087999.999988,-0.45765555840939165,-0.8891295686552033,-0.0
149599466.80004337,290855067.6696515,0.0,-7.956344598322607e-05,29.779951452121285,0.0,443.42153555854634,0.0,-0.0,4455087999.999987,-0.4575221352038942,-0.8891982320036795,-0.0
149599466.51360393,290962275.49485767,0.0,-7.95695786144127e-05,29.77995144019587,0.0,443.42153555854634,0.0,-0.0,4455087999.999987,-0.4573887794808775,-0.8892668353227805,-0.0
149599466.22714242,291069483.3200209,0.0,-7.957570588640415e-05,29.779951428276487,0.0,443.4215355585463,0.0,-0.0,4455087999.999987,-0.4572554911993383,-0.889335378677837,-0.0
149599465.94065887,291176691.14514124,0.0,-7.958182780503103e-05,29.77995141636313,0.0,443.4215355585463,0.0,-0.0,4455087999.999988,-0.4571222703182917,-0.8894038621340985,-0.0
149599465.6541533,291283898.9702187,0.0,-7.958794437611668e-05,29.779951404455797,0.0,443.4215355585464,0.0,-0.0,4455087999.999988,-0.4569891167967713,-0.8894722857567329,-0.0
149599465.36762568,291391106.79525334,0.0,-7.959405560547712e-05,29.779951392554484,0.0,443.4215355585464,0.0,-0.0,4455087999.999988,-0.45685603059382884,-0.889540649610826,-0.0
149599465.0810761,291498314.6202451,0.0,-7.960016149892114e-05,29.779951380659185,0.0,443.4215355585464,0.0,-0.0,4455087999.999988,-0.45672301166853496,-0.8896089537613834,-0.0
149599464.79450452,291605522.44519407,0.0,-7.960626206225026e-05,29.779951368769897,0.0,443.4215355585463,0.0,-0.0,4455087999.999988,-0.4565900599799787,-0.8896771982733285,-0.0
149599464.507911,291712730.27010024,0.0,-7.961235730125875e-05,29.77995135688662,0.0,443.4215355585464,0.0,-0.0,4455087999.999988,-0.4564571754872676,-0.8897453832115039,-0.0
149599464.22129554,291819938.09496367,0.0,-7.961844722173365e-05,29.779951345009348,0.0,443.4215355585464,0.0,-0.0,4455087999.999988,-0.45632435814952776,-0.889813508640671,-0.0
149599463.93465817,291927145.9197843,0.0,-7.962453182945475e-05,29.779951333138076,0.0,443.4215355585464,0.0,-0.0,4455087999.999988,-0.45619160792590396,-0.8898815746255107,-0.0
149599463.6479989,292034353.74456227,0.0,-7.963061113019464e-05,29.7799513212728,0.0,443.42153555854634,0.0,-0.0,4455087999.999987,-0.4560589247755594,-0.8899495812306226,-0.0
149599463.36131775,292141561.5692975,0.0,-7.963668512971867e-05,29.77995130941352,0.0,443.4215355585464,0.0,-0.0,4455087999.999986,-0.455926308657676,-0.8900175285205261,-0.0
149599463.07461476,292248769.39399004,0.0,-7.964275383378502e-05,29.779951297560228,0.0,443.42153555854634,0.0,-0.0,4455087999.999987,-0.4557937595314547,-0.8900854165596594,-0.0
149599462.78788993,292355977.2186399,0.0,-7.964881724814467e-05,29.779951285712922,0.0,443.42153555854634,0.0,-0.0,4455087999.999987,-0.45566127735611417,-0.8901532454123807,-0.0
149599462.50114328,292463185.04324716,0.0,-7.96548753785414e-05,29.7799512738716,0.0,443.4215355585463,0.0,-0.0,4455087999.999986,-0.4555288620908929,-0.8902210151429679,-0.0
149599462.21437484,292570392.8678118,0.0,-7.966092823071185e-05,29.779951262036256,0.0,443.4215355585463,0.0,-0.0,4455087999.999986,-0.45539651369504713,-0.8902887258156181,-0.0
149599461.92758462,292677600.6923338,0.0,-7.966697581038548e-05,29.77995125020689,0.0,443.4215355585462,0.0,-0.0,4455087999.999987,-0.45526423212785233,-0.8903563774944485,-0.0
149599461.64077264,292784808.5168133,0.0,-7.967301812328458e-05,29.779951238383493,0.0,443.4215355585462,0.0,-0.0,4455087999.999987,-0.4551320173486027,-0.8904239702434965,-0.0
149599461.3539389,292892016.3412502,0.0,-7.967905517512432e-05,29.779951226566066,0.0,443.42153555854617,0.0,-0.0,4455087999.999987,-0.4549998693166111,-0.8904915041267193,-0.0
149599461.06708345,292999224.1656446,0.0,-7.968508697161274e-05,29.779951214754604,0.0,443.42153555854617,0.0,-0.0,4455087999.999986,-0.45486778799120925,-0.890558979207994,-0.0
149599460.7802063,293106431.98999643,0.0,-7.969111351845074e-05,29.779951202949103,0.0,443.42153555854617,0.0,-0.0,4455087999.999986,-0.4547357733317476,-0.8906263955511187,-0.0
149599460.49330744,293213639.8143058,0.0,-7.96971348213321e-05,29.77995119114956,0.0,443.4215355585462,0.0,-0.0,4455087999.999986,-0.45460382529759524,-0.8906937532198109,-0.0
149599460.20638692,293320847.6385727,0.0,-7.97031508859435e-05,29.779951179355972,0.0,443.4215355585462,0.0,-0.0,4455087999.999987,-0.4544719438481408,-0.8907610522777095,-0.0
149599459.91944477,293428055.46279716,0.0,-7.970916171796455e-05,29.77995116756833,0.0,443.42153555854617,0.0,-0.0,4455087999.999987,-0.45434012894279097,-0.8908282927883735,-0.0
149599459.63248098,293535263.2869792,0.0,-7.971516732306773e-05,29.779951155786637,0.0,443.42153555854617,0.0,-0.0,4455087999.999987,-0.45420838054097185,-0.8908954748152825,-0.0
149599459.34549558,293642471.11111885,0.0,-7.972116770691848e-05,29.779951144010887,0.0,443.4215355585461,0.0,-0.0,4455087999.999987,-0.45407669860212824,-0.8909625984218372,-0.0
149599459.05848858,293749678.9352161,0.0,-7.972716287517514e-05,29.779951132241077,0.0,443.4215355585462,0.0,-0.0,4455087999.999987,-0.45394508308572373,-0.8910296636713592,-0.0
149599458.77146,293856886.759271,0.0,-7.973315283348902e-05,29.7799511204772,0.0,443.4215355585461,0.0,-0.0,4455087999.999987,-0.4538135339512413,-0.8910966706270906,-0.0
149599458.48440987,293964094.5832836,0.0,-7.973913758750437e-05,29.779951108719256,0.0,443.4215355585461,0.0,-0.0,4455087999.999987,-0.45368205115818233,-0.8911636193521952,-0.0
149599458.19733822,294071302.40725386,0.0,-7.974511714285839e-05,29.779951096967242,0.0,443.42153555854617,0.0,-0.0,4455087999.999987,-0.4535506346660678,-0.8912305099097578,-0.0
149599457.91024506,294178510.2311818,0.0,-7.975109150518127e-05,29.779951085221153,0.0,443.4215355585461,0.0,-0.0,4455087999.999987,-0.4534192844344373,-0.8912973423627846,-0.0
149599457.62313038,294285718.0550675,0.0,-7.975706068009616e-05,29.779951073480984,0.0,443.42153555854617,0.0,-0.0,4455087999.999987,-0.45328800042284934,-0.8913641167742029,-0.0
149599457.3359942,294392925.8789109,0.0,-7.976302467321921e-05,29.779951061746733,0.0,443.42153555854617,0.0,-0.0,4455087999.999987,-0.4531567825908818,-0.8914308332068621,-0.0
149599457.0488366,294500133.70271206,0.0,-7.976898349015958e-05,29.779951050018393,0.0,443.42153555854605,0.0,-0.0,4455087999.999986,-0.45302563089813147,-0.8914974917235324,-0.0
149599456.76165754,294607341.526471,0.0,-7.977493713651941e-05,29.779951038295966,0.0,443.42153555854617,0.0,-0.0,4455087999.999986,-0.4528945453042142,-0.8915640923869069,-0.0
149599456.47445706,294714549.3501878,0.0,-7.978088561789388e-05,29.779951026579447,0.0,443.4215355585461,0.0,-0.0,4455087999.999986,-0.452763525768765,-0.8916306352595994,-0.0
149599456.18723518,294821757.1738624,0.0,-7.978682893987117e-05,29.77995101486883,0.0,443.42153555854605,0.0,-0.0,4455087999.999987,-0.4526325722514379,-0.8916971204041465,-0.0
149599455.8999919,294928964.9974949,0.0,-7.979276710803253e-05,29.77995100316411,0.0,443.4215355585461,0.0,-0.0,4455087999.999987,-0.4525016847119061,-0.8917635478830063,-0.0
149599455.61272725,295036172.8210852,0.0,-7.979870012795223e-05,29.779950991465288,0.0,443.4215355585461,0.0,-0.0,4455087999.999987,-0.45237086310986185,-0.8918299177585592,-0.0
149599455.32544127,295143380.6446334,0.0,-7.98046280051976e-05,29.77995097977236,0.0,443.42153555854605,0.0,-0.0,4455087999.999986,-0.452240107405017,-0.8918962300931083,-0.0
149599455.03813395,295250588.4681395,0.0,-7.981055074532905e-05,29.779950968085316,0.0,443.4215355585461,0.0,-0.0,4455087999.999987,-0.4521094175571021,-0.8919624849488782,-0.0
149599454.75080532,295357796.2916036,0.0,-7.981646835390002e-05,29.77995095640416,0.0,443.42153555854605,0.0,-0.0,4455087999.999987,-0.45197879352586706,-0.8920286823880169,-0.0
149599454.46345538,295465004.11502564,0.0,-7.982238083645709e-05,29.779950944728885,0.0,443.421535558546,0.0,-0.0,4455087999.999986,-0.45184823527108114,-0.8920948224725944,-0.0
149599454.17608416,295572211.93840563,0.0,-7.982828819853988e-05,29.77995093305949,0.0,443.42153555854605,0.0,-0.0,4455087999.999986,-0.4517177427525327,-0.8921609052646035,-0.0
149599453.8886917,295679419.76174366,0.0,-7.983419044568115e-05,29.779950921395965,0.0,443.421535558546,0.0,-0.0,4455087999.999986,-0.4515873159300293,-0.8922269308259597,-0.0
149599453.60127798,295786627.5850397,0.0,-7.984008758340674e-05,29.779950909738314,0.0,443.42153555854605,0.0,-0.0,4455087999.999986,-0.45145695476339803,-0.8922928992185017,-0.0
149599453.31384304,295893835.4082938,0.0,-7.984597961723562e-05,29.77995089808653,0.0,443.421535558546,0.0,-0.0,4455087999.999985,-0.45132665921248494,-0.8923588105039908,-0.0
149599453.02638692,296001043.23150593,0.0,-7.985186655267988e-05,29.77995088644061,0.0,443.4215355585461,0.0,-0.0,4455087999.999985,-0.45119642923715564,-0.8924246647441119,-0.0
149599452.7389096,296108251.0546762,0.0,-7.985774839524477e-05,29.779950874800548,0.0,443.42153555854605,0.0,-0.0,4455087999.999985,-0.451066264797295,-0.8924904620004722,-0.0
149599452.45141113,296215458.8778045,0.0,-7.986362515042867e-05,29.77995086316634,0.0,443.421535558546,0.0,-0.0,4455087999.999984,-0.4509361658528072,-0.8925562023346034,-0.0
149599452.1638915,296322666.70089096,0.0,-7.986949682372312e-05,29.77995085153799,0.0,443.421535558546,0.0,-0.0,4455087999.999985,-0.45080613236361594,-0.8926218858079596,-0.0
149599451.87635073,296429874.52393556,0.0,-7.987536342061281e-05,29.779950839915486,0.0,443.42153555854605,0.0,-0.0,4455087999.999984,-0.45067616428966406,-0.8926875124819187,-0.0
149599451.58878887,296537082.3469383,0.0,-7.988122494657562e-05,29.77995082829883,0.0,443.42153555854605,0.0,-0.0,4455087999.999984,-0.4505462615909138,-0.8927530824177825,-0.0
149599451.3012059,296644290.1698993,0.0,-7.988708140708263e-05,29.779950816688014,0.0,443.42153555854605,0.0,-0.0,4455087999.999983,-0.4504164242273471,-0.892818595676776,-0.0
149599451.01360187,296751497.9928185,0.0,-7.989293280759806e-05,29.779950805083036,0.0,443.42153555854594,0.0,-0.0,4455087999.999983,-0.45028665215896496,-0.8928840523200486,-0.0
149599450.7259768,296858705.8156959,0.0,-7.989877915357938e-05,29.779950793483895,0.0,443.421535558546,0.0,-0.0,4455087999.999984,-0.45015694534578804,-0.8929494524086731,-0.0
149599450.43833068,296965913.63853157,0.0,-7.990462045047725e-05,29.779950781890584,0.0,443.421535558546,0.0,-0.0,4455087999.999984,-0.4500273037478565,-0.8930147960036466,-0.0
149599450.15066352,297073121.4613255,0.0,-7.991045670373555e-05,29.779950770303103,0.0,443.421535558546,0.0,-0.0,4455087999.999984,-0.4498977273252298,-0.8930800831658902,-0.0
149599449.8629754,297180329.28407776,0.0,-7.99162879187914e-05,29.779950758721444,0.0,443.42153555854605,0.0,-0.0,4455087999.999983,-0.44976821603798695,-0.8931453139562491,-0.0
149599449.57526627,297287537.10678834,0.0,-7.992211410107514e-05,29.779950747145605,0.0,443.421535558546,0.0,-0.0,4455087999.999983,-0.44963876984622664,-0.893210488435493,-0.0
149599449.28753617,297394744.92945725,0.0,-7.992793525601038e-05,29.779950735575586,0.0,443.4215355585461,0.0,-0.0,4455087999.999983,-0.44950938871006696,-0.8932756066643162,-0.0
149599448.99978513,297501952.7520845,0.0,-7.993375138901397e-05,29.77995072401138,0.0,443.4215355585461,0.0,-0.0,4455087999.999984,-0.4493800725896452,-0.893340668703337,-0.0
149599448.71201316,297609160.57467014,0.0,-7.993956250549601e-05,29.77995071245298,0.0,443.42153555854605,0.0,-0.0,4455087999.999983,-0.44925082144511885,-0.8934056746130987,-0.0
149599448.42422026,297716368.3972142,0.0,-7.994536861085989e-05,29.77995070090039,0.0,443.4215355585461,0.0,-0.0,4455087999.999983,-0.44912163523666443,-0.8934706244540693,-0.0
149599448.13640648,297823576.2197166,0.0,-7.995116971050229e-05,29.7799506893536,0.0,443.4215355585461,0.0,-0.0,4455087999.999983,-0.4489925139244784,-0.8935355182866416,-0.0
149599447.84857184,297930784.0421775,0.0,-7.995696580981318e-05,29.77995067781261,0.0,443.4215355585461,0.0,-0.0,4455087999.999983,-0.44886345746877676,-0.8936003561711329,-0.0
149599447.56071633,298037991.86459684,0.0,-7.996275691417582e-05,29.77995066627742,0.0,443.4215355585462,0.0,-0.0,4455087999.999983,-0.4487344658297948,-0.8936651381677864,-0.0
149599447.27284,298145199.6869747,0.0,-7.996854302896678e-05,29.779950654748017,0.0,443.42153555854617,0.0,-0.0,4455087999.999983,-0.44860553896778804,-0.8937298643367696,-0.0
149599446.98494282,298252407.5093111,0.0,-7.997432415955596e-05,29.779950643224403,0.0,443.42153555854617,0.0,-0.0,4455087999.999983,-0.44847667684303083,-0.8937945347381756,-0.0
149599446.69702485,298359615.331606,0.0,-7.998010031130657e-05,29.779950631706576,0.0,443.4215355585462,0.0,-0.0,4455087999.999983,-0.4483478794158179,-0.8938591494320228,-0.0
149599446.4090861,298466823.1538594,0.0,-7.998587148957518e-05,29.77995062019453,0.0,443.4215355585462,0.0,-0.0,4455087999.999983,-0.44821914664646334,-0.8939237084782551,-0.0
149599446.1211266,298574030.97607136,0.0,-7.99916376997117e-05,29.77995060868826,0.0,443.42153555854617,0.0,-0.0,4455087999.999983,-0.4480904784953011,-0.8939882119367414,-0.0
149599445.83314633,298681238.7982419,0.0,-7.999739894705936e-05,29.779950597187767,0.0,443.4215355585462,0.0,-0.0,4455087999.999984,-0.4479618749226845,-0.8940526598672771,-0.0
149599445.54514533,298788446.6203711,0.0,-8.00031552369548e-05,29.779950585693044,0.0,443.4215355585462,0.0,-0.0,4455087999.999984,-0.44783333588898716,-0.8941170523295826,-0.0
149599445.25712362,298895654.4424589,0.0,-8.0008906574728e-05,29.779950574204086,0.0,443.4215355585463,0.0,-0.0,4455087999.999984,-0.4477048613546017,-0.8941813893833045,-0.0
149599444.96908122,299002862.2645054,0.0,-8.001465296570234e-05,29.779950562720895,0.0,443.42153555854634,0.0,-0.0,4455087999.999984,-0.44757645127994106,-0.8942456710880151,-0.0
149599444.68101814,299110070.08651054,0.0,-8.002039441519458e-05,29.779950551243463,0.0,443.42153555854634,0.0,-0.0,4455087999.999984,-0.44744810562543763,-0.8943098975032129,-0.0
149599444.39293438,299217277.9084744,0.0,-8.002613092851488e-05,29.779950539771786,0.0,443.4215355585463,0.0,-0.0,4455087999.999984,-0.44731982435154366,-0.8943740686883225,-0.0
149599444.10483,299324485.7303969,0.0,-8.003186251096682e-05,29.779950528305864,0.0,443.42153555854634,0.0,-0.0,4455087999.999984,-0.4471916074187313,-0.8944381847026944,-0.0
149599443.816705,299431693.5522782,0.0,-8.003758916784737e-05,29.77995051684569,0.0,443.42153555854634,0.0,-0.0,4455087999.999984,-0.44706345478749254,-0.8945022456056059,-0.0
149599443.52855936,299538901.37411827,0.0,-8.004331090444696e-05,29.779950505391263,0.0,443.4215355585462,0.0,-0.0,4455087999.999984,-0.44693536641833886,-0.8945662514562603,-0.0
149599443.24039313,299646109.19591707,0.0,-8.004902772604941e-05,29.77995049394258,0.0,443.4215355585463,0.0,-0.0,4455087999.999983,-0.4468073422718018,-0.8946302023137879,-0.0
149599442.95220634,299753317.0176747,0.0,-8.005473963793203e-05,29.779950482499633,0.0,443.4215355585463,0.0,-0.0,4455087999.999984,-0.4466793823084328,-0.894694098237245,-0.0
149599442.66399902,299860524.8393911,0.0,-8.006044664536554e-05,29.779950471062424,0.0,443.42153555854634,0.0,-0.0,4455087999.999984,-0.4465514864888031,-0.894757939285615,-0.0
149599442.37577114,299967732.66106635,0.0,-8.006614875361415e-05,29.779950459630946,0.0,443.42153555854634,0.0,-0.0,4455087999.999984,-0.4464236547735038,-0.894821725517808,-0.0
149599442.08752275,300074940.48270047,0.0,-8.007184596793553e-05,29.779950448205195,0.0,443.4215355585463,0.0,-0.0,4455087999.999983,-0.4462958871231459,-0.8948854569926613,-0.0
149599441.79925385,300182148.30429345,0.0,-8.007753829358081e-05,29.77995043678517,0.0,443.4215355585463,0.0,-0.0,4455087999.999984,-0.44616818349836007,-0.8949491337689387,-0.0
149599441.51096448,300289356.1258453,0.0,-8.008322573579464e-05,29.779950425370867,0.0,443.4215355585463,0.0,-0.0,4455087999.999984,-0.4460405438597974,-0.8950127559053314,-0.0
149599441.22265464,300396563.9473561,0.0,-8.008890829981513e-05,29.779950413962283,0.0,443.42153555854634,0.0,-0.0,4455087999.999984,-0.4459129681681285,-0.8950763234604576,-0.0
149599440.93432435,300503771.7688258,0.0,-8.009458599087393e-05,29.77995040255941,0.0,443.42153555854634,0.0,-0.0,4455087999.999984,-0.4457854563840439,-0.8951398364928631,-0.0
149599440.64597362,300610979.59025455,0.0,-8.010025881419617e-05,29.77995039116225,0.0,443.4215355585463,0.0,-0.0,4455087999.999983,-0.4456580084682543,-0.8952032950610209,-0.0
149599440.35760248,300718187.4116422,0.0,-8.010592677500051e-05,29.779950379770796,0.0,443.42153555854634,0.0,-0.0,4455087999.999984,-0.44553062438149027,-0.8952666992233317,-0.0
149599440.06921095,300825395.2329889,0.0,-8.011158987849916e-05,29.779950368385045,0.0,443.4215355585462,0.0,-0.0,4455087999.999983,-0.44540330408450235,-0.8953300490381234,-0.0
149599439.78079903,300932603.0542946,0.0,-8.011724812989785e-05,29.779950357004996,0.0,443.4215355585463,0.0,-0.0,4455087999.999982,-0.44527604753806105,-0.8953933445636517,-0.0
149599439.49236676,301039810.87555933,0.0,-8.012290153439586e-05,29.779950345630642,0.0,443.42153555854617,0.0,-0.0,4455087999.999982,-0.44514885470295706,-0.8954565858581006,-0.0
149599439.20391414,301147018.6967831,0.0,-8.012855009718603e-05,29.779950334261983,0.0,443.4215355585462,0.0,-0.0,4455087999.999982,-0.44502172554000063,-0.895519772979581,-0.0
149599438.9154412,301254226.51796603,0.0,-8.013419382345475e-05,29.779950322899015,0.0,443.4215355585463,0.0,-0.0,4455087999.999982,-0.4448946600100226,-0.8955829059861328,-0.0
149599438.62694794,301361434.33910805,0.0,-8.013983271838201e-05,29.779950311541732,0.0,443.4215355585463,0.0,-0.0,4455087999.999982,-0.4447676580738733,-0.8956459849357233,-0.0
149599438.3384344,301468642.1602092,0.0,-8.014546678714137e-05,29.779950300190134,0.0,443.4215355585463,0.0,-0.0,4455087999.999983,-0.44464071969242386,-0.8957090098862484,-0.0
149599438.0499006,301575849.9812694,0.0,-8.015109603489996e-05,29.779950288844212,0.0,443.4215355585463,0.0,-0.0,4455087999.999983,-0.4445138448265646,-0.8957719808955318,-0.0
149599437.76134652,301683057.80228883,0.0,-8.015672046681853e-05,29.779950277503968,0.0,443.4215355585463,0.0,-0.0,4455087999.999983,-0.44438703343720637,-0.8958348980213257,-0.0
149599437.4727722,301790265.6232674,0.0,-8.016234008805143e-05,29.779950266169394,0.0,443.4215355585463,0.0,-0.0,4455087999.999983,-0.44426028548528035,-0.8958977613213113,-0.0
149599437.18417767,301897473.4442052,0.0,-8.016795490374664e-05,29.77995025484049,0.0,443.4215355585463,0.0,-0.0,4455087999.999982,-0.4441336009317373,-0.8959605708530975,-0.0
149599436.89556292,302004681.26510227,0.0,-8.017356491904575e-05,29.779950243517252,0.0,443.42153555854634,0.0,-0.0,4455087999.999983,-0.44400697973754827,-0.8960233266742225,-0.0
149599436.606928,302111889.08595854,0.0,-8.0179170139084e-05,29.779950232199674,0.0,443.4215355585463,0.0,-0.0,4455087999.999982,-0.44388042186370463,-0.8960860288421529,-0.0
149599436.3182729,302219096.9067741,0.0,-8.018477056899024e-05,29.779950220887756,0.0,443.4215355585463,0.0,-0.0,4455087999.999982,-0.44375392727121754,-0.8961486774142843,-0.0
149599436.02959764,302326304.72754896,0.0,-8.019036621388699e-05,29.779950209581493,0.0,443.4215355585463,0.0,-0.0,4455087999.999982,-0.4436274959211186,-0.8962112724479412,-0.0
149599435.74090225,302433512.5482831,0.0,-8.019595707889044e-05,29.77995019828088,0.0,443.4215355585462,0.0,-0.0,4455087999.999981,-0.4435011277744596,-0.8962738140003772,-0.0
149599435.45218673,302540720.3689766,0.0,-8.020154316911044e-05,29.779950186985914,0.0,443.4215355585462,0.0,-0.0,4455087999.999981,-0.4433748227923122,-0.8963363021287745,-0.0
149599435.16345114,302647928.18962944,0.0,-8.02071244896505e-05,29.779950175696595,0.0,443.4215355585462,0.0,-0.0,4455087999.999981,-0.4432485809357684,-0.8963987368902455,-0.0
149599434.87469545,302755136.0102416,0.0,-8.021270104560782e-05,29.779950164412917,0.0,443.4215355585462,0.0,-0.0,4455087999.999981,-0.4431224021659405,-0.8964611183418312,-0.0
149599434.5859197,302862343.8308132,0.0,-8.021827284207331e-05,29.779950153134877,0.0,443.42153555854634,0.0,-0.0,4455087999.999982,-0.4429962864439608,-0.8965234465405019,-0.0
149599434.2971239,302969551.65134424,0.0,-8.022383988413157e-05,29.779950141862468,0.0,443.4215355585462,0.0,-0.0,4455087999.999981,-0.44287023373098205,-0.896585721543158,-0.0
149599434.00830808,303076759.47183466,0.0,-8.02294021768609e-05,29.77995013059569,0.0,443.4215355585462,0.0,-0.0,4455087999.999982,-0.44274424398817686,-0.8966479434066291,-0.0
149599433.71947223,303183967.29228455,0.0,-8.023495972533333e-05,29.77995011933454,0.0,443.4215355585462,0.0,-0.0,4455087999.999982,-0.4426183171767384,-0.8967101121876747,-0.0
149599433.43061638,303291175.1126939,0.0,-8.024051253461462e-05,29.779950108079014,0.0,443.4215355585462,0.0,-0.0,4455087999.999981,-0.44249245325788,-0.8967722279429838,-0.0
149599433.14174056,303398382.93306273,0.0,-8.024606060976425e-05,29.779950096829108,0.0,443.4215355585463,0.0,-0.0,4455087999.999982,-0.44236665219283516,-0.8968342907291754,-0.0
149599432.85284477,303505590.7533911,0.0,-8.025160395583546e-05,29.77995008558482,0.0,443.4215355585462,0.0,-0.0,4455087999.999983,-0.44224091394285797,-0.8968963006027987,-0.0
149599432.56392902,303612798.573679,0.0,-8.025714257787522e-05,29.779950074346143,0.0,443.4215355585462,0.0,-0.0,4455087999.999983,-0.442115238469222,-0.8969582576203325,-0.0
149599432.27499336,303720006.3939264,0.0,-8.026267648092428e-05,29.779950063113077,0.0,443.4215355585462,0.0,-0.0,4455087999.999983,-0.441989625733222,-0.8970201618381866,-0.0
149599431.98603776,303827214.2141334,0.0,-8.026820567001715e-05,29.779950051885617,0.0,443.4215355585463,0.0,-0.0,4455087999.999983,-0.4418640756961727,-0.8970820133126999,-0.0
149599431.69706228,303934422.03429997,0.0,-8.027373015018212e-05,29.77995004066376,0.0,443.4215355585463,0.0,-0.0,4455087999.999983,-0.4417385883194089,-0.8971438121001425,-0.0
149599431.40806693,304041629.85442615,0.0,-8.027924992644126e-05,29.7799500294475,0.0,443.4215355585463,0.0,-0.0,4455087999.999983,-0.441613163564286,-0.8972055582567148,-0.0
149599431.1190517,304148837.67451197,0.0,-8.028476500381043e-05,29.77995001823684,0.0,443.4215355585463,0.0,-0.0,4455087999.999983,-0.44148780139217964,-0.8972672518385474,-0.0
149599430.8300166,304256045.49455744,0.0,-8.02902753872993e-05,29.77995000703177,0.0,443.4215355585463,0.0,-0.0,4455087999.999982,-0.44136250176448577,-0.897328892901702,-0.0
149599430.5409617,304363253.3145626,0.0,-8.029578108191135e-05,29.779949995832286,0.0,443.4215355585462,0.0,-0.0,4455087999.999983,-0.44123726464262075,-0.8973904815021708,-0.0
149599430.251887,304470461.13452744,0.0,-8.030128209264388e-05,29.779949984638392,0.0,443.4215355585463,0.0,-0.0,4455087999.999983,-0.44111208998802115,-0.8974520176958767,-0.0
149599429.9627925,304577668.954452,0.0,-8.030677842448801e-05,29.77994997345008,0.0,443.4215355585463,0.0,-0.0,4455087999.999983,-0.44098697776214413,-0.8975135015386734,-0.0
149599429.6736782,304684876.7743363,0.0,-8.03122700824287e-05,29.779949962267345,0.0,443.4215355585463,0.0,-0.0,4455087999.999983,-0.44086192792646706,-0.8975749330863461,-0.0
149599429.38454413,304792084.59418035,0.0,-8.031775707144474e-05,29.779949951090185,0.0,443.4215355585462,0.0,-0.0,4455087999.999983,-0.4407369404424878,-0.8976363123946106,-0.0
149599429.09539035,304899292.4139842,0.0,-8.03232393965088e-05,29.7799499399186,0.0,443.4215355585463,0.0,-0.0,4455087999.999983,-0.4406120152717244,-0.8976976395191143,-0.0
149599428.80621684,305006500.2337478,0.0,-8.032871706258736e-05,29.77994992875258,0.0,443.4215355585463,0.0,-0.0,4455087999.999984,-0.4404871523757156,-0.8977589145154355,-0.0
149599428.5170236,305113708.0534712,0.0,-8.033419007464082e-05,29.779949917592123,0.0,443.4215355585462,0.0,-0.0,4455087999.999983,-0.44036235171602034,-0.8978201374390842,-0.0
149599428.22781065,305220915.87315446,0.0,-8.033965843762344e-05,29.77994990643723,0.0,443.4215355585463,0.0,-0.0,4455087999.999983,-0.44023761325421806,-0.8978813083455014,-0.0
149599427.93857804,305328123.69279754,0.0,-8.034512215648335e-05,29.779949895287896,0.0,443.4215355585462,0.0,-0.0,4455087999.999982,-0.4401129369519087,-0.8979424272900604,-0.0
149599427.64932576,305435331.5124005,0.0,-8.035058123616258e-05,29.779949884144116,0.0,443.4215355585462,0.0,-0.0,4455087999.999982,-0.43998832277071254,-0.8980034943280651,-0.0
149599427.36005384,305542539.33196336,0.0,-8.035603568159707e-05,29.779949873005886,0.0,443.4215355585462,0.0,-0.0,4455087999.999982,-0.4398637706722703,-0.8980645095147521,-0.0
149599427.0707623,305649747.15148616,0.0,-8.036148549771664e-05,29.779949861873206,0.0,443.4215355585463,0.0,-0.0,4455087999.999982,-0.43973928061824324,-0.8981254729052895,-0.0
149599426.78145117,305756954.97096884,0.0,-8.036693068944506e-05,29.779949850746068,0.0,443.4215355585462,0.0,-0.0,4455087999.999982,-0.4396148525703131,-0.8981863845547772,-0.0
149599426.49212041,305864162.79041153,0.0,-8.037237126170002e-05,29.77994983962447,0.0,443.4215355585462,0.0,-0.0,4455087999.999982,-0.43949048649018185,-0.898247244518247,-0.0
149599426.20277008,305971370.60981417,0.0,-8.037780721939313e-05,29.779949828508414,0.0,443.4215355585463,0.0,-0.0,4455087999.999982,-0.43936618233957236,-0.8983080528506631,-0.0
149599425.9134002,306078578.4291768,0.0,-8.038323856742995e-05,29.77994981739789,0.0,443.4215355585462,0.0,-0.0,4455087999.999981,-0.43924194008022766,-0.8983688096069218,-0.0
149599425.62401077,306185786.24849945,0.0,-8.038866531070998e-05,29.779949806292894,0.0,443.4215355585462,0.0,-0.0,4455087999.999981,-0.43911775967391137,-0.8984295148418517,-0.0
149599425.33460182,306292994.0677821,0.0,-8.03940874541267e-05,29.779949795193428,0.0,443.4215355585462,0.0,-0.0,4455087999.999982,-0.43899364108240774,-0.8984901686102138,-0.0
149599425.04517335,306400201.8870248,0.0,-8.03995050025675e-05,29.779949784099486,0.0,443.4215355585463,0.0,-0.0,4455087999.999982,-0.43886958426752126,-0.8985507709667011,-0.0
149599424.75572538,306507409.7062276,0.0,-8.040491796091382e-05,29.779949773011065,0.0,443.4215355585463,0.0,-0.0,4455087999.999982,-0.4387455891910774,-0.8986113219659401,-0.0
149599424.46625793,306614617.5253905,0.0,-8.041032633404103e-05,29.779949761928158,0.0,443.4215355585463,0.0,-0.0,4455087999.999981,-0.4386216558149217,-0.8986718216624888,-0.0
149599424.17677101,306721825.34451354,0.0,-8.041573012681851e-05,29.779949750850765,0.0,443.4215355585463,0.0,-0.0,4455087999.999981,-0.43849778410092055,-0.8987322701108392,-0.0
149599423.88726467,306829033.1635967,0.0,-8.042112934410962e-05,29.779949739778882,0.0,443.4215355585462,0.0,-0.0,4455087999.999981,-0.4383739740109606,-0.8987926673654151,-0.0
149599423.5977389,306936240.98263997,0.0,-8.042652399077176e-05,29.779949728712506,0.0,443.42153555854617,0.0,-0.0,4455087999.999981,-0.4382502255069495,-0.8988530134805734,-0.0
149599423.3081937,307043448.80164343,0.0,-8.043191407165631e-05,29.779949717651633,0.0,443.42153555854617,0.0,-0.0,4455087999.99998,-0.43812653855081507,-0.8989133085106045,-0.0
149599423.01862913,307150656.6206071,0.0,-8.043729959160869e-05,29.77994970659626,0.0,443.42153555854605,0.0,-0.0,4455087999.999981,-0.43800291310450584,-0.8989735525097313,-0.0
149599422.72904518,307257864.4395309,0.0,-8.044268055546833e-05,29.779949695546385,0.0,443.42153555854617,0.0,-0.0,4455087999.999982,-0.4378793491299909,-0.8990337455321104,-0.0
149599422.43944186,307365072.258415,0.0,-8.044805696806873e-05,29.779949684502004,0.0,443.4215355585461,0.0,-0.0,4455087999.999982,-0.43775584658926014,-0.8990938876318314,-0.0
149599422.1498192,307472280.0772593,0.0,-8.045342883423742e-05,29.77994967346311,0.0,443.42153555854617,0.0,-0.0,4455087999.999982,-0.4376324054443236,-0.899153978862917,-0.0
149599421.8601772,307579487.8960639,0.0,-8.045879615879596e-05,29.779949662429704,0.0,443.42153555854617,0.0,-0.0,4455087999.999982,-0.4375090256572125,-0.899214019279324,-0.0
149599421.57051587,307686695.7148288,0.0,-8.046415894656002e-05,29.779949651401783,0.0,443.42153555854617,0.0,-0.0,4455087999.999983,-0.437385707189978,-0.8992740089349422,-0.0
149599421.28083524,307793903.533554,0.0,-8.046951720233931e-05,29.77994964037934,0.0,443.4215355585462,0.0,-0.0,4455087999.999982,-0.4372624500046925,-0.8993339478835956,-0.0
149599420.99113533,307901111.35223955,0.0,-8.047487093093761e-05,29.77994962936237,0.0,443.4215355585461,0.0,-0.0,4455087999.999981,-0.43713925406344867,-0.8993938361790409,-0.0
149599420.70141616,308008319.17088544,0.0,-8.048022013715281e-05,29.779949618350877,0.0,443.42153555854617,0.0,-0.0,4455087999.999981,-0.43701611932835993,-0.8994536738749699,-0.0
149599420.41167775,308115526.9894917,0.0,-8.048556482577687e-05,29.77994960734485,0.0,443.4215355585461,0.0,-0.0,4455087999.999982,-0.4368930457615604,-0.8995134610250072,-0.0
149599420.1219201,308222734.8080583,0.0,-8.049090500159588e-05,29.77994959634429,0.0,443.42153555854617,0.0,-0.0,4455087999.999981,-0.43677003332520475,-0.8995731976827119,-0.0
149599419.83214325,308329942.62658536,0.0,-8.049624066939e-05,29.779949585349193,0.0,443.42153555854617,0.0,-0.0,4455087999.999981,-0.4366470819814684,-0.8996328839015773,-0.0
149599419.5423472,308437150.4450728,0.0,-8.050157183393354e-05,29.779949574359556,0.0,443.4215355585461,0.0,-0.0,4455087999.999982,-0.4365241916925473,-0.8996925197350305,-0.0
149599419.25253195,308544358.2635208,0.0,-8.050689849999494e-05,29.779949563375375,0.0,443.42153555854617,0.0,-0.0,4455087999.999982,-0.4364013624206582,-0.8997521052364331,-0.0
149599418.96269754,308651566.08192915,0.0,-8.051222067233674e-05,29.779949552396644,0.0,443.42153555854605,0.0,-0.0,4455087999.999982,-0.4362785941280382,-0.899811640459081,-0.0
149599418.67284396,308758773.900298,0.0,-8.051753835571565e-05,29.779949541423363,0.0,443.4215355585461,0.0,-0.0,4455087999.999981,-0.4361558867769458,-0.8998711254562044,-0.0
149599418.38297126,308865981.7186274,0.0,-8.052285155488252e-05,29.77994953045553,0.0,443.42153555854605,0.0,-0.0,4455087999.999981,-0.43603324032965946,-0.8999305602809682,-0.0
149599418.09307945,308973189.5369173,0.0,-8.052816027458234e-05,29.779949519493137,0.0,443.4215355585461,0.0,-0.0,4455087999.999981,-0.43591065474847857,-0.8999899449864719,-0.0
149599417.80316854,309080397.3551678,0.0,-8.05334645195543e-05,29.779949508536184,0.0,443.42153555854605,0.0,-0.0,4455087999.999982,-0.43578812999572347,-0.9000492796257494,-0.0
149599417.51323852,309187605.1733788,0.0,-8.053876429453174e-05,29.779949497584667,0.0,443.4215355585461,0.0,-0.0,4455087999.999982,-0.43566566603373497,-0.9001085642517697,-0.0
149599417.22328943,309294812.99155045,0.0,-8.054405960424216e-05,29.779949486638582,0.0,443.42153555854605,0.0,-0.0,4455087999.999982,-0.43554326282487466,-0.9001677989174364,-0.0
149599416.9333213,309402020.80968267,0.0,-8.054935045340729e-05,29.779949475697926,0.0,443.42153555854605,0.0,-0.0,4455087999.999983,-0.4354209203315247,-0.9002269836755884,-0.0
149599416.64333412,309509228.6277755,0.0,-8.055463684674304e-05,29.779949464762694,0.0,443.42153555854605,0.0,-0.0,4455087999.999982,-0.43529863851608824,-0.9002861185789994,-0.0
149599416.35332793,309616436.445829,0.0,-8.055991878895952e-05,29.779949453832884,0.0,443.421535558546,0.0,-0.0,4455087999.999982,-0.4351764173409889,-0.9003452036803781,-0.0
149599416.06330273,309723644.2638431,0.0,-8.056519628476104e-05,29.779949442908496,0.0,443.421535558546,0.0,-0.0,4455087999.999982,-0.43505425676867143,-0.9004042390323687,-0.0
149599415.77325854,309830852.0818179,0.0,-8.057046933884614e-05,29.77994943198952,0.0,443.42153555854605,0.0,-0.0,4455087999.999983,-0.4349321567616009,-0.9004632246875507,-0.0
149599415.48319536,309938059.89975345,0.0,-8.05757379559076e-05,29.77994942107596,0.0,443.421535558546,0.0,-0.0,4455087999.999983,-0.4348101172822633,-0.9005221606984385,-0.0
149599415.19311324,310045267.7176497,0.0,-8.05810021406324e-05,29.779949410167806,0.0,443.42153555854605,0.0,-0.0,4455087999.999983,-0.4346881382931655,-0.9005810471174829,-0.0
149599414.90301216,310152475.53550667,0.0,-8.058626189770181e-05,29.779949399265057,0.0,443.42153555854594,0.0,-0.0,4455087999.999983,-0.434566219756835,-0.9006398839970692,-0.0
149599414.61289215,310259683.3533244,0.0,-8.059151723179131e-05,29.77994938836771,0.0,443.421535558546,0.0,-0.0,4455087999.999983,-0.43444436163581995,-0.900698671389519,-0.0
149599414.32275325,310366891.17110294,0.0,-8.059676814757064e-05,29.779949377475763,0.0,443.42153555854594,0.0,-0.0,4455087999.999982,-0.43432256389268953,-0.9007574093470897,-0.0
149599414.03259543,310474098.98884225,0.0,-8.060201464970384e-05,29.77994936658921,0.0,443.4215355585459,0.0,-0.0,4455087999.999983,-0.4342008264900338,-0.900816097921974,-0.0
149599413.74241874,310581306.8065424,0.0,-8.060725674284919e-05,29.77994935570805,0.0,443.42153555854594,0.0,-0.0,4455087999.999983,-0.43407914939046316,-0.9008747371663012,-0.0
149599413.45222318,310688514.6242034,0.0,-8.061249443165925e-05,29.779949344832282,0.0,443.42153555854594,0.0,-0.0,4455087999.999982,-0.4339575325566089,-0.9009333271321357,-0.0
149599413.1620088,310795722.4418252,0.0,-8.06177277207809e-05,29.779949333961895,0.0,443.42153555854594,0.0,-0.0,4455087999.999983,-0.4338359759511235,-0.9009918678714788,-0.0
149599412.87177557,310902930.25940794,0.0,-8.062295661485527e-05,29.77994932309689,0.0,443.4215355585459,0.0,-0.0,4455087999.999983,-0.43371447953668013,-0.9010503594362674,-0.0
149599412.5815235,311010138.07695156,0.0,-8.062818111851784e-05,29.779949312237264,0.0,443.4215355585459,0.0,-0.0,4455087999.999982,-0.43359304327597237,-0.9011088018783752,-0.0
149599412.29125267,311117345.8944561,0.0,-8.063340123639837e-05,29.779949301383013,0.0,443.4215355585458,0.0,-0.0,4455087999.999983,-0.4334716671317148,-0.9011671952496116,-0.0
149599412.00096303,311224553.7119215,0.0,-8.063861697312096e-05,29.779949290534134,0.0,443.42153555854577,0.0,-0.0,4455087999.999983,-0.43335035106664327,-0.9012255396017231,-0.0
149599411.71065462,311331761.5293479,0.0,-8.064382833330401e-05,29.779949279690626,0.0,443.4215355585458,0.0,-0.0,4455087999.999982,-0.43322909504351387,-0.9012838349863921,-0.0
149599411.42032745,311438969.3467353,0.0,-8.064903532156029e-05,29.779949268852484,0.0,443.4215355585458,0.0,-0.0,4455087999.999982,-0.4331078990251038,-0.9013420814552378,-0.0
149599411.12998155,311546177.16408366,0.0,-8.065423794249687e-05,29.779949258019702,0.0,443.4215355585459,0.0,-0.0,4455087999.999981,-0.4329867629742109,-0.9014002790598161,-0.0
149599410.83961692,311653384.98139304,0.0,-8.06594362007152e-05,29.779949247192278,0.0,443.4215355585458,0.0,-0.0,4455087999.999981,-0.4328656868536541,-0.9014584278516199,-0.0
149599410.54923362,311760592.79866344,0.0,-8.066463010081107e-05,29.77994923637021,0.0,443.42153555854577,0.0,-0.0,4455087999.999982,-0.4327446706262731,-0.9015165278820784,-0.0
149599410.2588316,311867800.6158949,0.0,-8.066981964737465e-05,29.779949225553494,0.0,443.4215355585458,0.0,-0.0,4455087999.99998,-0.4326237142549284,-0.9015745792025582,-0.0
149599409.9684109,311975008.43308747,0.0,-8.06750048449905e-05,29.77994921474213,0.0,443.4215355585458,0.0,-0.0,4455087999.999981,-0.4325028177025012,-0.901632581864363,-0.0
149599409.67797157,312082216.2502411,0.0,-8.068018569823749e-05,29.779949203936106,0.0,443.42153555854577,0.0,-0.0,4455087999.999981,-0.43238198093189384,-0.9016905359187327,-0.0
149599409.38751358,312189424.0673558,0.0,-8.068536221168894e-05,29.779949193135426,0.0,443.42153555854577,0.0,-0.0,4455087999.999981,-0.43226120390602935,-0.9017484414168455,-0.0
149599409.09703696,312296631.88443166,0.0,-8.069053438991254e-05,29.779949182340086,0.0,443.42153555854577,0.0,-0.0,4455087999.999981,-0.43214048658785176,-0.9018062984098163,-0.0
149599408.80654174,312403839.70146865,0.0,-8.06957022374704e-05,29.779949171550083,0.0,443.4215355585458,0.0,-0.0,4455087999.999981,-0.43201982894032587,-0.9018641069486973,-0.0
149599408.51602793,312511047.51846683,0.0,-8.070086575891902e-05,29.77994916076541,0.0,443.42153555854577,0.0,-0.0,4455087999.999982,-0.4318992309264373,-0.9019218670844786,-0.0
149599408.22549552,312618255.33542615,0.0,-8.070602495880932e-05,29.779949149986063,0.0,443.4215355585457,0.0,-0.0,4455087999.999981,-0.4317786925091928,-0.9019795788680872,-0.0
149599407.93494454,312725463.15234673,0.0,-8.071117984168665e-05,29.779949139212043,0.0,443.42153555854566,0.0,-0.0,4455087999.99998,-0.43165821365161955,-0.9020372423503882,-0.0
149599407.64437503,312832670.9692285,0.0,-8.071633041209079e-05,29.77994912844335,0.0,443.42153555854577,0.0,-0.0,4455087999.999981,-0.43153779431676603,-0.9020948575821838,-0.0
149599407.35378698,312939878.78607154,0.0,-8.072147667455596e-05,29.779949117679973,0.0,443.4215355585458,0.0,-0.0,4455087999.999981,-0.4314174344677017,-0.9021524246142146,-0.0
149599407.06318042,313047086.6028758,0.0,-8.072661863361084e-05,29.77994910692191,0.0,443.4215355585458,0.0,-0.0,4455087999.999982,-0.43129713406751635,-0.902209943497159,-0.0
149599406.77255535,313154294.4196414,0.0,-8.073175629377854e-05,29.77994909616916,0.0,443.42153555854577,0.0,-0.0,4455087999.999982,-0.4311768930793213,-0.9022674142816326,-0.0
149599406.48191178,313261502.23636824,0.0,-8.073688965957663e-05,29.779949085421723,0.0,443.4215355585458,0.0,-0.0,4455087999.999982,-0.43105671146624835,-0.9023248370181901,-0.0
149599406.19124973,313368710.0530564,0.0,-8.074201873551719e-05,29.77994907467959,0.0,443.4215355585458,0.0,-0.0,4455087999.999981,-0.4309365891914504,-0.9023822117573236,-0.0
149599405.90056923,313475917.8697059,0.0,-8.074714352610673e-05,29.779949063942755,0.0,443.42153555854577,0.0,-0.0,4455087999.999981,-0.4308165262181011,-0.9024395385494632,-0.0
149599405.60987028,313583125.6863168,0.0,-8.075226403584628e-05,29.779949053211222,0.0,443.42153555854577,0.0,-0.0,4455087999.999981,-0.43069652250939544,-0.902496817444978,-0.0
149599405.31915292,313690333.50288904,0.0,-8.075738026923132e-05,29.779949042484986,0.0,443.4215355585458,0.0,-0.0,4455087999.999981,-0.4305765780285487,-0.9025540484941748,-0.0
149599405.02841714,313797541.31942266,0.0,-8.076249223075187e-05,29.77994903176404,0.0,443.4215355585457,0.0,-0.0,4455087999.999981,-0.4304566927387976,-0.902611231747299,-0.0
149599404.73766297,313904749.1359177,0.0,-8.076759992489245e-05,29.779949021048385,0.0,443.4215355585457,0.0,-0.0,4455087999.99998,-0.4303368666033996,-0.9026683672545348,-0.0
149599404.4468904,314011956.9523742,0.0,-8.077270335613206e-05,29.779949010338015,0.0,443.42153555854577,0.0,-0.0,4455087999.99998,-0.430217099585633,-0.9027254550660049,-0.0
149599404.1560995,314119164.76879215,0.0,-8.077780252894426e-05,29.77994899963293,0.0,443.4215355585457,0.0,-0.0,4455087999.99998,-0.43009739164879707,-0.9027824952317701,-0.0
149599403.86529022,314226372.5851716,0.0,-8.078289744779712e-05,29.77994898893312,0.0,443.4215355585457,0.0,-0.0,4455087999.999979,-0.4299777427562123,-0.9028394878018311,-0.0
149599403.57446262,314333580.4015125,0.0,-8.078798811715324e-05,29.77994897823859,0.0,443.4215355585456,0.0,-0.0,4455087999.999979,-0.42985815287121965,-0.902896432826126,-0.0
149599403.28361672,314440788.2178149,0.0,-8.079307454146978e-05,29.77994896754933,0.0,443.4215355585456,0.0,-0.0,4455087999.999979,-0.4297386219571814,-0.9029533303545332,-0.0
149599402.9927525,314547996.0340789,0.0,-8.079815672519843e-05,29.779948956865343,0.0,443.42153555854566,0.0,-0.0,4455087999.999979,-0.42961914997748074,-0.9030101804368691,-0.0
149599402.70187,314655203.85030437,0.0,-8.080323467278545e-05,29.77994894618662,0.0,443.42153555854566,0.0,-0.0,4455087999.999979,-0.42949973689552146,-0.9030669831228898,-0.0
149599402.41096923,314762411.66649145,0.0,-8.080830838867167e-05,29.77994893551316,0.0,443.4215355585456,0.0,-0.0,4455087999.999979,-0.4293803826747288,-0.9031237384622903,-0.0
149599402.1200502,314869619.4826401,0.0,-8.081337787729249e-05,29.779948924844962,0.0,443.42153555854566,0.0,-0.0,4455087999.99998,-0.42926108727854856,-0.903180446504705,-0.0
149599401.82911292,314976827.29875034,0.0,-8.081844314307785e-05,29.77994891418202,0.0,443.42153555854566,0.0,-0.0,4455087999.99998,-0.4291418506704478,-0.9032371072997073,-0.0
149599401.5381574,315084035.1148222,0.0,-8.082350419045235e-05,29.779948903524332,0.0,443.42153555854566,0.0,-0.0,4455087999.999979,-0.4290226728139142,-0.9032937208968105,-0.0
149599401.24718368,315191242.9308557,0.0,-8.082856102383513e-05,29.779948892871893,0.0,443.42153555854566,0.0,-0.0,4455087999.999979,-0.4289035536724567,-0.9033502873454671,-0.0
149599400.95619178,315298450.74685085,0.0,-8.083361364763995e-05,29.7799488822247,0.0,443.42153555854566,0.0,-0.0,4455087999.999979,-0.4287844932096053,-0.903406806695069,-0.0
149599400.66518167,315405658.5628077,0.0,-8.083866206627516e-05,29.779948871582754,0.0,443.42153555854566,0.0,-0.0,4455087999.999979,-0.4286654913889105,-0.9034632789949483,-0.0
149599400.3741534,315512866.37872624,0.0,-8.084370628414376e-05,29.779948860946046,0.0,443.4215355585457,0.0,-0.0,4455087999.99998,-0.42854654817394416,-0.9035197042943763,-0.0
149599400.083107,315620074.1946065,0.0,-8.084874630564332e-05,29.779948850314575,0.0,443.4215355585457,0.0,-0.0,4455087999.99998,-0.42842766352829914,-0.9035760826425645,-0.0
149599399.79204243,315727282.0104485,0.0,-8.08537821351661e-05,29.779948839688338,0.0,443.4215355585457,0.0,-0.0,4455087999.99998,-0.428308837415589,-0.9036324140886639,-0.0
149599399.50095975,315834489.8262523,0.0,-8.085881377709896e-05,29.77994882906733,0.0,443.42153555854566,0.0,-0.0,4455087999.999979,-0.42819006979944835,-0.9036886986817658,-0.0
149599399.20985898,315941697.64201784,0.0,-8.086384123582342e-05,29.77994881845155,0.0,443.4215355585457,0.0,-0.0,4455087999.99998,-0.428071360643533,-0.9037449364709018,-0.0
149599398.91874012,316048905.4577452,0.0,-8.086886451571563e-05,29.779948807840995,0.0,443.4215355585457,0.0,-0.0,4455087999.999981,-0.42795270991151974,-0.9038011275050428,-0.0
149599398.62760317,316156113.27343434,0.0,-8.087388362114642e-05,29.779948797235658,0.0,443.4215355585457,0.0,-0.0,4455087999.99998,-0.42783411756710615,-0.9038572718331007,-0.0
149599398.33644816,316263321.0890853,0.0,-8.087889855648129e-05,29.77994878663554,0.0,443.42153555854566,0.0,-0.0,4455087999.99998,-0.4277155835740107,-0.9039133695039274,-0.0
149599398.04527512,316370528.9046981,0.0,-8.088390932608038e-05,29.779948776040637,0.0,443.4215355585457,0.0,-0.0,4455087999.99998,-0.4275971078959732,-0.903969420566315,-0.0
149599397.75408402,316477736.7202728,0.0,-8.088891593429856e-05,29.779948765450946,0.0,443.4215355585457,0.0,-0.0,4455087999.99998,-0.42747869049675424,-0.9040254250689967,-0.0
149599397.46287492,316584944.53580934,0.0,-8.089391838548532e-05,29.77994875486646,0.0,443.4215355585457,0.0,-0.0,4455087999.99998,-0.42736033134013546,-0.9040813830606456,-0.0
149599397.17164782,316692152.3513078,0.0,-8.089891668398491e-05,29.77994874428718,0.0,443.42153555854566,0.0,-0.0,4455087999.99998,-0.4272420303899194,-0.9041372945898755,-0.0
149599396.8804027,316799360.1667682,0.0,-8.090391083413626e-05,29.7799487337131,0.0,443.42153555854566,0.0,-0.0,4455087999.999979,-0.4271237876099298,-0.9041931597052411,-0.0
149599396.58913964,316906567.98219055,0.0,-8.090890084027297e-05,29.77994872314422,0.0,443.42153555854566,0.0,-0.0,4455087999.999979,-0.42700560296401124,-0.9042489784552378,-0.0
149599396.29785863,317013775.7975749,0.0,-8.091388670672343e-05,29.779948712580534,0.0,443.42153555854577,0.0,-0.0,4455087999.999979,-0.4268874764160294,-0.904304750888302,-0.0
149599396.00655967,317120983.6129212,0.0,-8.091886843781068e-05,29.77994870202204,0.0,443.4215355585457,0.0,-0.0,4455087999.999979,-0.42676940792987106,-0.9043604770528108,-0.0
149599395.71524277,317228191.42822945,0.0,-8.092384603785253e-05,29.779948691468732,0.0,443.4215355585457,0.0,-0.0,4455087999.999979,-0.42665139746944364,-0.9044161569970822,-0.0
149599395.42390797,317335399.24349976,0.0,-8.092881951116151e-05,29.77994868092061,0.0,443.42153555854566,0.0,-0.0,4455087999.999979,-0.4265334449986759,-0.9044717907693759,-0.0
149599395.13255528,317442607.0587321,0.0,-8.093378886204491e-05,29.779948670377674,0.0,443.42153555854577,0.0,-0.0,4455087999.999979,-0.42641555048151747,-0.904527378417892,-0.0
149599394.8411847,317549814.87392646,0.0,-8.093875409480476e-05,29.779948659839913,0.0,443.4215355585457,0.0,-0.0,4455087999.99998,-0.4262977138819391,-0.9045829199907724,-0.0
149599394.54979625,317657022.6890829,0.0,-8.094371521373786e-05,29.77994864930733,0.0,443.4215355585457,0.0,-0.0,4455087999.99998,-0.4261799351639327,-0.9046384155361004,-0.0
149599394.25838995,317764230.5042015,0.0,-8.094867222313574e-05,29.779948638779917,0.0,443.4215355585457,0.0,-0.0,4455087999.99998,-0.4260622142915106,-0.9046938651019,-0.0
149599393.96696582,317871438.3192821,0.0,-8.095362512728474e-05,29.779948628257674,0.0,443.42153555854577,0.0,-0.0,4455087999.99998,-0.4259445512287069,-0.9047492687361375,-0.0
149599393.67552388,317978646.1343249,0.0,-8.095857393046597e-05,29.779948617740597,0.0,443.42153555854577,0.0,-0.0,4455087999.99998,-0.4258269459395761,-0.9048046264867203,-0.0
149599393.3840641,318085853.94932985,0.0,-8.096351863695531e-05,29.779948607228683,0.0,443.42153555854577,0.0,-0.0,4455087999.99998,-0.42570939838819405,-0.9048599384014976,-0.0
149599393.09258655,318193061.76429695,0.0,-8.096845925102344e-05,29.779948596721926,0.0,443.4215355585457,0.0,-0.0,4455087999.99998,-0.42559190853865775,-0.9049152045282601,-0.0
149599392.8010912,318300269.57922626,0.0,-8.097339577693585e-05,29.77994858622033,0.0,443.42153555854577,0.0,-0.0,4455087999.99998,-0.42547447635508473,-0.9049704249147408,-0.0
149599392.50957808,318407477.3941178,0.0,-8.097832821895283e-05,29.779948575723882,0.0,443.42153555854577,0.0,-0.0,4455087999.99998,-0.42535710180161396,-0.905025599608614,-0.0
149599392.21804723,318514685.2089715,0.0,-8.098325658132947e-05,29.779948565232587,0.0,443.4215355585458,0.0,-0.0,4455087999.999979,-0.42523978484240543,-0.9050807286574963,-0.0
149599391.92649865,318621893.02378744,0.0,-8.098818086831572e-05,29.779948554746436,0.0,443.42153555854577,0.0,-0.0,4455087999.99998,-0.42512252544164014,-0.9051358121089464,-0.0
149599391.63493234,318729100.83856565,0.0,-8.09931010841563e-05,29.77994854426543,0.0,443.4215355585458,0.0,-0.0,4455087999.99998,-0.4250053235635199,-0.9051908500104648,-0.0
149599391.34334832,318836308.6533061,0.0,-8.099801723309084e-05,29.779948533789565,0.0,443.42153555854577,0.0,-0.0,4455087999.99998,-0.42488817917226746,-0.9052458424094944,-0.0
149599391.0517466,318943516.46800894,0.0,-8.100292931935372e-05,29.779948523318836,0.0,443.4215355585459,0.0,-0.0,4455087999.99998,-0.42477109223212717,-0.9053007893534202,-0.0
149599390.76012722,319050724.282674,0.0,-8.100783734717424e-05,29.77994851285324,0.0,443.4215355585458,0.0,-0.0,4455087999.99998,-0.42465406270736383,-0.9053556908895699,-0.0
149599390.46849018,319157932.0973015,0.0,-8.101274132077652e-05,29.779948502392777,0.0,443.4215355585459,0.0,-0.0,4455087999.99998,-0.4245370905622636,-0.9054105470652132,-0.0
149599390.1768355,319265139.9118913,0.0,-8.101764124437956e-05,29.77994849193744,0.0,443.4215355585459,0.0,-0.0,4455087999.99998,-0.42442017576113356,-0.9054653579275623,-0.0
149599389.8851632,319372347.72644347,0.0,-8.102253712219722e-05,29.779948481487224,0.0,443.4215355585458,0.0,-0.0,4455087999.99998,-0.42430331826830175,-0.9055201235237724,-0.0
149599389.59347326,319479555.54095805,0.0,-8.102742895843824e-05,29.779948471042132,0.0,443.4215355585458,0.0,-0.0,4455087999.99998,-0.4241865180481176,-0.9055748439009412,-0.0
149599389.3017657,319586763.355435,0.0,-8.103231675730622e-05,29.779948460602157,0.0,443.42153555854577,0.0,-0.0,4455087999.99998,-0.424069775064951,-0.9056295191061088,-0.0
149599389.01004058,319693971.16987437,0.0,-8.10372005229997e-05,29.779948450167296,0.0,443.42153555854577,0.0,-0.0,4455087999.99998,-0.4239530892831933,-0.9056841491862584,-0.0
149599388.71829787,319801178.9842762,0.0,-8.104208025971206e-05,29.77994843973755,0.0,443.4215355585458,0.0,-0.0,4455087999.99998,-0.4238364606672568,-0.905738734188316,-0.0
149599388.4265376,319908386.7986405,0.0,-8.104695597163162e-05,29.77994842931291,0.0,443.4215355585458,0.0,-0.0,4455087999.99998,-0.4237198891815749,-0.9057932741591503,-0.0
149599388.13475978,320015594.61296725,0.0,-8.10518276629416e-05,29.779948418893376,0.0,443.4215355585458,0.0,-0.0,4455087999.99998,-0.4236033747906017,-0.905847769145574,-0.0
149599387.84296444,320122802.4272565,0.0,-8.105669533782012e-05,29.779948408478944,0.0,443.4215355585459,0.0,-0.0,4455087999.99998,-0.4234869174588127,-0.9059022191943416,-0.0
149599387.55115157,320230010.2415083,0.0,-8.106155900044026e-05,29.77994839806961,0.0,443.4215355585458,0.0,-0.0,4455087999.99998,-0.42337051715070434,-0.9059566243521514,-0.0
149599387.2593212,320337218.05572265,0.0,-8.106641865497e-05,29.77994838766537,0.0,443.4215355585459,0.0,-0.0,4455087999.99998,-0.42325417383079406,-0.9060109846656451,-0.0
149599386.96747336,320444425.8698995,0.0,-8.107127430557226e-05,29.779948377266226,0.0,443.4215355585459,0.0,-0.0,4455087999.99998,-0.4231378874636202,-0.9060653001814077,-0.0
149599386.67560804,320551633.68403894,0.0,-8.107612595640491e-05,29.77994836687217,0.0,443.4215355585459,0.0,-0.0,4455087999.99998,-0.42302165801374253,-0.9061195709459674,-0.0
149599386.38372526,320658841.498141,0.0,-8.108097361162078e-05,29.7799483564832,0.0,443.4215355585459,0.0,-0.0,4455087999.99998,-0.4229054854457415,-0.9061737970057959,-0.0
149599386.09182504,320766049.3122056,0.0,-8.108581727536765e-05,29.77994834609931,0.0,443.4215355585458,0.0,-0.0,4455087999.99998,-0.4227893697242188,-0.9062279784073087,-0.0
149599385.7999074,320873257.12623286,0.0,-8.109065695178824e-05,29.7799483357205,0.0,443.42153555854577,0.0,-0.0,4455087999.99998,-0.42267331081379705,-0.9062821151968647,-0.0
149599385.50797233,320980464.9402228,0.0,-8.109549264502027e-05,29.77994832534677,0.0,443.42153555854577,0.0,-0.0,4455087999.99998,-0.4225573086791199,-0.9063362074207668,-0.0
149599385.21601987,321087672.75417536,0.0,-8.110032435919645e-05,29.77994831497811,0.0,443.4215355585457,0.0,-0.0,4455087999.99998,-0.42244136328485193,-0.9063902551252611,-0.0
149599384.92405,321194880.5680906,0.0,-8.110515209844444e-05,29.77994830461452,0.0,443.42153555854566,0.0,-0.0,4455087999.99998,-0.42232547459567904,-0.9064442583565381,-0.0
149599384.63206276,321302088.38196856,0.0,-8.110997586688689e-05,29.779948294256002,0.0,443.4215355585457,0.0,-0.0,4455087999.99998,-0.422209642576308,-0.9064982171607324,-0.0
149599384.34005818,321409296.19580925,0.0,-8.111479566864148e-05,29.779948283902545,0.0,443.4215355585457,0.0,-0.0,4455087999.99998,-0.42209386719146663,-0.9065521315839219,-0.0
149599384.04803625,321516504.0096127,0.0,-8.111961150782088e-05,29.77994827355415,0.0,443.4215355585457,0.0,-0.0,4455087999.99998,-0.42197814840590386,-0.9066060016721293,-0.0
149599383.75599697,321623711.82337886,0.0,-8.112442338853277e-05,29.779948263210812,0.0,443.4215355585457,0.0,-0.0,4455087999.99998,-0.4218624861843895,-0.9066598274713211,-0.0
149599383.46394038,321730919.6371078,0.0,-8.112923131487984e-05,29.77994825287253,0.0,443.4215355585457,0.0,-0.0,4455087999.99998,-0.42174688049171455,-0.9067136090274082,-0.0
149599383.1718665,321838127.4507995,0.0,-8.113403529095981e-05,29.779948242539298,0.0,443.4215355585457,0.0,-0.0,4455087999.999979,-0.42163133129269104,-0.9067673463862452,-0.0
149599382.87977535,321945335.26445407,0.0,-8.113883532086542e-05,29.779948232211115,0.0,443.42153555854577,0.0,-0.0,4455087999.99998,-0.421515838552152,-0.9068210395936324,-0.0
149599382.5876669,322052543.0780714,0.0,-8.114363140868448e-05,29.779948221887977,0.0,443.42153555854577,0.0,-0.0,4455087999.99998,-0.4214004022349513,-0.9068746886953132,-0.0
149599382.2955412,322159750.89165163,0.0,-8.114842355849981e-05,29.77994821156988,0.0,443.42153555854577,0.0,-0.0,4455087999.999979,-0.4212850223059643,-0.9069282937369764,-0.0
149599382.00339824,322266958.7051947,0.0,-8.11532117743893e-05,29.779948201256822,0.0,443.42153555854577,0.0,-0.0,4455087999.999979,-0.42116969873008697,-0.9069818547642549,-0.0
149599381.71123806,322374166.51870066,0.0,-8.11579960604259e-05,29.7799481909488,0.0,443.4215355585458,0.0,-0.0,4455087999.999979,-0.42105443147223637,-0.9070353718227265,-0.0
149599381.41906068,322481374.33216953,0.0,-8.11627764206776e-05,29.77994818064581,0.0,443.4215355585457,0.0,-0.0,4455087999.999979,-0.4209392204973507,-0.907088844957914,-0.0
149599381.12686607,322588582.14560133,0.0,-8.116755285920747e-05,29.77994817034785,0.0,443.42153555854577,0.0,-0.0,4455087999.999979,-0.4208240657703896,-0.9071422742152848,-0.0
149599380.8346543,322695789.95899606,0.0,-8.117232538007369e-05,29.779948160054918,0.0,443.4215355585458,0.0,-0.0,4455087999.999979,-0.42070896725633267,-0.907195659640251,-0.0
149599380.54242533,322802997.7723537,0.0,-8.117709398732947e-05,29.77994814976701,0.0,443.4215355585458,0.0,-0.0,4455087999.99998,-0.4205939249201817,-0.9072490012781698,-0.0
149599380.25017923,322910205.58567435,0.0,-8.118185868502316e-05,29.77994813948412,0.0,443.4215355585459,0.0,-0.0,4455087999.99998,-0.4204789387269587,-0.9073022991743437,-0.0
149599379.95791596,323017413.39895797,0.0,-8.118661947719818e-05,29.779948129206247,0.0,443.4215355585459,0.0,-0.0,4455087999.99998,-0.4203640086417072,-0.9073555533740203,-0.0
149599379.66563556,323124621.21220464,0.0,-8.119137636789306e-05,29.779948118933387,0.0,443.42153555854594,0.0,-0.0,4455087999.99998,-0.42024913462949154,-0.907408763922392,-0.0
149599379.37333804,323231829.0254143,0.0,-8.119612936114143e-05,29.779948108665536,0.0,443.4215355585459,0.0,-0.0,4455087999.999979,-0.42013431665539697,-0.907461930864597,-0.0
149599379.08102342,323339036.838587,0.0,-8.120087846097204e-05,29.779948098402695,0.0,443.4215355585459,0.0,-0.0,4455087999.999979,-0.4200195546845301,-0.9075150542457183,-0.0
149599378.78869173,323446244.6517228,0.0,-8.120562367140878e-05,29.779948088144856,0.0,443.4215355585459,0.0,-0.0,4455087999.99998,-0.4199048486820183,-0.9075681341107847,-0.0
149599378.49634296,323553452.46482164,0.0,-8.121036499647066e-05,29.77994807789202,0.0,443.4215355585458,0.0,-0.0,4455087999.99998,-0.4197901986130099,-0.9076211705047704,-0.0
149599378.2039771,323660660.2778836,0.0,-8.121510244017181e-05,29.77994806764418,0.0,443.4215355585458,0.0,-0.0,4455087999.999979,-0.41967560444267477,-0.9076741634725953,-0.0
149599377.9115942,323767868.09090865,0.0,-8.121983600652153e-05,29.779948057401338,0.0,443.4215355585458,0.0,-0.0,4455087999.99998,-0.4195610661362031,-0.9077271130591246,-0.0
149599377.6191943,323875075.90389687,0.0,-8.122456569952426e-05,29.779948047163487,0.0,443.4215355585458,0.0,-0.0,4455087999.999979,-0.41944658365880644,-0.9077800193091694,-0.0
149599377.32677737,323982283.71684825,0.0,-8.122929152317958e-05,29.779948036930623,0.0,443.4215355585457,0.0,-0.0,4455087999.99998,-0.41933215697571746,-0.9078328822674867,-0.0
149599377.03434342,324089491.5297628,0.0,-8.123401348148225e-05,29.779948026702748,0.0,443.4215355585458,0.0,-0.0,4455087999.99998,-0.4192177860521897,-0.907885701978779,-0.0
149599376.7418925,324196699.3426405,0.0,-8.123873157842219e-05,29.779948016479853,0.0,443.4215355585457,0.0,-0.0,4455087999.99998,-0.4191034708534978,-0.9079384784876954,-0.0
149599376.44942456,324303907.15548146,0.0,-8.124344581798449e-05,29.77994800626194,0.0,443.42153555854577,0.0,-0.0,4455087999.99998,-0.4189892113449373,-0.9079912118388304,-0.0
149599376.1569397,324411114.9682856,0.0,-8.124815620414945e-05,29.779947996049003,0.0,443.42153555854577,0.0,-0.0,4455087999.99998,-0.4188750074918247,-0.9080439020767244,-0.0
149599375.86443785,324518322.781053,0.0,-8.125286274089251e-05,29.779947985841037,0.0,443.42153555854577,0.0,-0.0,4455087999.99998,-0.4187608592594978,-0.9080965492458647,-0.0
149599375.57191908,324625530.5937837,0.0,-8.125756543218435e-05,29.77994797563804,0.0,443.4215355585457,0.0,-0.0,4455087999.99998,-0.4186467666133151,-0.9081491533906841,-0.0
149599375.2793834,324732738.40647763,0.0,-8.126226428199082e-05,29.779947965440016,0.0,443.4215355585457,0.0,-0.0,4455087999.99998,-0.41853272951865655,-0.9082017145555623,-0.0
149599374.9868308,324839946.21913487,0.0,-8.1266959294273e-05,29.779947955246953,0.0,443.4215355585457,0.0,-0.0,4455087999.999981,-0.4184187479409224,-0.908254232784825,-0.0
149599374.6942613,324947154.0317554,0.0,-8.127165047298716e-05,29.77994794505885,0.0,443.4215355585457,0.0,-0.0,4455087999.999981,-0.41830482184553464,-0.9083067081227439,-0.0
149599374.40167493,325054361.84433925,0.0,-8.127633782208481e-05,29.779947934875707,0.0,443.42153555854577,0.0,-0.0,4455087999.999981,-0.4181909511979357,-0.9083591406135383,-0.0
149599374.10907167,325161569.65688646,0.0,-8.128102134551267e-05,29.779947924697517,0.0,443.4215355585457,0.0,-0.0,4455087999.999981,-0.4180771359635893,-0.9084115303013731,-0.0
149599373.81645158,325268777.46939707,0.0,-8.128570104721272e-05,29.77994791452428,0.0,443.42153555854566,0.0,-0.0,4455087999.999981,-0.4179633761079802,-0.9084638772303604,-0.0
149599373.52381465,325375985.2818711,0.0,-8.129037693112213e-05,29.77994790435599,0.0,443.4215355585457,0.0,-0.0,4455087999.999981,-0.4178496715966139,-0.9085161814445585,-0.0
149599373.23116088,325483193.0943085,0.0,-8.129504900117336e-05,29.779947894192645,0.0,443.42153555854566,0.0,-0.0,4455087999.999981,-0.4177360223950173,-0.9085684429879731,-0.0
149599372.9384903,325590400.9067093,0.0,-8.129971726129411e-05,29.779947884034243,0.0,443.4215355585456,0.0,-0.0,4455087999.99998,-0.41762242846873765,-0.9086206619045563,-0.0
149599372.64580292,325697608.71907353,0.0,-8.130438171540734e-05,29.779947873880783,0.0,443.42153555854566,0.0,-0.0,4455087999.999981,-0.41750888978334394,-0.9086728382382074,-0.0
149599372.35309875,325804816.5314012,0.0,-8.130904236743125e-05,29.779947863732257,0.0,443.42153555854566,0.0,-0.0,4455087999.999981,-0.4173954063044258,-0.9087249720327726,-0.0
149599372.0603778,325912024.3436924,0.0,-8.131369922127935e-05,29.779947853588666,0.0,443.42153555854566,0.0,-0.0,4455087999.99998,-0.41728197799759364,-0.908777063332045,-0.0
149599371.7676401,326019232.1559471,0.0,-8.131835228086039e-05,29.779947843450003,0.0,443.42153555854566,0.0,-0.0,4455087999.999981,-0.4171686048284793,-0.9088291121797651,-0.0
149599371.47488567,326126439.9681653,0.0,-8.132300155007845e-05,29.779947833316267,0.0,443.42153555854566,0.0,-0.0,4455087999.99998,-0.4170552867627351,-0.9088811186196204,-0.0
149599371.1821145,326233647.780347,0.0,-8.132764703283283e-05,29.779947823187456,0.0,443.4215355585456,0.0,-0.0,4455087999.99998,-0.41694202376603495,-0.9089330826952462,-0.0
149599370.88932663,326340855.5924922,0.0,-8.13322887330182e-05,29.779947813063565,0.0,443.42153555854554,0.0,-0.0,4455087999.999981,-0.416828815804073,-0.9089850044502243,-0.0
149599370.59652203,326448063.40460104,0.0,-8.133692665452447e-05,29.779947802944594,0.0,443.4215355585456,0.0,-0.0,4455087999.99998,-0.41671566284256517,-0.9090368839280843,-0.0
149599370.30370075,326555271.21667343,0.0,-8.134156080123692e-05,29.779947792830537,0.0,443.4215355585456,0.0,-0.0,4455087999.99998,-0.4166025648472478,-0.9090887211723037,-0.0
149599370.0108628,326662479.0287094,0.0,-8.134619117703608e-05,29.779947782721393,0.0,443.42153555854566,0.0,-0.0,4455087999.99998,-0.41648952178387827,-0.9091405162263071,-0.0
149599369.7180082,326769686.84070903,0.0,-8.135081778579785e-05,29.779947772617156,0.0,443.42153555854566,0.0,-0.0,4455087999.99998,-0.4163765336182352,-0.9091922691334671,-0.0
149599369.42513692,326876894.6526723,0.0,-8.135544063139342e-05,29.779947762517825,0.0,443.42153555854566,0.0,-0.0,4455087999.99998,-0.416263600316118,-0.9092439799371033,-0.0
149599369.13224903,326984102.4645992,0.0,-8.136005971768935e-05,29.779947752423396,0.0,443.42153555854566,0.0,-0.0,4455087999.999981,-0.4161507218433467,-0.9092956486804835,-0.0
149599368.8393445,327091310.27648973,0.0,-8.136467504854751e-05,29.779947742333867,0.0,443.42153555854566,0.0,-0.0,4455087999.999981,-0.4160378981657631,-0.9093472754068239,-0.0
149599368.54642338,327198518.088344,0.0,-8.136928662782514e-05,29.779947732249234,0.0,443.4215355585456,0.0,-0.0,4455087999.999981,-0.4159251292492293,-0.9093988601592877,-0.0
149599368.25348565,327305725.9001619,0.0,-8.137389445937482e-05,29.779947722169496,0.0,443.42153555854566,0.0,-0.0,4455087999.99998,-0.4158124150596287,-0.9094504029809868,-0.0
149599367.96053135,327412933.71194357,0.0,-8.137849854704447e-05,29.779947712094646,0.0,443.42153555854566,0.0,-0.0,4455087999.999981,-0.41569975556286526,-0.9095019039149804,-0.0
149599367.6675605,327520141.523689,0.0,-8.138309889467742e-05,29.779947702024685,0.0,443.4215355585456,0.0,-0.0,4455087999.999982,-0.41558715072486424,-0.9095533630042764,-0.0
149599367.37457305,327627349.33539814,0.0,-8.138769550611232e-05,29.77994769195961,0.0,443.4215355585457,0.0,-0.0,4455087999.999982,-0.415474600511572,-0.9096047802918309,-0.0
149599367.08156908,327734557.14707106,0.0,-8.139228838518323e-05,29.779947681899415,0.0,443.42153555854577,0.0,-0.0,4455087999.999982,-0.41536210488895514,-0.9096561558205477,-0.0
149599366.7885486,327841764.9587078,0.0,-8.139687753571958e-05,29.7799476718441,0.0,443.4215355585458,0.0,-0.0,4455087999.999983,-0.41524966382300205,-0.9097074896332797,-0.0
149599366.49551156,327948972.7703084,0.0,-8.140146296154619e-05,29.779947661793656,0.0,443.4215355585458,0.0,-0.0,4455087999.999982,-0.41513727727972155,-0.9097587817728278,-0.0
149599366.20245805,328056180.58187276,0.0,-8.14060446664833e-05,29.779947651748085,0.0,443.42153555854577,0.0,-0.0,4455087999.999982,-0.4150249452251435,-0.909810032281941,-0.0
149599365.90938807,328163388.39340097,0.0,-8.14106226543465e-05,29.779947641707384,0.0,443.42153555854577,0.0,-0.0,4455087999.999983,-0.4149126676253188,-0.9098612412033176,-0.0
149599365.6163016,328270596.20489305,0.0,-8.141519692894682e-05,29.779947631671547,0.0,443.42153555854577,0.0,-0.0,4455087999.999982,-0.4148004444463192,-0.9099124085796039,-0.0
149599365.32319865,328377804.016349,0.0,-8.14197674940907e-05,29.779947621640574,0.0,443.4215355585457,0.0,-0.0,4455087999.999982,-0.4146882756542373,-0.9099635344533952,-0.0
149599365.03007928,328485011.82776886,0.0,-8.142433435358002e-05,29.77994761161446,0.0,443.4215355585457,0.0,-0.0,4455087999.999983,-0.41457616121518664,-0.9100146188672352,-0.0
149599364.73694345,328592219.63915265,0.0,-8.142889751121205e-05,29.779947601593204,0.0,443.4215355585457,0.0,-0.0,4455087999.999982,-0.4144641010953022,-0.9100656618636169,-0.0
149599364.4437912,328699427.45050037,0.0,-8.14334569707795e-05,29.779947591576803,0.0,443.4215355585457,0.0,-0.0,4455087999.999983,-0.4143520952607389,-0.9101166634849818,-0.0
149599364.15062258,328806635.26181203,0.0,-8.143801273607054e-05,29.779947581565253,0.0,443.4215355585457,0.0,-0.0,4455087999.999983,-0.41424014367767337,-0.9101676237737203,-0.0
149599363.85743752,328913843.07308763,0.0,-8.144256481086877e-05,29.77994757155855,0.0,443.42153555854577,0.0,-0.0,4455087999.999983,-0.4141282463123029,-0.9102185427721723,-0.0
149599363.5642361,329021050.88432723,0.0,-8.144711319895322e-05,29.779947561556693,0.0,443.42153555854577,0.0,-0.0,4455087999.999983,-0.41401640313084553,-0.9102694205226259,-0.0
149599363.27101833,329128258.69553083,0.0,-8.14516579040984e-05,29.779947551559676,0.0,443.42153555854577,0.0,-0.0,4455087999.999982,-0.4139046140995406,-0.9103202570673193,-0.0
149599362.9777842,329235466.5066984,0.0,-8.14561989300743e-05,29.7799475415675,0.0,443.4215355585457,0.0,-0.0,4455087999.999982,-0.41379287918464797,-0.9103710524484394,-0.0
149599362.68453372,329342674.3178301,0.0,-8.146073628064635e-05,29.779947531580156,0.0,443.42153555854566,0.0,-0.0,4455087999.999983,-0.4136811983524487,-0.9104218067081224,-0.0
149599362.3912669,329449882.1289258,0.0,-8.146526995957545e-05,29.77994752159765,0.0,443.4215355585457,0.0,-0.0,4455087999.999984,-0.4135695715692445,-0.9104725198884542,-0.0
149599362.09798378,329557089.9399856,0.0,-8.146979997061799e-05,29.77994751161997,0.0,443.4215355585457,0.0,-0.0,4455087999.999983,-0.4134579988013579,-0.9105231920314695,-0.0
149599361.80468434,329664297.75100946,0.0,-8.147432631752586e-05,29.77994750164712,0.0,443.4215355585457,0.0,-0.0,4455087999.999983,-0.4133464800151328,-0.910573823179153,-0.0
149599361.51136863,329771505.5619975,0.0,-8.147884900404641e-05,29.77994749167909,0.0,443.4215355585457,0.0,-0.0,4455087999.999983,-0.4132350151769335,-0.9106244133734389,-0.0
149599361.21803665,329878713.3729496,0.0,-8.148336803392253e-05,29.77994748171588,0.0,443.4215355585456,0.0,-0.0,4455087999.999984,-0.41312360425314537,-0.9106749626562106,-0.0
149599360.9246884,329985921.18386585,0.0,-8.148788341089259e-05,29.779947471757488,0.0,443.42153555854554,0.0,-0.0,4455087999.999983,-0.41301224721017477,-0.9107254710693016,-0.0
149599360.6313239,330093128.99474627,0.0,-8.149239513869046e-05,29.779947461803914,0.0,443.42153555854566,0.0,-0.0,4455087999.999983,-0.41290094401444877,-0.9107759386544952,-0.0
149599360.33794317,330200336.80559087,0.0,-8.149690322104554e-05,29.77994745185515,0.0,443.42153555854554,0.0,-0.0,4455087999.999984,-0.41278969463241544,-0.9108263654535244,-0.0
149599360.04454622,330307544.61639965,0.0,-8.150140766168278e-05,29.779947441911197,0.0,443.42153555854566,0.0,-0.0,4455087999.999984,-0.4126784990305435,-0.9108767515080718,-0.0
149599359.75113305,330414752.42717266,0.0,-8.15059084643226e-05,29.779947431972047,0.0,443.4215355585456,0.0,-0.0,4455087999.999984,-0.41256735717532284,-0.9109270968597705,-0.0
149599359.45770368,330521960.23790985,0.0,-8.151040563268099e-05,29.7799474220377,0.0,443.4215355585456,0.0,-0.0,4455087999.999984,-0.41245626903326393,-0.910977401550203,-0.0
149599359.16425812,330629168.04861134,0.0,-8.151489917046949e-05,29.779947412108154,0.0,443.42153555854554,0.0,-0.0,4455087999.999984,-0.4123452345708983,-0.9110276656209025,-0.0
149599358.8707964,330736375.85927707,0.0,-8.151938908139516e-05,29.779947402183403,0.0,443.42153555854554,0.0,-0.0,4455087999.999984,-0.4122342537547781,-0.9110778891133517,-0.0
149599358.57731855,330843583.6699071,0.0,-8.152387536916062e-05,29.77994739226345,0.0,443.4215355585456,0.0,-0.0,4455087999.999984,-0.412123326551477,-0.9111280720689845,-0.0
149599358.28382453,330950791.4805014,0.0,-8.152835803746405e-05,29.779947382348283,0.0,443.42153555854554,0.0,-0.0,4455087999.999984,-0.41201245292758854,-0.911178214529184,-0.0
149599357.9903144,331057999.29106003,0.0,-8.153283708999921e-05,29.779947372437906,0.0,443.4215355585456,0.0,-0.0,4455087999.999984,-0.4119016328497277,-0.9112283165352842,-0.0
149599357.69678813,331165207.101583,0.0,-8.15373125304554e-05,29.779947362532315,0.0,443.42153555854554,0.0,-0.0,4455087999.999985,-0.41179086628453015,-0.9112783781285696,-0.0
149599357.40324575,331272414.9120703,0.0,-8.154178436251752e-05,29.779947352631506,0.0,443.42153555854566,0.0,-0.0,4455087999.999985,-0.41168015319865253,-0.9113283993502749,-0.0
149599357.10968727,331379622.72252196,0.0,-8.154625258986604e-05,29.779947342735476,0.0,443.42153555854566,0.0,-0.0,4455087999.999985,-0.411569493558772,-0.9113783802415855,-0.0
149599356.81611273,331486830.532938,0.0,-8.155071721617702e-05,29.77994733284422,0.0,443.42153555854566,0.0,-0.0,4455087999.999985,-0.41145888733158686,-0.9114283208436373,-0.0
149599356.52252212,331594038.34331846,0.0,-8.155517824512211e-05,29.77994732295774,0.0,443.42153555854566,0.0,-0.0,4455087999.999985,-0.4113483344838163,-0.9114782211975172,-0.0
149599356.22891545,331701246.15366334,0.0,-8.155963568036857e-05,29.779947313076025,0.0,443.4215355585457,0.0,-0.0,4455087999.999985,-0.4112378349822,-0.9115280813442627,-0.0
149599355.93529275,331808453.9639726,0.0,-8.156408952557924e-05,29.77994730319908,0.0,443.4215355585457,0.0,-0.0,4455087999.999986,-0.4111273887934986,-0.9115779013248617,-0.0
149599355.641654,331915661.7742464,0.0,-8.15685397844126e-05,29.7799472933269,0.0,443.4215355585457,0.0,-0.0,4455087999.999985,-0.41101699588449364,-0.9116276811802537,-0.0
149599355.34799927,332022869.58448464,0.0,-8.157298646052275e-05,29.779947283459478,0.0,443.4215355585457,0.0,-0.0,4455087999.999985,-0.41090665622198735,-0.9116774209513284,-0.0
149599355.05432853,332130077.39468735,0.0,-8.157742955755937e-05,29.779947273596814,0.0,443.42153555854566,0.0,-0.0,4455087999.999985,-0.41079636977280287,-0.911727120678927,-0.0
149599354.76064178,332237285.20485455,0.0,-8.15818690791678e-05,29.779947263738908,0.0,443.42153555854566,0.0,-0.0,4455087999.999986,-0.41068613650378377,-0.9117767804038417,-0.0
149599354.46693906,332344493.0149863,0.0,-8.158630502898903e-05,29.77994725388575,0.0,443.4215355585457,0.0,-0.0,4455087999.999985,-0.4105759563817951,-0.9118264001668158,-0.0
149599354.1732204,332451700.82508254,0.0,-8.159073741065966e-05,29.779947244037345,0.0,443.42153555854566,0.0,-0.0,4455087999.999985,-0.41046582937372234,-0.9118759800085439,-0.0
149599353.87948576,332558908.63514334,0.0,-8.159516622781195e-05,29.779947234193685,0.0,443.4215355585456,0.0,-0.0,4455087999.999985,-0.4103557554464714,-0.9119255199696715,-0.0
149599353.5857352,332666116.44516873,0.0,-8.15995914840738e-05,29.779947224354768,0.0,443.42153555854566,0.0,-0.0,4455087999.999986,-0.41024573456696956,-0.9119750200907959,-0.0
149599353.2919687,332773324.2551587,0.0,-8.160401318306877e-05,29.77994721452059,0.0,443.42153555854554,0.0,-0.0,4455087999.999985,-0.4101357667021646,-0.9120244804124655,-0.0
149599352.9981863,332880532.0651133,0.0,-8.160843132841611e-05,29.77994720469115,0.0,443.4215355585456,0.0,-0.0,4455087999.999985,-0.410025851819025,-0.9120739009751803,-0.0
149599352.704388,332987739.8750325,0.0,-8.16128459237307e-05,29.77994719486645,0.0,443.42153555854566,0.0,-0.0,4455087999.999985,-0.40991598988454014,-0.9121232818193917,-0.0
149599352.4105738,333094947.6849163,0.0,-8.161725697262311e-05,29.779947185046474,0.0,443.4215355585456,0.0,-0.0,4455087999.999985,-0.4098061808657203,-0.912172622985503,-0.0
149599352.11674374,333202155.4947648,0.0,-8.16216644786996e-05,29.77994717523123,0.0,443.42153555854554,0.0,-0.0,4455087999.999985,-0.4096964247295962,-0.9122219245138687,-0.0
149599351.82289782,333309363.304578,0.0,-8.16260684455621e-05,29.779947165420708,0.0,443.4215355585456,0.0,-0.0,4455087999.999984,-0.40958672144321945,-0.9122711864447953,-0.0
149599351.52903605,333416571.11435586,0.0,-8.163046887680826e-05,29.779947155614913,0.0,443.4215355585456,0.0,-0.0,4455087999.999984,-0.4094770709736624,-0.9123204088185413,-0.0
149599351.23515844,333523778.92409843,0.0,-8.163486577603139e-05,29.779947145813836,0.0,443.4215355585456,0.0,-0.0,4455087999.999984,-0.4093674732880183,-0.9123695916753163,-0.0
149599350.94126502,333630986.7338057,0.0,-8.163925914682053e-05,29.779947136017476,0.0,443.4215355585456,0.0,-0.0,4455087999.999984,-0.40925792835340097,-0.9124187350552828,-0.0
149599350.6473558,333738194.5434778,0.0,-8.164364899276043e-05,29.77994712622583,0.0,443.42153555854566,0.0,-0.0,4455087999.999985,-0.40914843613694507,-0.9124678389985545,-0.0
149599350.35343075,333845402.35311455,0.0,-8.164803531743152e-05,29.779947116438898,0.0,443.42153555854566,0.0,-0.0,4455087999.999985,-0.40903899660580584,-0.9125169035451975,-0.0
149599350.05948994,333952610.1627161,0.0,-8.165241812440998e-05,29.77994710665667,0.0,443.4215355585457,0.0,-0.0,4455087999.999984,-0.40892960972715936,-0.9125659287352302,-0.0
149599349.76553336,334059817.97228247,0.0,-8.165679741726773e-05,29.779947096879148,0.0,443.42153555854566,0.0,-0.0,4455087999.999986,-0.4088202754682023,-0.9126149146086223,-0.0
149599349.471561,334167025.7818136,0.0,-8.16611731995724e-05,29.77994708710633,0.0,443.42153555854577,0.0,-0.0,4455087999.999985,-0.4087109937961526,-0.9126638612052969,-0.0
149599349.1775729,334274233.5913096,0.0,-8.166554547488736e-05,29.779947077338207,0.0,443.42153555854566,0.0,-0.0,4455087999.999984,-0.408601764678248,-0.9127127685651284,-0.0
149599348.8835691,334381441.4007704,0.0,-8.166991424677172e-05,29.77994706757478,0.0,443.4215355585457,0.0,-0.0,4455087999.999985,-0.40849258808174754,-0.9127616367279443,-0.0
149599348.58954954,334488649.21019614,0.0,-8.167427951878035e-05,29.77994705781605,0.0,443.42153555854566,0.0,-0.0,4455087999.999985,-0.408383463973931,-0.912810465733524,-0.0
149599348.2955143,334595857.01958674,0.0,-8.167864129446386e-05,29.779947048062006,0.0,443.4215355585456,0.0,-0.0,4455087999.999985,-0.4082743923220986,-0.9128592556215998,-0.0
149599348.00146332,334703064.82894224,0.0,-8.168299957736864e-05,29.779947038312653,0.0,443.42153555854566,0.0,-0.0,4455087999.999984,-0.4081653730935712,-0.9129080064318561,-0.0
149599347.7073967,334810272.6382626,0.0,-8.168735437103682e-05,29.77994702856798,0.0,443.4215355585456,0.0,-0.0,4455087999.999985,-0.4080564062556908,-0.9129567182039303,-0.0
149599347.41331437,334917480.4475479,0.0,-8.169170567900632e-05,29.779947018827993,0.0,443.4215355585456,0.0,-0.0,4455087999.999985,-0.4079474917758196,-0.9130053909774123,-0.0
149599347.1192164,335024688.25679815,0.0,-8.169605350481084e-05,29.779947009092684,0.0,443.42153555854554,0.0,-0.0,4455087999.999985,-0.4078386296213408,-0.9130540247918448,-0.0
149599346.8251028,335131896.06601334,0.0,-8.170039785197984e-05,29.77994699936205,0.0,443.4215355585456,0.0,-0.0,4455087999.999985,-0.40772981975965816,-0.9131026196867232,-0.0
149599346.53097355,335239103.87519354,0.0,-8.17047387240386e-05,29.779946989636088,0.0,443.4215355585455,0.0,-0.0,4455087999.999984,-0.4076210621581959,-0.9131511757014958,-0.0
149599346.23682868,335346311.68433875,0.0,-8.170907612450816e-05,29.779946979914797,0.0,443.4215355585455,0.0,-0.0,4455087999.999985,-0.4075123567843992,-0.9131996928755641,-0.0
149599345.9426682,335453519.493449,0.0,-8.171341005690538e-05,29.779946970198175,0.0,443.42153555854554,0.0,-0.0,4455087999.999984,-0.40740370360573375,-0.9132481712482821,-0.0
149599345.64849213,335560727.3025242,0.0,-8.171774052474293e-05,29.779946960486214,0.0,443.42153555854543,0.0,-0.0,4455087999.999984,-0.4072951025896861,-0.9132966108589571,-0.0
149599345.35430047,335667935.11156446,0.0,-8.172206753152928e-05,29.779946950778914,0.0,443.42153555854543,0.0,-0.0,4455087999.999983,-0.407186553703763,-0.9133450117468493,-0.0
149599345.06009325,335775142.9205698,0.0,-8.17263910807687e-05,29.779946941076275,0.0,443.4215355585455,0.0,-0.0,4455087999.999984,-0.4070780569154923,-0.9133933739511729,-0.0
149599344.76587048,335882350.72954017,0.0,-8.173071117596133e-05,29.77994693137829,0.0,443.42153555854543,0.0,-0.0,4455087999.999984,-0.40696961219242245,-0.9134416975110943,-0.0
149599344.47163215,335989558.5384757,0.0,-8.173502782060308e-05,29.77994692168496,0.0,443.4215355585455,0.0,-0.0,4455087999.999984,-0.40686121950212223,-0.9134899824657334,-0.0
149599344.1773783,336096766.34737635,0.0,-8.173934101818573e-05,29.779946911996277,0.0,443.4215355585455,0.0,-0.0,4455087999.999985,-0.4067528788121811,-0.9135382288541641,-0.0
149599343.8831089,336203974.1562421,0.0,-8.174365077219689e-05,29.77994690231224,0.0,443.4215355585455,0.0,-0.0,4455087999.999985,-0.4066445900902095,-0.9135864367154132,-0.0
149599343.588824,336311181.965073,0.0,-8.174795708612001e-05,29.779946892632847,0.0,443.4215355585454,0.0,-0.0,4455087999.999984,-0.40653635330383786,-0.9136346060884608,-0.0
149599343.29452363,336418389.77386904,0.0,-8.175225996343439e-05,29.779946882958097,0.0,443.4215355585454,0.0,-0.0,4455087999.999985,-0.406428168420718,-0.9136827370122413,-0.0
149599343.00020775,336525597.5826303,0.0,-8.175655940761518e-05,29.779946873287983,0.0,443.4215355585454,0.0,-0.0,4455087999.999984,-0.4063200354085218,-0.9137308295256418,-0.0
149599342.7058764,336632805.3913567,0.0,-8.17608554221334e-05,29.779946863622506,0.0,443.4215355585454,0.0,-0.0,4455087999.999985,-0.4062119542349418,-0.9137788836675039,-0.0
149599342.4115296,336740013.2000483,0.0,-8.176514801045593e-05,29.77994685396166,0.0,443.42153555854543,0.0,-0.0,4455087999.999985,-0.4061039248676913,-0.9138268994766222,-0.0
149599342.11716735,336847221.0087052,0.0,-8.176943717604552e-05,29.779946844305446,0.0,443.42153555854543,0.0,-0.0,4455087999.999985,-0.4059959472745041,-0.9138748769917455,-0.0
149599341.82278967,336954428.8173273,0.0,-8.177372292236081e-05,29.779946834653856,0.0,443.42153555854543,0.0,-0.0,4455087999.999985,-0.40588802142313457,-0.9139228162515766,-0.0
149599341.52839655,337061636.6259147,0.0,-8.177800525285631e-05,29.779946825006892,0.0,443.4215355585455,0.0,-0.0,4455087999.999985,-0.40578014728135775,-0.9139707172947719,-0.0
149599341.23398802,337168844.4344674,0.0,-8.178228417098241e-05,29.779946815364546,0.0,443.4215355585455,0.0,-0.0,4455087999.999985,-0.40567232481696885,-0.9140185801599416,-0.0
149599340.9395641,337276052.24298537,0.0,-8.178655968018541e-05,29.77994680572682,0.0,443.42153555854543,0.0,-0.0,4455087999.999986,-0.40556455399778446,-0.9140664048856507,-0.0
149599340.6451248,337383260.0514687,0.0,-8.17908317839075e-05,29.779946796093707,0.0,443.4215355585455,0.0,-0.0,4455087999.999985,-0.4054568347916408,-0.9141141915104174,-0.0
149599340.3506701,337490467.8599173,0.0,-8.179510048558677e-05,29.779946786465207,0.0,443.4215355585455,0.0,-0.0,4455087999.999984,-0.40534916716639535,-0.9141619400727148,-0.0
149599340.05620006,337597675.6683312,0.0,-8.179936578865722e-05,29.779946776841317,0.0,443.42153555854554,0.0,-0.0,4455087999.999985,-0.4052415510899258,-0.9142096506109696,-0.0
149599339.76171467,337704883.4767105,0.0,-8.18036276965488e-05,29.779946767222032,0.0,443.4215355585455,0.0,-0.0,4455087999.999984,-0.4051339865301306,-0.9142573231635631,-0.0
149599339.46721393,337812091.28505516,0.0,-8.180788621268731e-05,29.77994675760735,0.0,443.4215355585455,0.0,-0.0,4455087999.999984,-0.4050264734549284,-0.9143049577688311,-0.0
149599339.17269787,337919299.09336525,0.0,-8.181214134049453e-05,29.779946747997272,0.0,443.42153555854554,0.0,-0.0,4455087999.999984,-0.40491901183225854,-0.9143525544650637,-0.0
149599338.8781665,338026506.9016408,0.0,-8.181639308338816e-05,29.77994673839179,0.0,443.42153555854554,0.0,-0.0,4455087999.999984,-0.4048116016300813,-0.9144001132905051,-0.0
149599338.58361983,338133714.7098817,0.0,-8.182064144478184e-05,29.7799467287909,0.0,443.4215355585455,0.0,-0.0,4455087999.999983,-0.40470424281637646,-0.9144476342833543,-0.0
149599338.28905788,338240922.5180881,0.0,-8.182488642808513e-05,29.779946719194605,0.0,443.42153555854554,0.0,-0.0,4455087999.999983,-0.40459693535914565,-0.9144951174817652,-0.0
149599337.99448064,338348130.3262599,0.0,-8.182912803670356e-05,29.7799467096029,0.0,443.4215355585456,0.0,-0.0,4455087999.999983,-0.4044896792264099,-0.9145425629238457,-0.0
149599337.69988814,338455338.1343972,0.0,-8.18333662740386e-05,29.77994670001578,0.0,443.4215355585456,0.0,-0.0,4455087999.999984,-0.4043824743862112,-0.9145899706476587,-0.0
149599337.4052804,338562545.9425,0.0,-8.183760114348769e-05,29.779946690433245,0.0,443.42153555854566,0.0,-0.0,4455087999.999984,-0.40427532080661205,-0.9146373406912223,-0.0
149599337.11065742,338669753.75056833,0.0,-8.184183264844422e-05,29.77994668085529,0.0,443.42153555854566,0.0,-0.0,4455087999.999984,-0.4041682184556956,-0.9146846730925086,-0.0
149599336.8160192,338776961.55860215,0.0,-8.184606079229755e-05,29.779946671281913,0.0,443.42153555854566,0.0,-0.0,4455087999.999984,-0.40406116730156477,-0.9147319678894451,-0.0
149599336.5213658,338884169.3666015,0.0,-8.185028557843302e-05,29.779946661713108,0.0,443.42153555854566,0.0,-0.0,4455087999.999984,-0.40395416731234396,-0.9147792251199142,-0.0
149599336.22669718,338991377.17456645,0.0,-8.185450701023197e-05,29.779946652148876,0.0,443.4215355585456,0.0,-0.0,4455087999.999984,-0.4038472184561774,-0.9148264448217533,-0.0
149599335.93201336,339098584.982497,0.0,-8.185872509107167e-05,29.779946642589213,0.0,443.4215355585456,0.0,-0.0,4455087999.999984,-0.4037403207012299,-0.9148736270327548,-0.0
149599335.63731438,339205792.7903931,0.0,-8.186293982432544e-05,29.77994663303412,0.0,443.42153555854566,0.0,-0.0,4455087999.999984,-0.40363347401568656,-0.9149207717906661,-0.0
149599335.34260023,339313000.59825486,0.0,-8.186715121336256e-05,29.779946623483585,0.0,443.4215355585456,0.0,-0.0,4455087999.999985,-0.40352667836775347,-0.9149678791331899,-0.0
149599335.0478709,339420208.4060822,0.0,-8.18713592615483e-05,29.779946613937614,0.0,443.42153555854566,0.0,-0.0,4455087999.999985,-0.40341993372565654,-0.9150149490979843,-0.0
149599334.75312644,339527416.21387523,0.0,-8.187556397224398e-05,29.7799466043962,0.0,443.42153555854566,0.0,-0.0,4455087999.999986,-0.40331324005764263,-0.9150619817226626,-0.0
149599334.45836684,339634624.02163386,0.0,-8.187976534880689e-05,29.779946594859343,0.0,443.42153555854566,0.0,-0.0,4455087999.999985,-0.40320659733197867,-0.9151089770447931,-0.0
149599334.16359213,339741831.8293582,0.0,-8.188396339459037e-05,29.779946585327036,0.0,443.42153555854566,0.0,-0.0,4455087999.999985,-0.4031000055169522,-0.9151559351019001,-0.0
149599333.8688023,339849039.63704824,0.0,-8.188815811294374e-05,29.77994657579928,0.0,443.42153555854566,0.0,-0.0,4455087999.999985,-0.4029934645808713,-0.915202855931463,-0.0
149599333.5739974,339956247.444704,0.0,-8.189234950721239e-05,29.77994656627607,0.0,443.42153555854577,0.0,-0.0,4455087999.999986,-0.40288697449206406,-0.9152497395709167,-0.0
149599333.2791774,340063455.2523255,0.0,-8.189653758073771e-05,29.7799465567574,0.0,443.42153555854566,0.0,-0.0,4455087999.999985,-0.4027805352188796,-0.9152965860576522,-0.0
149599332.98434234,340170663.0599127,0.0,-8.190072233685716e-05,29.779946547243277,0.0,443.4215355585457,0.0,-0.0,4455087999.999986,-0.40267414672968666,-0.9153433954290154,-0.0
149599332.6894922,340277870.8674656,0.0,-8.19049037789042e-05,29.77994653773369,0.0,443.4215355585457,0.0,-0.0,4455087999.999985,-0.40256780899287514,-0.9153901677223084,-0.0
149599332.39462703,340385078.67498434,0.0,-8.190908191020837e-05,29.779946528228635,0.0,443.42153555854566,0.0,-0.0,4455087999.999986,-0.40246152197685475,-0.9154369029747892,-0.0
149599332.09974682,340492286.48246884,0.0,-8.191325673409526e-05,29.779946518728114,0.0,443.4215355585456,0.0,-0.0,4455087999.999986,-0.40235528565005607,-0.9154836012236711,-0.0
149599331.8048516,340599494.2899192,0.0,-8.19174282538865e-05,29.779946509232122,0.0,443.42153555854566,0.0,-0.0,4455087999.999985,-0.4022490999809297,-0.9155302625061238,-0.0
149599331.50994134,340706702.09733534,0.0,-8.192159647289982e-05,29.779946499740657,0.0,443.4215355585456,0.0,-0.0,4455087999.999985,-0.40214296493794677,-0.9155768868592726,-0.0
149599331.2150161,340813909.9047173,0.0,-8.192576139444898e-05,29.779946490253717,0.0,443.4215355585456,0.0,-0.0,4455087999.999985,-0.40203688048959874,-0.9156234743201991,-0.0
149599330.92007586,340921117.71206516,0.0,-8.192992302184383e-05,29.779946480771297,0.0,443.42153555854554,0.0,-0.0,4455087999.999985,-0.4019308466043974,-0.9156700249259405,-0.0
149599330.62512067,341028325.5193789,0.0,-8.193408135839031e-05,29.779946471293396,0.0,443.42153555854554,0.0,-0.0,4455087999.999985,-0.40182486325087474,-0.9157165387134906,-0.0
149599330.33015049,341135533.3266585,0.0,-8.193823640739044e-05,29.77994646182001,0.0,443.42153555854554,0.0,-0.0,4455087999.999985,-0.40171893039758355,-0.9157630157197992,-0.0
149599330.03516537,341242741.133904,0.0,-8.194238817214229e-05,29.779946452351137,0.0,443.42153555854554,0.0,-0.0,4455087999.999985,-0.4016130480130966,-0.9158094559817725,-0.0
149599329.7401653,341349948.9411154,0.0,-8.19465366559401e-05,29.779946442886775,0.0,443.4215355585456,0.0,-0.0,4455087999.999984,-0.40150721606600703,-0.9158558595362726,-0.0
149599329.4451503,341457156.74829274,0.0,-8.195068186207413e-05,29.779946433426918,0.0,443.42153555854554,0.0,-0.0,4455087999.999984,-0.40140143452492855,-0.9159022264201183,-0.0
149599329.15012038,341564364.5554361,0.0,-8.195482379383081e-05,29.779946423971566,0.0,443.42153555854554,0.0,-0.0,4455087999.999984,-0.4012957033584946,-0.9159485566700846,-0.0
149599328.85507557,341671572.3625454,0.0,-8.195896245449264e-05,29.779946414520715,0.0,443.4215355585455,0.0,-0.0,4455087999.999984,-0.40119002253535974,-0.9159948503229031,-0.0
149599328.56001586,341778780.16962063,0.0,-8.196309784733825e-05,29.779946405074362,0.0,443.42153555854543,0.0,-0.0,4455087999.999984,-0.40108439202419827,-0.9160411074152618,-0.0
149599328.26494128,341885987.9766619,0.0,-8.196722997564241e-05,29.779946395632507,0.0,443.4215355585455,0.0,-0.0,4455087999.999984,-0.40097881179370487,-0.9160873279838055,-0.0
149599327.96985182,341993195.78366923,0.0,-8.197135884267597e-05,29.779946386195146,0.0,443.4215355585455,0.0,-0.0,4455087999.999985,-0.40087328181259463,-0.9161335120651356,-0.0
149599327.6747475,342100403.5906426,0.0,-8.197548445170595e-05,29.779946376762275,0.0,443.4215355585456,0.0,-0.0,4455087999.999985,-0.40076780204960305,-0.91617965969581,-0.0
149599327.37962833,342207611.39758193,0.0,-8.197960680599549e-05,29.779946367333892,0.0,443.4215355585456,0.0,-0.0,4455087999.999985,-0.4006623724734857,-0.9162257709123434,-0.0
149599327.08449432,342314819.2044874,0.0,-8.198372590880387e-05,29.779946357909992,0.0,443.42153555854554,0.0,-0.0,4455087999.999985,-0.4005569930530183,-0.9162718457512073,-0.0
149599326.7893455,342422027.0113589,0.0,-8.198784176338652e-05,29.779946348490572,0.0,443.4215355585455,0.0,-0.0,4455087999.999984,-0.400451663756997,-0.9163178842488303,-0.0
149599326.49418187,342529234.81819654,0.0,-8.199195437299503e-05,29.779946339075632,0.0,443.4215355585455,0.0,-0.0,4455087999.999985,-0.4003463845542384,-0.916363886441598,-0.0
149599326.19900343,342636442.62500024,0.0,-8.199606374087712e-05,29.77994632966517,0.0,443.42153555854543,0.0,-0.0,4455087999.999984,-0.4002411554135792,-0.9164098523658524,-0.0
149599325.9038102,342743650.4317701,0.0,-8.20001698702767e-05,29.779946320259178,0.0,443.42153555854543,0.0,-0.0,4455087999.999984,-0.4001359763038761,-0.9164557820578927,-0.0
149599325.6086022,342850858.2385061,0.0,-8.200427276443384e-05,29.77994631085766,0.0,443.42153555854543,0.0,-0.0,4455087999.999983,-0.4000308471940064,-0.9165016755539759,-0.0
149599325.31337944,342958066.0452083,0.0,-8.200837242658476e-05,29.77994630146061,0.0,443.4215355585454,0.0,-0.0,4455087999.999983,-0.3999257680528675,-0.9165475328903154,-0.0
149599325.01814193,343065273.8518766,0.0,-8.201246885996188e-05,29.779946292068022,0.0,443.4215355585454,0.0,-0.0,4455087999.999984,-0.3998207388493769,-0.9165933541030823,-0.0
149599324.72288966,343172481.65851116,0.0,-8.20165620677938e-05,29.779946282679898,0.0,443.4215355585453,0.0,-0.0,4455087999.999983,-0.39971575955247274,-0.9166391392284043,-0.0
149599324.42762268,343279689.4651119,0.0,-8.20206520533053e-05,29.779946273296236,0.0,443.42153555854543,0.0,-0.0,4455087999.999983,-0.3996108301311126,-0.916684888302367,-0.0
149599324.13234097,343386897.27167886,0.0,-8.202473881971736e-05,29.77994626391703,0.0,443.4215355585454,0.0,-0.0,4455087999.999983,-0.39950595055427496,-0.9167306013610135,-0.0
149599323.83704457,343494105.0782121,0.0,-8.202882237024713e-05,29.779946254542278,0.0,443.42153555854543,0.0,-0.0,4455087999.999984,-0.3994011207909584,-0.9167762784403436,-0.0
149599323.54173347,343601312.88471156,0.0,-8.2032902708108e-05,29.779946245171978,0.0,443.4215355585454,0.0,-0.0,4455087999.999984,-0.3992963408101813,-0.9168219195763152,-0.0
149599323.2464077,343708520.6911773,0.0,-8.203697983650955e-05,29.779946235806126,0.0,443.4215355585454,0.0,-0.0,4455087999.999985,-0.39919161058098274,-0.9168675248048439,-0.0
149599322.95106724,343815728.4976094,0.0,-8.204105375865756e-05,29.779946226444718,0.0,443.42153555854543,0.0,-0.0,4455087999.999984,-0.39908693007242146,-0.9169130941618023,-0.0
149599322.65571213,343922936.3040077,0.0,-8.204512447775404e-05,29.779946217087755,0.0,443.42153555854543,0.0,-0.0,4455087999.999985,-0.39898229925357676,-0.916958627683021,-0.0
149599322.36034235,344030144.11037236,0.0,-8.204919199699721e-05,29.779946207735232,0.0,443.4215355585455,0.0,-0.0,4455087999.999985,-0.398877718093548,-0.9170041254042886,-0.0
149599322.06495795,344137351.9167034,0.0,-8.205325631958155e-05,29.779946198387147,0.0,443.4215355585455,0.0,-0.0,4455087999.999986,-0.39877318656145455,-0.9170495873613506,-0.0
149599321.7695589,344244559.72300076,0.0,-8.205731744869773e-05,29.779946189043496,0.0,443.4215355585455,0.0,-0.0,4455087999.999985,-0.398668704626436,-0.9170950135899112,-0.0
149599321.47414526,344351767.5292645,0.0,-8.206137538753268e-05,29.779946179704275,0.0,443.4215355585455,0.0,-0.0,4455087999.999985,-0.39856427225765234,-0.9171404041256321,-0.0
149599321.17871702,344458975.33549464,0.0,-8.206543013926955e-05,29.779946170369485,0.0,443.42153555854543,0.0,-0.0,4455087999.999985,-0.3984598894242833,-0.9171857590041332,-0.0
149599320.88327417,344566183.14169115,0.0,-8.206948170708777e-05,29.77994616103912,0.0,443.42153555854543,0.0,-0.0,4455087999.999984,-0.3983555560955289,-0.9172310782609919,-0.0
149599320.58781675,344673390.9478541,0.0,-8.207353009416301e-05,29.77994615171318,0.0,443.4215355585454,0.0,-0.0,4455087999.999985,-0.39825127224060947,-0.9172763619317442,-0.0
149599320.29234475,344780598.7539835,0.0,-8.207757530366718e-05,29.779946142391662,0.0,443.4215355585454,0.0,-0.0,4455087999.999984,-0.3981470378287649,-0.9173216100518836,-0.0
149599319.9968582,344887806.56007934,0.0,-8.208161733876846e-05,29.77994613307456,0.0,443.4215355585454,0.0,-0.0,4455087999.999985,-0.3980428528292559,-0.9173668226568624,-0.0
149599319.70135713,344995014.3661416,0.0,-8.20856562026313e-05,29.779946123761874,0.0,443.4215355585454,0.0,-0.0,4455087999.999985,-0.3979387172113628,-0.9174119997820909,-0.0
149599319.4058415,345102222.1721704,0.0,-8.208969189841643e-05,29.7799461144536,0.0,443.4215355585453,0.0,-0.0,4455087999.999985,-0.3978346309443862,-0.9174571414629371,-0.0
149599319.11031136,345209429.9781657,0.0,-8.209372442928083e-05,29.77994610514974,0.0,443.4215355585454,0.0,-0.0,4455087999.999985,-0.3977305939976467,-0.9175022477347285,-0.0
149599318.8147667,345316637.7841275,0.0,-8.20977537983778e-05,29.779946095850285,0.0,443.4215355585454,0.0,-0.0,4455087999.999985,-0.39762660634048497,-0.9175473186327499,-0.0
149599318.51920754,345423845.5900558,0.0,-8.210178000885688e-05,29.779946086555235,0.0,443.4215355585454,0.0,-0.0,4455087999.999985,-0.39752266794226176,-0.917592354192245,-0.0
149599318.2236339,345531053.3959507,0.0,-8.210580306386394e-05,29.779946077264587,0.0,443.42153555854543,0.0,-0.0,4455087999.999986,-0.3974187787723579,-0.9176373544484158,-0.0
149599317.92804575,345638261.2018121,0.0,-8.210982296654113e-05,29.779946067978337,0.0,443.4215355585454,0.0,-0.0,4455087999.999986,-0.39731493880017443,-0.9176823194364233,-0.0
149599317.63244316,345745469.0076401,0.0,-8.21138397200269e-05,29.77994605869648,0.0,443.4215355585454,0.0,-0.0,4455087999.999985,-0.39721114799513213,-0.9177272491913866,-0.0
149599317.33682612,345852676.8134347,0.0,-8.2117853327456e-05,29.77994604941902,0.0,443.4215355585454,0.0,-0.0,4455087999.999985,-0.39710740632667185,-0.9177721437483836,-0.0
149599317.04119462,345959884.61919594,0.0,-8.212186379195952e-05,29.77994604014595,0.0,443.4215355585454,0.0,-0.0,4455087999.999985,-0.3970037137642549,-0.9178170031424507,-0.0
149599316.7455487,346067092.4249238,0.0,-8.212587111666481e-05,29.77994603087727,0.0,443.4215355585453,0.0,-0.0,4455087999.999985,-0.3969000702773622,-0.9178618274085839,-0.0
149599316.44988835,346174300.23061824,0.0,-8.21298753046956e-05,29.779946021612975,0.0,443.4215355585454,0.0,-0.0,4455087999.999985,-0.3967964758354947,-0.9179066165817369,-0.0
149599316.1542136,346281508.0362794,0.0,-8.21338763591719e-05,29.77994601235306,0.0,443.4215355585453,0.0,-0.0,4455087999.999986,-0.3966929304081735,-0.917951370696823,-0.0
149599315.85852444,346388715.8419072,0.0,-8.213787428321008e-05,29.77994600309753,0.0,443.4215355585453,0.0,-0.0,4455087999.999985,-0.3965894339649395,-0.917996089788714,-0.0
149599315.5628209,346495923.6475017,0.0,-8.214186907992283e-05,29.779945993846372,0.0,443.4215355585454,0.0,-0.0,4455087999.999985,-0.396485986475354,-0.9180407738922414,-0.0
149599315.267103,346603131.4530629,0.0,-8.214586075241918e-05,29.77994598459959,0.0,443.4215355585454,0.0,-0.0,4455087999.999984,-0.39638258790899783,-0.9180854230421949,-0.0
149599314.9713707,346710339.2585908,0.0,-8.21498493038045e-05,29.77994597535718,0.0,443.4215355585453,0.0,-0.0,4455087999.999984,-0.396279238235472,-0.9181300372733233,-0.0
149599314.67562407,346817547.0640855,0.0,-8.215383473718054e-05,29.77994596611914,0.0,443.4215355585454,0.0,-0.0,4455087999.999984,-0.3961759374243975,-0.9181746166203354,-0.0
149599314.3798631,346924754.8695469,0.0,-8.215781705564537e-05,29.779945956885467,0.0,443.4215355585454,0.0,-0.0,4455087999.999985,-0.39607268544541535,-0.9182191611178985,-0.0
149599314.08408782,347031962.67497504,0.0,-8.216179626229342e-05,29.779945947656156,0.0,443.42153555854543,0.0,-0.0,4455087999.999986,-0.39596948226818635,-0.9182636708006391,-0.0
149599313.7882982,347139170.48037,0.0,-8.21657723602155e-05,29.779945938431204,0.0,443.4215355585453,0.0,-0.0,4455087999.999986,-0.3958663278623913,-0.9183081457031435,-0.0
149599313.49249426,347246378.28573173,0.0,-8.216974535249878e-05,29.779945929210612,0.0,443.4215355585453,0.0,-0.0,4455087999.999985,-0.3957632221977311,-0.9183525858599567,-0.0
149599313.19667602,347353586.0910603,0.0,-8.21737152422268e-05,29.779945919994375,0.0,443.4215355585453,0.0,-0.0,4455087999.999985,-0.39566016524392633,-0.9183969913055839,-0.0
149599312.9008435,347460793.8963557,0.0,-8.21776820324795e-05,29.77994591078249,0.0,443.4215355585453,0.0,-0.0,4455087999.999984,-0.3955571569707176,-0.9184413620744891,-0.0
149599312.6049967,347568001.70161796,0.0,-8.218164572633315e-05,29.77994590157496,0.0,443.42153555854526,0.0,-0.0,4455087999.999985,-0.39545419734786563,-0.9184856982010963,-0.0
149599312.30913565,347675209.5068471,0.0,-8.218560632686048e-05,29.77994589237177,0.0,443.42153555854526,0.0,-0.0,4455087999.999984,-0.3953512863451507,-0.9185299997197885,-0.0
149599312.01326033,347782417.3120431,0.0,-8.218956383713056e-05,29.77994588317293,0.0,443.4215355585452,0.0,-0.0,4455087999.999984,-0.39524842393237314,-0.9185742666649088,-0.0
149599311.71737078,347889625.1172059,0.0,-8.219351826020887e-05,29.77994587397843,0.0,443.42153555854526,0.0,-0.0,4455087999.999984,-0.3951456100793533,-0.9186184990707599,-0.0
149599311.421467,347996832.9223357,0.0,-8.21974695991573e-05,29.77994586478827,0.0,443.42153555854526,0.0,-0.0,4455087999.999984,-0.39504284475593127,-0.9186626969716041,-0.0
149599311.12554902,348104040.72743237,0.0,-8.220141785703414e-05,29.77994585560245,0.0,443.4215355585453,0.0,-0.0,4455087999.999985,-0.39494012793196714,-0.9187068604016635,-0.0
149599310.8296168,348211248.53249604,0.0,-8.220536303689409e-05,29.779945846420958,0.0,443.4215355585453,0.0,-0.0,4455087999.999984,-0.3948374595773407,-0.91875098939512,-0.0
149599310.53367043,348318456.3375266,0.0,-8.220930514178826e-05,29.7799458372438,0.0,443.42153555854526,0.0,-0.0,4455087999.999985,-0.39473483966195155,-0.9187950839861156,-0.0
149599310.23770985,348425664.1425242,0.0,-8.22132441747642e-05,29.77994582807097,0.0,443.42153555854526,0.0,-0.0,4455087999.999985,-0.39463226815571956,-0.9188391442087521,-0.0
149599309.9417351,348532871.9474887,0.0,-8.221718013886586e-05,29.77994581890247,0.0,443.4215355585454,0.0,-0.0,4455087999.999986,-0.39452974502858396,-0.9188831700970915,-0.0
149599309.64574617,348640079.7524203,0.0,-8.222111303713365e-05,29.779945809738287,0.0,443.4215355585453,0.0,-0.0,4455087999.999987,-0.39442727025050406,-0.9189271616851554,-0.0
149599309.3497431,348747287.55731887,0.0,-8.222504287260439e-05,29.779945800578428,0.0,443.4215355585453,0.0,-0.0,4455087999.999986,-0.39432484379145905,-0.9189711190069259,-0.0
149599309.05372587,348854495.36218446,0.0,-8.222896964831134e-05,29.779945791422886,0.0,443.4215355585454,0.0,-0.0,4455087999.999987,-0.3942224656214477,-0.9190150420963449,-0.0
149599308.7576945,348961703.1670171,0.0,-8.223289336728422e-05,29.779945782271657,0.0,443.42153555854526,0.0,-0.0,4455087999.999986,-0.3941201357104888,-0.9190589309873148,-0.0
149599308.46164903,349068910.97181684,0.0,-8.22368140325492e-05,29.77994577312474,0.0,443.42153555854526,0.0,-0.0,4455087999.999986,-0.39401785402862083,-0.9191027857136982,-0.0
149599308.16558945,349176118.7765836,0.0,-8.224073164712888e-05,29.779945763982134,0.0,443.42153555854526,0.0,-0.0,4455087999.999986,-0.3939156205459024,-0.9191466063093182,-0.0
149599307.86951578,349283326.5813175,0.0,-8.224464621404234e-05,29.779945754843837,0.0,443.42153555854526,0.0,-0.0,4455087999.999986,-0.39381343523241136,-0.9191903928079576,-0.0
149599307.573428,349390534.38601846,0.0,-8.224855773630511e-05,29.779945745709842,0.0,443.4215355585452,0.0,-0.0,4455087999.999986,-0.3937112980582457,-0.9192341452433603,-0.0
149599307.27732617,349497742.1906866,0.0,-8.225246621692921e-05,29.77994573658015,0.0,443.42153555854526,0.0,-0.0,4455087999.999986,-0.393609208993523,-0.9192778636492304,-0.0
149599306.98121026,349604949.99532187,0.0,-8.22563716589231e-05,29.779945727454756,0.0,443.4215355585452,0.0,-0.0,4455087999.999985,-0.3935071680083809,-0.9193215480592327,-0.0
149599306.6850803,349712157.7999243,0.0,-8.226027406529173e-05,29.77994571833366,0.0,443.42153555854526,0.0,-0.0,4455087999.999986,-0.39340517507297645,-0.9193651985069919,-0.0
149599306.38893628,349819365.6044939,0.0,-8.226417343903654e-05,29.779945709216857,0.0,443.42153555854526,0.0,-0.0,4455087999.999986,-0.39330323015748675,-0.9194088150260944,-0.0
149599306.09277824,349926573.4090307,0.0,-8.226806978315544e-05,29.779945700104346,0.0,443.42153555854526,0.0,-0.0,4455087999.999985,-0.3932013332321083,-0.9194523976500864,-0.0
149599305.79660618,350033781.21353465,0.0,-8.227196310064286e-05,29.779945690996122,0.0,443.42153555854526,0.0,-0.0,4455087999.999986,-0.3930994842670577,-0.9194959464124751,-0.0
149599305.50042012,350140989.01800585,0.0,-8.227585339448967e-05,29.779945681892183,0.0,443.42153555854526,0.0,-0.0,4455087999.999986,-0.392997683232571,-0.9195394613467286,-0.0
149599305.20422006,350248196.82244426,0.0,-8.227974066768332e-05,29.77994567279253,0.0,443.4215355585452,0.0,-0.0,4455087999.999986,-0.39289593009890417,-0.9195829424862757,-0.0
149599304.908006,350355404.62684995,0.0,-8.228362492320768e-05,29.779945663697156,0.0,443.42153555854526,0.0,-0.0,4455087999.999986,-0.3927942248363328,-0.919626389864506,-0.0
149599304.61177796,350462612.4312229,0.0,-8.228750616404318e-05,29.77994565460606,0.0,443.42153555854526,0.0,-0.0,4455087999.999986,-0.392692567415152,-0.9196698035147703,-0.0
149599304.31553596,350569820.23556316,0.0,-8.229138439316677e-05,29.779945645519238,0.0,443.42153555854526,0.0,-0.0,4455087999.999986,-0.39259095780567665,-0.9197131834703803,-0.0
149599304.01928002,350677028.0398707,0.0,-8.229525961355187e-05,29.77994563643669,0.0,443.4215355585453,0.0,-0.0,4455087999.999987,-0.3924893959782418,-0.9197565297646084,-0.0
149599303.72301012,350784235.84414554,0.0,-8.229913182816848e-05,29.779945627358412,0.0,443.4215355585453,0.0,-0.0,4455087999.999987,-0.39238788190320134,-0.9197998424306884,-0.0
149599303.42672628,350891443.6483877,0.0,-8.230300103998308e-05,29.7799456182844,0.0,443.4215355585454,0.0,-0.0,4455087999.999988,-0.39228641555092963,-0.9198431215018152,-0.0
149599303.13042852,350998651.45259714,0.0,-8.230686725195872e-05,29.779945609214654,0.0,443.4215355585454,0.0,-0.0,4455087999.999988,-0.39218499689182007,-0.9198863670111451,-0.0
149599302.83411685,351105859.256774,0.0,-8.231073046705496e-05,29.77994560014917,0.0,443.42153555854543,0.0,-0.0,4455087999.999989,-0.3920836258962861,-0.919929578991795,-0.0
149599302.53779128,351213067.0609182,0.0,-8.23145906882279e-05,29.77994559108794,0.0,443.4215355585454,0.0,-0.0,4455087999.999989,-0.39198230253476063,-0.9199727574768437,-0.0
149599302.2414518,351320274.8650298,0.0,-8.231844791843022e-05,29.779945582030972,0.0,443.4215355585454,0.0,-0.0,4455087999.999989,-0.39188102677769626,-0.920015902499331,-0.0
149599301.94509846,351427482.6691088,0.0,-8.23223021606111e-05,29.779945572978257,0.0,443.42153555854543,0.0,-0.0,4455087999.999989,-0.391779798595565,-0.9200590140922584,-0.0
149599301.64873123,351534690.47315526,0.0,-8.232615341771631e-05,29.779945563929793,0.0,443.42153555854543,0.0,-0.0,4455087999.999988,-0.391678617958859,-0.9201020922885885,-0.0
149599301.35235015,351641898.2771691,0.0,-8.233000169268818e-05,29.779945554885575,0.0,443.4215355585454,0.0,-0.0,4455087999.999988,-0.39157748483808935,-0.9201451371212456,-0.0
149599301.05595523,351749106.0811504,0.0,-8.233384698846557e-05,29.779945545845607,0.0,443.4215355585455,0.0,-0.0,4455087999.999989,-0.3914763992037873,-0.9201881486231155,-0.0
149599300.75954646,351856313.8850992,0.0,-8.233768930798394e-05,29.77994553680988,0.0,443.42153555854543,0.0,-0.0,4455087999.999988,-0.3913753610265035,-0.9202311268270456,-0.0
149599300.46312386,351963521.68901545,0.0,-8.234152865417532e-05,29.779945527778395,0.0,443.4215355585455,0.0,-0.0,4455087999.999988,-0.39127437027680795,-0.920274071765845,-0.0
149599300.16668746,352070729.4928992,0.0,-8.23453650299683e-05,29.77994551875115,0.0,443.4215355585455,0.0,-0.0,4455087999.999989,-0.39117342692529056,-0.9203169834722841,-0.0
149599299.87023723,352177937.2967504,0.0,-8.234919843828807e-05,29.779945509728137,0.0,443.42153555854554,0.0,-0.0,4455087999.999988,-0.3910725309425608,-0.9203598619790956,-0.0
149599299.57377324,352285145.1005692,0.0,-8.235302888205639e-05,29.779945500709356,0.0,443.4215355585455,0.0,-0.0,4455087999.999989,-0.3909716822992473,-0.9204027073189737,-0.0
149599299.27729544,352392352.9043555,0.0,-8.235685636419163e-05,29.779945491694807,0.0,443.4215355585455,0.0,-0.0,4455087999.999989,-0.3908708809659987,-0.9204455195245747,-0.0
149599298.98080388,352499560.7081094,0.0,-8.236068088760874e-05,29.779945482684486,0.0,443.4215355585455,0.0,-0.0,4455087999.999989,-0.3907701269134829,-0.9204882986285162,-0.0
149599298.68429855,352606768.5118308,0.0,-8.236450245521928e-05,29.77994547367839,0.0,443.4215355585455,0.0,-0.0,4455087999.999989,-0.3906694201123876,-0.9205310446633784,-0.0
149599298.38777947,352713976.31551987,0.0,-8.236832106993139e-05,29.779945464676516,0.0,443.4215355585455,0.0,-0.0,4455087999.9999895,-0.3905687605334197,-0.9205737576617032,-0.0
149599298.09124663,352821184.1191765,0.0,-8.237213673464985e-05,29.77994545567886,0.0,443.42153555854543,0.0,-0.0,4455087999.999989,-0.39046814814730574,-0.9206164376559944,-0.0
149599297.7947001,352928391.9228008,0.0,-8.237594945227603e-05,29.77994544668542,0.0,443.4215355585455,0.0,-0.0,4455087999.999989,-0.39036758292479184,-0.9206590846787185,-0.0
149599297.4981398,353035599.7263927,0.0,-8.237975922570794e-05,29.7799454376962,0.0,443.42153555854543,0.0,-0.0,4455087999.999988,-0.39026706483664353,-0.9207016987623032,-0.0
149599297.2015658,353142807.5299522,0.0,-8.238356605784018e-05,29.779945428711187,0.0,443.42153555854543,0.0,-0.0,4455087999.999988,-0.390166593853646,-0.9207442799391392,-0.0
149599296.90497813,353250015.3334794,0.0,-8.238736995156401e-05,29.779945419730385,0.0,443.4215355585454,0.0,-0.0,4455087999.999989,-0.3900661699466038,-0.9207868282415791,-0.0
149599296.60837674,353357223.1369743,0.0,-8.239117090976729e-05,29.77994541075379,0.0,443.4215355585454,0.0,-0.0,4455087999.999988,-0.3899657930863408,-0.9208293437019377,-0.0
149599296.31176168,353464430.94043684,0.0,-8.239496893533454e-05,29.7799454017814,0.0,443.42153555854543,0.0,-0.0,4455087999.999988,-0.3898654632437004,-0.9208718263524923,-0.0
149599296.01513296,353571638.7438671,0.0,-8.23987640311469e-05,29.77994539281321,0.0,443.42153555854543,0.0,-0.0,4455087999.999988,-0.38976518038954583,-0.9209142762254828,-0.0
149599295.7184906,353678846.5472651,0.0,-8.240255620008217e-05,29.77994538384922,0.0,443.42153555854543,0.0,-0.0,4455087999.999988,-0.38966494449475947,-0.920956693353111,-0.0
149599295.4218346,353786054.3506308,0.0,-8.24063454450148e-05,29.779945374889426,0.0,443.4215355585454,0.0,-0.0,4455087999.999989,-0.3895647555302428,-0.9209990777675416,-0.0
149599295.12516493,353893262.1539643,0.0,-8.241013176881586e-05,29.779945365933827,0.0,443.42153555854543,0.0,-0.0,4455087999.999989,-0.38946461346691735,-0.9210414295009017,-0.0
149599294.82848164,354000469.95726556,0.0,-8.241391517435311e-05,29.779945356982417,0.0,443.4215355585454,0.0,-0.0,4455087999.999989,-0.3893645182757237,-0.9210837485852813,-0.0
149599294.53178474,354107677.7605346,0.0,-8.241769566449099e-05,29.779945348035195,0.0,443.4215355585454,0.0,-0.0,4455087999.999989,-0.389264469927622,-0.9211260350527324,-0.0
149599294.23507425,354214885.5637714,0.0,-8.242147324209054e-05,29.77994533909216,0.0,443.42153555854526,0.0,-0.0,4455087999.999988,-0.38916446839359164,-0.9211682889352701,-0.0
149599293.93835014,354322093.3669761,0.0,-8.242524791000952e-05,29.779945330153307,0.0,443.4215355585453,0.0,-0.0,4455087999.999988,-0.3890645136446315,-0.9212105102648722,-0.0
149599293.64161247,354429301.17014855,0.0,-8.242901967110236e-05,29.779945321218637,0.0,443.4215355585453,0.0,-0.0,4455087999.999989,-0.3889646056517598,-0.9212526990734795,-0.0
149599293.3448612,354536508.97328883,0.0,-8.243278852822015e-05,29.779945312288145,0.0,443.4215355585454,0.0,-0.0,4455087999.999989,-0.38886474438601454,-0.921294855392995,-0.0
149599293.0480964,354643716.776397,0.0,-8.243655448421068e-05,29.779945303361828,0.0,443.4215355585453,0.0,-0.0,4455087999.999988,-0.38876492981845234,-0.9213369792552852,-0.0
149599292.751318,354750924.579473,0.0,-8.244031754191844e-05,29.779945294439685,0.0,443.4215355585454,0.0,-0.0,4455087999.999989,-0.3886651619201497,-0.9213790706921793,-0.0
149599292.4545261,354858132.3825169,0.0,-8.244407770418456e-05,29.779945285521713,0.0,443.42153555854543,0.0,-0.0,4455087999.999989,-0.38856544066220233,-0.9214211297354693,-0.0
149599292.15772066,354965340.18552876,0.0,-8.244783497384692e-05,29.779945276607908,0.0,443.4215355585455,0.0,-0.0,4455087999.999989,-0.38846576601572536,-0.9214631564169106,-0.0
149599291.86090168,355072547.9885085,0.0,-8.245158935374009e-05,29.779945267698267,0.0,443.4215355585455,0.0,-0.0,4455087999.999989,-0.38836613795185315,-0.9215051507682213,-0.0
149599291.5640692,355179755.7914562,0.0,-8.245534084669532e-05,29.77994525879279,0.0,443.42153555854554,0.0,-0.0,4455087999.999989,-0.38826655644173935,-0.9215471128210829,-0.0
149599291.26722324,355286963.59437186,0.0,-8.245908945554058e-05,29.779945249891473,0.0,443.42153555854554,0.0,-0.0,4455087999.999989,-0.3881670214565572,-0.9215890426071399,-0.0
149599290.97036377,355394171.3972554,0.0,-8.246283518310057e-05,29.779945240994312,0.0,443.4215355585455,0.0,-0.0,4455087999.999989,-0.38806753296749885,-0.9216309401580002,-0.0
149599290.67349082,355501379.200107,0.0,-8.24665780321967e-05,29.779945232101305,0.0,443.4215355585455,0.0,-0.0,4455087999.999989,-0.3879680909457759,-0.9216728055052347,-0.0
149599290.3766044,355608587.0029265,0.0,-8.247031800564709e-05,29.77994522321245,0.0,443.4215355585455,0.0,-0.0,4455087999.999989,-0.3878686953626196,-0.9217146386803777,-0.0
149599290.07970452,355715794.8057141,0.0,-8.247405510626659e-05,29.779945214327746,0.0,443.42153555854543,0.0,-0.0,4455087999.999989,-0.38776934618927994,-0.9217564397149275,-0.0
149599289.7827912,355823002.60846967,0.0,-8.24777893368668e-05,29.77994520544719,0.0,443.4215355585455,0.0,-0.0,4455087999.999988,-0.38767004339702626,-0.9217982086403443,-0.0
149599289.48586443,355930210.4111933,0.0,-8.248152070025602e-05,29.77994519657078,0.0,443.42153555854554,0.0,-0.0,4455087999.999988,-0.38757078695714753,-0.9218399454880535,-0.0
149599289.18892425,356037418.213885,0.0,-8.248524919923932e-05,29.77994518769851,0.0,443.4215355585455,0.0,-0.0,4455087999.999989,-0.38747157684095174,-0.9218816502894428,-0.0
149599288.89197063,356144626.01654476,0.0,-8.24889748366185e-05,29.779945178830378,0.0,443.42153555854543,0.0,-0.0,4455087999.999988,-0.38737241301976594,-0.921923323075864,-0.0
149599288.59500363,356251833.8191726,0.0,-8.249269761519212e-05,29.779945169966386,0.0,443.42153555854554,0.0,-0.0,4455087999.999988,-0.3872732954649369,-0.9219649638786322,-0.0
149599288.29802322,356359041.62176853,0.0,-8.249641753775547e-05,29.779945161106525,0.0,443.42153555854543,0.0,-0.0,4455087999.999988,-0.3871742241478301,-0.9220065727290265,-0.0
149599288.00102943,356466249.42433256,0.0,-8.250013460710061e-05,29.779945152250797,0.0,443.42153555854543,0.0,-0.0,4455087999.999988,-0.38707519903983056,-0.9220481496582895,-0.0
149599287.70402226,356573457.22686476,0.0,-8.250384882601637e-05,29.7799451433992,0.0,443.4215355585455,0.0,-0.0,4455087999.999988,-0.38697622011234245,-0.9220896946976276,-0.0
149599287.40700173,356680665.02936506,0.0,-8.250756019728833e-05,29.779945134551728,0.0,443.42153555854543,0.0,-0.0,4455087999.999989,-0.38687728733678894,-0.9221312078782105,-0.0
149599287.10996783,356787872.83183354,0.0,-8.251126872369882e-05,29.77994512570838,0.0,443.42153555854543,0.0,-0.0,4455087999.999988,-0.3867784006846128,-0.9221726892311728,-0.0
149599286.8129206,356895080.6342702,0.0,-8.251497440802698e-05,29.779945116869154,0.0,443.4215355585454,0.0,-0.0,4455087999.999988,-0.38667956012727545,-0.9222141387876119,-0.0
149599286.51586002,357002288.436675,0.0,-8.251867725304871e-05,29.77994510803405,0.0,443.42153555854543,0.0,-0.0,4455087999.999988,-0.3865807656362579,-0.9222555565785899,-0.0
149599286.21878612,357109496.23904806,0.0,-8.252237726153671e-05,29.779945099203058,0.0,443.42153555854543,0.0,-0.0,4455087999.999988,-0.38648201718306036,-0.9222969426351324,-0.0
149599285.9216989,357216704.0413893,0.0,-8.252607443626043e-05,29.77994509037618,0.0,443.4215355585454,0.0,-0.0,4455087999.999987,-0.38638331473920173,-0.9223382969882293,-0.0
149599285.62459838,357323911.84369874,0.0,-8.252976877998615e-05,29.779945081553418,0.0,443.4215355585455,0.0,-0.0,4455087999.999988,-0.3862846582762205,-0.9223796196688344,-0.0
149599285.32748458,357431119.6459765,0.0,-8.25334602954769e-05,29.779945072734762,0.0,443.42153555854543,0.0,-0.0,4455087999.999988,-0.38618604776567406,-0.9224209107078657,-0.0
149599285.03035748,357538327.44822246,0.0,-8.253714898549255e-05,29.779945063920213,0.0,443.42153555854543,0.0,-0.0,4455087999.999988,-0.38608748317913927,-0.9224621701362056,-0.0
149599284.73321712,357645535.2504367,0.0,-8.254083485278974e-05,29.779945055109767,0.0,443.4215355585455,0.0,-0.0,4455087999.999989,-0.38598896448821146,-0.9225033979847003,-0.0
149599284.4360635,357752743.0526193,0.0,-8.254451790012195e-05,29.77994504630342,0.0,443.4215355585454,0.0,-0.0,4455087999.999988,-0.3858904916645058,-0.9225445942841602,-0.0
149599284.1388966,357859950.8547701,0.0,-8.254819813023944e-05,29.779945037501175,0.0,443.4215355585454,0.0,-0.0,4455087999.999989,-0.38579206467965604,-0.9225857590653609,-0.0
149599283.84171647,357967158.6568893,0.0,-8.255187554588929e-05,29.779945028703025,0.0,443.42153555854543,0.0,-0.0,4455087999.999988,-0.3856936835053152,-0.9226268923590412,-0.0
149599283.5445231,358074366.4589768,0.0,-8.255555014981543e-05,29.77994501990897,0.0,443.4215355585454,0.0,-0.0,4455087999.999988,-0.3855953481131555,-0.922667994195905,-0.0
149599283.2473165,358181574.26103264,0.0,-8.255922194475857e-05,29.779945011119004,0.0,443.4215355585454,0.0,-0.0,4455087999.999989,-0.3854970584748679,-0.9227090646066204,-0.0
149599282.9500967,358288782.0630568,0.0,-8.256289093345627e-05,29.77994500233313,0.0,443.42153555854543,0.0,-0.0,4455087999.999989,-0.385398814562163,-0.9227501036218201,-0.0
149599282.65286368,358395989.8650494,0.0,-8.256655711864292e-05,29.77994499355134,0.0,443.42153555854543,0.0,-0.0,4455087999.999988,-0.3853006163467696,-0.9227911112721011,-0.0
149599282.3556175,358503197.6670104,0.0,-8.257022050304974e-05,29.779944984773632,0.0,443.4215355585454,0.0,-0.0,4455087999.999989,-0.3852024638004365,-0.9228320875880256,-0.0
149599282.0583581,358610405.46893984,0.0,-8.257388108940482e-05,29.779944976000007,0.0,443.42153555854543,0.0,-0.0,4455087999.999988,-0.38510435689493083,-0.9228730326001199,-0.0
149599281.76108554,358717613.27083766,0.0,-8.257753888043303e-05,29.77994496723046,0.0,443.42153555854543,0.0,-0.0,4455087999.999989,-0.38500629560203903,-0.9229139463388747,-0.0
149599281.46379983,358824821.0727039,0.0,-8.258119387885614e-05,29.779944958464988,0.0,443.42153555854543,0.0,-0.0,4455087999.999988,-0.38490827989356635,-0.9229548288347463,-0.0
149599281.16650096,358932028.8745386,0.0,-8.258484608739277e-05,29.77994494970359,0.0,443.4215355585455,0.0,-0.0,4455087999.999988,-0.3848103097413376,-0.9229956801181551,-0.0
149599280.86918893,359039236.6763418,0.0,-8.258849550875838e-05,29.779944940946265,0.0,443.4215355585455,0.0,-0.0,4455087999.999988,-0.38471238511719597,-0.9230365002194867,-0.0
149599280.5718638,359146444.4781134,0.0,-8.259214214566529e-05,29.779944932193008,0.0,443.4215355585455,0.0,-0.0,4455087999.999989,-0.3846145059930038,-0.923077289169091,-0.0
149599280.27452552,359253652.2798536,0.0,-8.259578600082269e-05,29.779944923443814,0.0,443.42153555854554,0.0,-0.0,4455087999.999989,-0.3845166723406427,-0.9231180469972834,-0.0
149599279.97717413,359360860.0815622,0.0,-8.259942707693664e-05,29.779944914698685,0.0,443.4215355585455,0.0,-0.0,4455087999.999989,-0.3844188841320128,-0.9231587737343443,-0.0
149599279.67980966,359468067.8832394,0.0,-8.260306537671008e-05,29.779944905957617,0.0,443.4215355585455,0.0,-0.0,4455087999.999989,-0.38432114133903356,-0.9231994694105183,-0.0
149599279.38243207,359575275.6848851,0.0,-8.26067009028428e-05,29.779944897220606,0.0,443.42153555854543,0.0,-0.0,4455087999.999989,-0.38422344393364327,-0.9232401340560161,-0.0
149599279.0850414,359682483.48649937,0.0,-8.261033365803151e-05,29.779944888487652,0.0,443.4215355585455,0.0,-0.0,4455087999.999989,-0.3841257918877991,-0.9232807677010126,-0.0
149599278.78763768,359789691.2880822,0.0,-8.261396364496977e-05,29.77994487975875,0.0,443.4215355585455,0.0,-0.0,4455087999.9999895,-0.3840281851734772,-0.9233213703756485,-0.0
149599278.49022087,359896899.0896336,0.0,-8.261759086634804e-05,29.7799448710339,0.0,443.42153555854543,0.0,-0.0,4455087999.999989,-0.38393062376267273,-0.9233619421100292,-0.0
149599278.19279101,360004106.89115363,0.0,-8.262121532485367e-05,29.7799448623131,0.0,443.42153555854554,0.0,-0.0,4455087999.999989,-0.3838331076273995,-0.9234024829342258,-0.0
149599277.89534813,360111314.6926423,0.0,-8.262483702317094e-05,29.779944853596344,0.0,443.4215355585455,0.0,-0.0,4455087999.9999895,-0.38373563673969063,-0.9234429928782741,-0.0
149599277.5978922,360218522.49409956,0.0,-8.262845596398096e-05,29.77994484488363,0.0,443.42153555854543,0.0,-0.0,4455087999.999989,-0.38363821107159773,-0.9234834719721757,-0.0
149599277.30042323,360325730.2955255,0.0,-8.263207214996183e-05,29.77994483617496,0.0,443.42153555854543,0.0,-0.0,4455087999.999988,-0.38354083059519156,-0.9235239202458974,-0.0
149599277.00294128,360432938.0969201,0.0,-8.26356855837885e-05,29.779944827470327,0.0,443.4215355585455,0.0,-0.0,4455087999.999989,-0.3834434952825618,-0.9235643377293713,-0.0
149599276.7054463,360540145.8982833,0.0,-8.263929626813285e-05,29.77994481876973,0.0,443.4215355585456,0.0,-0.0,4455087999.999989,-0.38334620510581663,-0.9236047244524949,-0.0
149599276.40793833,360647353.69961524,0.0,-8.264290420566368e-05,29.779944810073168,0.0,443.4215355585456,0.0,-0.0,4455087999.999989,-0.3832489600370836,-0.9236450804451318,-0.0
149599276.1104174,360754561.5009159,0.0,-8.264650939904672e-05,29.779944801380633,0.0,443.42153555854554,0.0,-0.0,4455087999.999989,-0.3831517600485087,-0.9236854057371102,-0.0
149599275.81288347,360861769.30218524,0.0,-8.265011185094459e-05,29.779944792692127,0.0,443.4215355585455,0.0,-0.0,4455087999.999988,-0.383054605112257,-0.9237257003582248,-0.0
149599275.51533657,360968977.1034233,0.0,-8.265371156401688e-05,29.779944784007647,0.0,443.4215355585455,0.0,-0.0,4455087999.999988,-0.3829574952005122,-0.9237659643382353,-0.0
149599275.21777675,361076184.9046301,0.0,-8.26573085409201e-05,29.77994477532719,0.0,443.4215355585455,0.0,-0.0,4455087999.999988,-0.382860430285477,-0.9238061977068672,-0.0
149599274.92020395,361183392.70580566,0.0,-8.266090278430769e-05,29.779944766650758,0.0,443.4215355585455,0.0,-0.0,4455087999.999988,-0.38276341033937283,-0.9238464004938121,-0.0
149599274.62261823,361290600.50694996,0.0,-8.266449429683002e-05,29.779944757978342,0.0,443.4215355585455,0.0,-0.0,4455087999.999988,-0.38266643533443995,-0.9238865727287268,-0.0
149599274.3250196,361397808.3080631,0.0,-8.266808308113445e-05,29.77994474930994,0.0,443.42153555854554,0.0,-0.0,4455087999.999987,-0.38256950524293737,-0.9239267144412343,-0.0
149599274.02740803,361505016.109145,0.0,-8.267166913986524e-05,29.779944740645554,0.0,443.4215355585455,0.0,-0.0,4455087999.999988,-0.382472620037143,-0.9239668256609234,-0.0
149599273.72978356,361612223.9101957,0.0,-8.267525247566363e-05,29.77994473198518,0.0,443.4215355585455,0.0,-0.0,4455087999.999987,-0.38237577968935327,-0.9240069064173487,-0.0
149599273.43214622,361719431.71121526,0.0,-8.26788330911678e-05,29.77994472332881,0.0,443.42153555854543,0.0,-0.0,4455087999.999988,-0.3822789841718837,-0.924046956740031,-0.0
149599273.13449597,361826639.5122037,0.0,-8.268241098901292e-05,29.77994471467645,0.0,443.42153555854543,0.0,-0.0,4455087999.999987,-0.38218223345706837,-0.9240869766584566,-0.0
149599272.83683285,361933847.31316096,0.0,-8.268598617183108e-05,29.779944706028093,0.0,443.4215355585455,0.0,-0.0,4455087999.999987,-0.38208552751726,-0.9241269662020783,-0.0
149599272.53915688,362041055.1140871,0.0,-8.268955864225139e-05,29.779944697383737,0.0,443.42153555854554,0.0,-0.0,4455087999.999987,-0.3819888663248304,-0.9241669254003146,-0.0
149599272.24146804,362148262.91498214,0.0,-8.269312840289989e-05,29.779944688743377,0.0,443.4215355585455,0.0,-0.0,4455087999.999987,-0.38189224985216985,-0.9242068542825507,-0.0
149599271.94376636,362255470.71584606,0.0,-8.269669545639962e-05,29.779944680107015,0.0,443.4215355585454,0.0,-0.0,4455087999.999987,-0.3817956780716874,-0.9242467528781373,-0.0
149599271.64605182,362362678.5166789,0.0,-8.27002598053706e-05,29.779944671474645,0.0,443.4215355585454,0.0,-0.0,4455087999.999987,-0.3816991509558105,-0.9242866212163916,-0.0
149599271.34832448,362469886.3174807,0.0,-8.270382145242982e-05,29.77994466284627,0.0,443.4215355585454,0.0,-0.0,4455087999.999987,-0.381602668476986,-0.9243264593265972,-0.0
149599271.05058432,362577094.1182514,0.0,-8.270738040019129e-05,29.779944654221882,0.0,443.42153555854543,0.0,-0.0,4455087999.999986,-0.3815062306076789,-0.9243662672380036,-0.0
149599270.75283134,362684301.9189911,0.0,-8.271093665126597e-05,29.779944645601482,0.0,443.42153555854543,0.0,-0.0,4455087999.999987,-0.3814098373203731,-0.9244060449798274,-0.0
149599270.45506558,362791509.71969974,0.0,-8.271449020826185e-05,29.779944636985064,0.0,443.42153555854543,0.0,-0.0,4455087999.999987,-0.38131348858757075,-0.9244457925812506,-0.0
149599270.15728703,362898717.5203774,0.0,-8.271804107378389e-05,29.77994462837263,0.0,443.4215355585455,0.0,-0.0,4455087999.999988,-0.38121718438179336,-0.9244855100714222,-0.0
149599269.8594957,363005925.32102406,0.0,-8.272158925043409e-05,29.779944619764173,0.0,443.4215355585455,0.0,-0.0,4455087999.999988,-0.38112092467558056,-0.9245251974794578,-0.0
149599269.56169158,363113133.1216397,0.0,-8.272513474081144e-05,29.779944611159692,0.0,443.42153555854554,0.0,-0.0,4455087999.999988,-0.38102470944149086,-0.9245648548344391,-0.0
149599269.2638747,363220340.9222244,0.0,-8.272867754751192e-05,29.779944602559187,0.0,443.4215355585456,0.0,-0.0,4455087999.999987,-0.38092853865210125,-0.9246044821654146,-0.0
149599268.9660451,363327548.72277814,0.0,-8.273221767312858e-05,29.77994459396265,0.0,443.4215355585455,0.0,-0.0,4455087999.999987,-0.3808324122800074,-0.9246440795013995,-0.0
149599268.66820276,363434756.52330095,0.0,-8.273575512025143e-05,29.779944585370085,0.0,443.42153555854554,0.0,-0.0,4455087999.999988,-0.3807363302978239,-0.9246836468713754,-0.0
149599268.37034768,363541964.3237928,0.0,-8.273928989146754e-05,29.779944576781485,0.0,443.4215355585455,0.0,-0.0,4455087999.999987,-0.3806402926781833,-0.9247231843042906,-0.0
149599268.07247987,363649172.12425375,0.0,-8.274282198936102e-05,29.77994456819685,0.0,443.4215355585455,0.0,-0.0,4455087999.999988,-0.38054429939373724,-0.9247626918290605,-0.0
149599267.77459937,363756379.9246838,0.0,-8.274635141651297e-05,29.779944559616176,0.0,443.42153555854543,0.0,-0.0,4455087999.999988,-0.38044835041715575,-0.9248021694745667,-0.0
149599267.47670615,363863587.725083,0.0,-8.274987817550153e-05,29.779944551039463,0.0,443.42153555854554,0.0,-0.0,4455087999.999988,-0.3803524457211275,-0.9248416172696581,-0.0
149599267.17880026,363970795.5254513,0.0,-8.275340226890193e-05,29.779944542466705,0.0,443.4215355585455,0.0,-0.0,4455087999.999988,-0.38025658527835976,-0.9248810352431504,-0.0
149599266.88088167,364078003.32578874,0.0,-8.275692369928639e-05,29.779944533897904,0.0,443.42153555854554,0.0,-0.0,4455087999.999988,-0.3801607690615782,-0.9249204234238259,-0.0
149599266.5829504,364185211.12609535,0.0,-8.276044246922418e-05,29.779944525333054,0.0,443.42153555854554,0.0,-0.0,4455087999.999988,-0.38006499704352725,-0.9249597818404343,-0.0
149599266.2850065,364292418.92637116,0.0,-8.276395858128166e-05,29.779944516772154,0.0,443.4215355585456,0.0,-0.0,4455087999.999989,-0.3799692691969697,-0.9249991105216917,-0.0
149599265.9870499,364399626.72661614,0.0,-8.276747203802221e-05,29.779944508215202,0.0,443.4215355585456,0.0,-0.0,4455087999.999989,-0.37987358549468686,-0.9250384094962818,-0.0
149599265.6890807,364506834.5268303,0.0,-8.277098284200628e-05,29.779944499662193,0.0,443.4215355585456,0.0,-0.0,4455087999.999988,-0.3797779459094787,-0.9250776787928552,-0.0
149599265.39109883,364614042.32701373,0.0,-8.277449099579136e-05,29.779944491113127,0.0,443.4215355585456,0.0,-0.0,4455087999.999988,-0.37968235041416365,-0.9251169184400295,-0.0
149599265.09310436,364721250.12716633,0.0,-8.277799650193205e-05,29.779944482568002,0.0,443.42153555854566,0.0,-0.0,4455087999.999989,-0.37958679898157854,-0.9251561284663896,-0.0
149599264.79509726,364828457.9272882,0.0,-8.278149936297998e-05,29.779944474026813,0.0,443.4215355585457,0.0,-0.0,4455087999.999989,-0.37949129158457884,-0.9251953089004874,-0.0
149599264.49707755,364935665.7273793,0.0,-8.278499958148388e-05,29.77994446548956,0.0,443.4215355585457,0.0,-0.0,4455087999.999989,-0.37939582819603823,-0.9252344597708422,-0.0
149599264.19904527,365042873.5274397,0.0,-8.278849715998954e-05,29.77994445695624,0.0,443.42153555854577,0.0,-0.0,4455087999.9999895,-0.37930040878884913,-0.9252735811059407,-0.0
149599263.90100038,365150081.3274694,0.0,-8.279199210103983e-05,29.77994444842685,0.0,443.4215355585457,0.0,-0.0,4455087999.999989,-0.37920503333592237,-0.9253126729342368,-0.0
149599263.6029429,365257289.1274684,0.0,-8.279548440717471e-05,29.779944439901385,0.0,443.4215355585457,0.0,-0.0,4455087999.999988,-0.37910970181018705,-0.9253517352841519,-0.0
149599263.3048729,365364496.9274367,0.0,-8.279897408093125e-05,29.779944431379846,0.0,443.42153555854566,0.0,-0.0,4455087999.999989,-0.3790144141845909,-0.9253907681840744,-0.0
149599263.0067903,365471704.7273743,0.0,-8.280246112484357e-05,29.77994442286223,0.0,443.42153555854566,0.0,-0.0,4455087999.999988,-0.3789191704321001,-0.9254297716623607,-0.0
149599262.70869517,365578912.5272813,0.0,-8.280594554144293e-05,29.779944414348535,0.0,443.42153555854566,0.0,-0.0,4455087999.999988,-0.378823970525699,-0.9254687457473344,-0.0
149599262.4105875,365686120.3271576,0.0,-8.280942733325765e-05,29.77994440583876,0.0,443.4215355585456,0.0,-0.0,4455087999.999988,-0.3787288144383906,-0.9255076904672866,-0.0
149599262.1124673,365793328.1270033,0.0,-8.281290650281318e-05,29.779944397332898,0.0,443.4215355585456,0.0,-0.0,4455087999.999988,-0.3786337021431963,-0.9255466058504765,-0.0
149599261.81433457,365900535.92681843,0.0,-8.281638305263207e-05,29.779944388830952,0.0,443.42153555854566,0.0,-0.0,4455087999.999989,-0.3785386336131556,-0.9255854919251301,-0.0
149599261.51618934,366007743.7266029,0.0,-8.281985698523398e-05,29.779944380332914,0.0,443.42153555854566,0.0,-0.0,4455087999.999988,-0.37844360882132677,-0.9256243487194417,-0.0
149599261.21803162,366114951.5263568,0.0,-8.282332830313568e-05,29.779944371838784,0.0,443.42153555854566,0.0,-0.0,4455087999.999988,-0.37834862774078615,-0.9256631762615731,-0.0
149599260.91986138,366222159.32608014,0.0,-8.282679700885107e-05,29.779944363348562,0.0,443.42153555854566,0.0,-0.0,4455087999.999988,-0.3782536903446286,-0.9257019745796536,-0.0
149599260.62167868,366329367.1257729,0.0,-8.283026310489116e-05,29.779944354862245,0.0,443.42153555854566,0.0,-0.0,4455087999.999988,-0.37815879660596724,-0.925740743701781,-0.0
149599260.3234835,366436574.9254351,0.0,-8.28337265937641e-05,29.77994434637983,0.0,443.42153555854566,0.0,-0.0,4455087999.999988,-0.37806394649793357,-0.9257794836560203,-0.0
149599260.02527586,366543782.72506684,0.0,-8.283718747797517e-05,29.77994433790131,0.0,443.4215355585456,0.0,-0.0,4455087999.999988,-0.37796913999367754,-0.9258181944704046,-0.0
149599259.72705576,366650990.52466804,0.0,-8.284064576002676e-05,29.779944329426687,0.0,443.4215355585456,0.0,-0.0,4455087999.999989,-0.37787437706636723,-0.9258568761729347,-0.0
149599259.4288232,366758198.3242387,0.0,-8.284410144241843e-05,29.77994432095596,0.0,443.4215355585456,0.0,-0.0,4455087999.999988,-0.37777965768918903,-0.9258955287915799,-0.0
149599259.13057822,366865406.12377894,0.0,-8.284755452764684e-05,29.779944312489125,0.0,443.42153555854566,0.0,-0.0,4455087999.999988,-0.37768498183534777,-0.9259341523542769,-0.0
149599258.8323208,366972613.92328864,0.0,-8.285100501820585e-05,29.779944304026177,0.0,443.4215355585456,0.0,-0.0,4455087999.999988,-0.3775903494780664,-0.9259727468889306,-0.0
149599258.53405097,367079821.7227679,0.0,-8.285445291658641e-05,29.779944295567116,0.0,443.4215355585456,0.0,-0.0,4455087999.999987,-0.3774957605905865,-0.9260113124234145,-0.0
149599258.23576874,367187029.52221674,0.0,-8.285789822527667e-05,29.77994428711194,0.0,443.4215355585456,0.0,-0.0,4455087999.999988,-0.37740121514616737,-0.9260498489855696,-0.0
149599257.9374741,367294237.3216351,0.0,-8.28613409467619e-05,29.779944278660647,0.0,443.4215355585456,0.0,-0.0,4455087999.999987,-0.37730671311808706,-0.9260883566032053,-0.0
149599257.63916707,367401445.1210231,0.0,-8.286478108352456e-05,29.77994427021323,0.0,443.42153555854554,0.0,-0.0,4455087999.999987,-0.3772122544796417,-0.9261268353040991,-0.0
149599257.34084767,367508652.9203807,0.0,-8.286821863804424e-05,29.779944261769696,0.0,443.42153555854554,0.0,-0.0,4455087999.999986,-0.3771178392041455,-0.9261652851159972,-0.0
149599257.0425159,367615860.7197079,0.0,-8.287165361279773e-05,29.779944253330036,0.0,443.4215355585456,0.0,-0.0,4455087999.999987,-0.3770234672649312,-0.9262037060666133,-0.0
149599256.74417177,367723068.5190047,0.0,-8.287508601025896e-05,29.77994424489425,0.0,443.42153555854566,0.0,-0.0,4455087999.999987,-0.37692913863534966,-0.9262420981836301,-0.0
149599256.4458153,367830276.31827116,0.0,-8.287851583289905e-05,29.77994423646233,0.0,443.42153555854566,0.0,-0.0,4455087999.999988,-0.37683485328876964,-0.9262804614946984,-0.0
149599256.14744645,367937484.1175073,0.0,-8.288194308318631e-05,29.77994422803428,0.0,443.4215355585457,0.0,-0.0,4455087999.999988,-0.37674061119857855,-0.9263187960274376,-0.0
149599255.8490653,368044691.91671306,0.0,-8.288536776358622e-05,29.779944219610098,0.0,443.42153555854566,0.0,-0.0,4455087999.999988,-0.37664641233818175,-0.9263571018094352,-0.0
149599255.55067182,368151899.7158885,0.0,-8.288878987656143e-05,29.779944211189775,0.0,443.42153555854566,0.0,-0.0,4455087999.999988,-0.3765522566810029,-0.9263953788682476,-0.0
149599255.25226602,368259107.51503366,0.0,-8.289220942457179e-05,29.779944202773315,0.0,443.42153555854577,0.0,-0.0,4455087999.999988,-0.3764581442004837,-0.9264336272313995,-0.0
149599254.95384791,368366315.3141485,0.0,-8.289562641007435e-05,29.779944194360713,0.0,443.42153555854577,0.0,-0.0,4455087999.999988,-0.37636407487008416,-0.9264718469263844,-0.0
149599254.6554175,368473523.11323303,0.0,-8.289904083552335e-05,29.779944185951965,0.0,443.42153555854577,0.0,-0.0,4455087999.999988,-0.37627004866328234,-0.9265100379806639,-0.0
149599254.3569748,368580730.91228735,0.0,-8.290245270337023e-05,29.779944177547073,0.0,443.4215355585458,0.0,-0.0,4455087999.999988,-0.37617606555357436,-0.9265482004216689,-0.0
149599254.05851984,368687938.7113114,0.0,-8.290586201606364e-05,29.77994416914603,0.0,443.4215355585458,0.0,-0.0,4455087999.999988,-0.3760821255144746,-0.9265863342767984,-0.0
149599253.7600526,368795146.5103052,0.0,-8.290926877604942e-05,29.779944160748837,0.0,443.42153555854577,0.0,-0.0,4455087999.999987,-0.3759882285195157,-0.9266244395734209,-0.0
149599253.4615731,368902354.30926883,0.0,-8.291267298577062e-05,29.77994415235549,0.0,443.4215355585458,0.0,-0.0,4455087999.999987,-0.37589437454224817,-0.9266625163388731,-0.0
149599253.16308135,369009562.1082022,0.0,-8.291607464766754e-05,29.779944143965988,0.0,443.4215355585458,0.0,-0.0,4455087999.999987,-0.3758005635562406,-0.9267005646004604,-0.0
149599252.86457735,369116769.9071054,0.0,-8.291947376417765e-05,29.779944135580326,0.0,443.4215355585458,0.0,-0.0,4455087999.999987,-0.3757067955350798,-0.9267385843854574,-0.0
149599252.56606114,369223977.7059784,0.0,-8.292287033773568e-05,29.779944127198505,0.0,443.4215355585459,0.0,-0.0,4455087999.999988,-0.3756130704523708,-0.9267765757211078,-0.0
149599252.2675327,369331185.50482124,0.0,-8.292626437077355e-05,29.77994411882052,0.0,443.4215355585458,0.0,-0.0,4455087999.999988,-0.37551938828173637,-0.9268145386346237,-0.0
149599251.96899205,369438393.3036339,0.0,-8.292965586572044e-05,29.77994411044637,0.0,443.4215355585458,0.0,-0.0,4455087999.999988,-0.3754257489968177,-0.9268524731531865,-0.0
149599251.67043918,369545601.10241646,0.0,-8.293304482500273e-05,29.77994410207605,0.0,443.4215355585458,0.0,-0.0,4455087999.999987,-0.37533215257127367,-0.9268903793039467,-0.0
149599251.37187412,369652808.9011689,0.0,-8.293643125104408e-05,29.779944093709563,0.0,443.4215355585459,0.0,-0.0,4455087999.999988,-0.3752385989787814,-0.9269282571140235,-0.0
149599251.07329687,369760016.6998912,0.0,-8.293981514626533e-05,29.7799440853469,0.0,443.42153555854577,0.0,-0.0,4455087999.999987,-0.37514508819303605,-0.9269661066105056,-0.0
149599250.77470747,369867224.49858344,0.0,-8.294319651308462e-05,29.779944076988066,0.0,443.42153555854577,0.0,-0.0,4455087999.999987,-0.37505162018775073,-0.9270039278204506,-0.0
149599250.47610587,369974432.29724556,0.0,-8.29465753539173e-05,29.779944068633053,0.0,443.42153555854577,0.0,-0.0,4455087999.999987,-0.3749581949366567,-0.9270417207708854,-0.0
149599250.1774921,370081640.0958776,0.0,-8.2949951671176e-05,29.779944060281863,0.0,443.4215355585458,0.0,-0.0,4455087999.999987,-0.37486481241350306,-0.9270794854888059,-0.0
149599249.87886623,370188847.8944796,0.0,-8.295332546727056e-05,29.77994405193449,0.0,443.4215355585458,0.0,-0.0,4455087999.999988,-0.37477147259205695,-0.9271172220011777,-0.0
149599249.58022818,370296055.6930515,0.0,-8.29566967446081e-05,29.77994404359093,0.0,443.42153555854577,0.0,-0.0,4455087999.999987,-0.3746781754461037,-0.9271549303349353,-0.0
149599249.281578,370403263.4915934,0.0,-8.296006550559303e-05,29.779944035251187,0.0,443.4215355585458,0.0,-0.0,4455087999.999987,-0.3745849209494461,-0.9271926105169828,-0.0
149599248.9829157,370510471.29010534,0.0,-8.296343175262698e-05,29.779944026915253,0.0,443.42153555854577,0.0,-0.0,4455087999.999986,-0.37449170907590557,-0.9272302625741933,-0.0
149599248.6842413,370617679.0885872,0.0,-8.296679548810885e-05,29.77994401858313,0.0,443.42153555854577,0.0,-0.0,4455087999.999988,-0.37439853979932075,-0.9272678865334097,-0.0
149599248.3855548,370724886.8870391,0.0,-8.297015671443483e-05,29.779944010254813,0.0,443.4215355585458,0.0,-0.0,4455087999.999988,-0.374305413093549,-0.9273054824214444,-0.0
149599248.0868562,370832094.68546104,0.0,-8.29735154339984e-05,29.7799440019303,0.0,443.4215355585458,0.0,-0.0,4455087999.999988,-0.374212328932465,-0.9273430502650789,-0.0
149599247.78814548,370939302.48385304,0.0,-8.297687164919027e-05,29.77994399360959,0.0,443.4215355585459,0.0,-0.0,4455087999.999988,-0.37411928728996163,-0.9273805900910645,-0.0
149599247.4894227,371046510.28221506,0.0,-8.298022536239847e-05,29.779943985292675,0.0,443.42153555854577,0.0,-0.0,4455087999.999987,-0.3740262881399496,-0.9274181019261223,-0.0
149599247.19068787,371153718.08054715,0.0,-8.298357657600831e-05,29.77994397697956,0.0,443.4215355585457,0.0,-0.0,4455087999.999988,-0.37393333145635754,-0.9274555857969425,-0.0
149599246.89194095,371260925.8788493,0.0,-8.298692529240237e-05,29.77994396867024,0.0,443.4215355585457,0.0,-0.0,4455087999.999987,-0.37384041721313205,-0.9274930417301853,-0.0
149599246.593182,371368133.6771216,0.0,-8.299027151396054e-05,29.77994396036471,0.0,443.42153555854577,0.0,-0.0,4455087999.999987,-0.37374754538423755,-0.9275304697524807,-0.0
149599246.294411,371475341.47536397,0.0,-8.299361524306e-05,29.779943952062975,0.0,443.4215355585458,0.0,-0.0,4455087999.999988,-0.37365471594365635,-0.9275678698904278,-0.0
149599245.99562797,371582549.27357644,0.0,-8.299695648207521e-05,29.779943943765026,0.0,443.4215355585458,0.0,-0.0,4455087999.999988,-0.3735619288653885,-0.9276052421705963,-0.0
149599245.69683293,371689757.07175905,0.0,-8.300029523337799e-05,29.77994393547086,0.0,443.42153555854577,0.0,-0.0,4455087999.999988,-0.3734691841234519,-0.9276425866195251,-0.0
149599245.39802587,371796964.8699118,0.0,-8.300363149933738e-05,29.77994392718048,0.0,443.4215355585457,0.0,-0.0,4455087999.999987,-0.3733764816918827,-0.9276799032637234,-0.0
149599245.0992068,371904172.66803473,0.0,-8.300696528231981e-05,29.77994391889388,0.0,443.42153555854577,0.0,-0.0,4455087999.999989,-0.3732838215447344,-0.92771719212967,-0.0
149599244.80037573,372011380.4661278,0.0,-8.301029658468898e-05,29.77994391061106,0.0,443.42153555854577,0.0,-0.0,4455087999.999988,-0.37319120365607833,-0.9277544532438136,-0.0
149599244.50153267,372118588.2641911,0.0,-8.301362540880592e-05,29.779943902332015,0.0,443.42153555854577,0.0,-0.0,4455087999.999988,-0.3730986280000041,-0.9277916866325732,-0.0
149599244.20267764,372225796.06222457,0.0,-8.301695175702896e-05,29.779943894056743,0.0,443.4215355585457,0.0,-0.0,4455087999.999989,-0.37300609455061856,-0.9278288923223371,-0.0
149599243.90381062,372333003.8602283,0.0,-8.302027563171377e-05,29.779943885785244,0.0,443.42153555854577,0.0,-0.0,4455087999.999988,-0.37291360328204665,-0.9278660703394646,-0.0
149599243.60493165,372440211.65820223,0.0,-8.302359703521336e-05,29.779943877517514,0.0,443.42153555854577,0.0,-0.0,4455087999.999989,-0.37282115416843115,-0.9279032207102844,-0.0
149599243.30604073,372547419.4561464,0.0,-8.302691596987804e-05,29.77994386925355,0.0,443.42153555854577,0.0,-0.0,4455087999.999989,-0.37272874718393256,-0.9279403434610957,-0.0
149599243.00713786,372654627.25406086,0.0,-8.303023243805548e-05,29.779943860993352,0.0,443.4215355585457,0.0,-0.0,4455087999.999988,-0.37263638230272894,-0.9279774386181673,-0.0
149599242.70822307,372761835.05194557,0.0,-8.303354644209068e-05,29.779943852736917,0.0,443.4215355585457,0.0,-0.0,4455087999.999989,-0.37254405949901626,-0.9280145062077388,-0.0
149599242.40929633,372869042.8498006,0.0,-8.303685798432596e-05,29.77994384448424,0.0,443.42153555854577,0.0,-0.0,4455087999.999989,-0.3724517787470084,-0.92805154625602,-0.0
149599242.1103577,372976250.64762586,0.0,-8.3040167067101e-05,29.779943836235322,0.0,443.42153555854577,0.0,-0.0,4455087999.999989,-0.37235954002093646,-0.9280885587891905,-0.0
149599241.81140715,373083458.44542146,0.0,-8.304347369275285e-05,29.77994382799016,0.0,443.42153555854577,0.0,-0.0,4455087999.999989,-0.3722673432950499,-0.9281255438334004,-0.0
149599241.5124447,373190666.24318737,0.0,-8.304677786361588e-05,29.77994381974875,0.0,443.42153555854566,0.0,-0.0,4455087999.999989,-0.37217518854361537,-0.9281625014147707,-0.0
149599241.21347037,373297874.04092366,0.0,-8.305007958202181e-05,29.77994381151109,0.0,443.42153555854566,0.0,-0.0,4455087999.999989,-0.37208307574091765,-0.9281994315593921,-0.0
149599240.91448414,373405081.83863026,0.0,-8.305337885029974e-05,29.779943803277177,0.0,443.4215355585456,0.0,-0.0,4455087999.999988,-0.3719910048612587,-0.9282363342933257,-0.0
149599240.61548606,373512289.63630724,0.0,-8.305667567077612e-05,29.779943795047014,0.0,443.42153555854566,0.0,-0.0,4455087999.999989,-0.3718989758789587,-0.9282732096426038,-0.0
149599240.3164761,373619497.4339546,0.0,-8.305997004577476e-05,29.779943786820596,0.0,443.42153555854566,0.0,-0.0,4455087999.9999895,-0.37180698876835516,-0.9283100576332286,-0.0
149599240.0174543,373726705.23157233,0.0,-8.306326197761685e-05,29.779943778597918,0.0,443.4215355585457,0.0,-0.0,4455087999.9999895,-0.3717150435038033,-0.9283468782911729,-0.0
149599239.71842062,373833913.0291605,0.0,-8.306655146862093e-05,29.779943770378978,0.0,443.4215355585456,0.0,-0.0,4455087999.999989,-0.37162314005967606,-0.92838367164238,-0.0
149599239.41937512,373941120.82671905,0.0,-8.306983852110294e-05,29.779943762163775,0.0,443.42153555854554,0.0,-0.0,4455087999.999989,-0.3715312784103638,-0.9284204377127642,-0.0
149599239.1203178,374048328.624248,0.0,-8.307312313737619e-05,29.77994375395231,0.0,443.4215355585456,0.0,-0.0,4455087999.9999895,-0.37143945853027516,-0.9284571765282101,-0.0
149599238.82124862,374155536.4217475,0.0,-8.307640531975136e-05,29.779943745744575,0.0,443.4215355585456,0.0,-0.0,4455087999.999988,-0.3713476803938356,-0.9284938881145733,-0.0
149599238.52216765,374262744.2192174,0.0,-8.307968507053652e-05,29.77994373754057,0.0,443.4215355585456,0.0,-0.0,4455087999.999988,-0.37125594397548844,-0.9285305724976798,-0.0
149599238.22307488,374369952.0166578,0.0,-8.308296239203713e-05,29.779943729340296,0.0,443.4215355585456,0.0,-0.0,4455087999.999988,-0.3711642492496949,-0.9285672297033265,-0.0
149599237.9239703,374477159.8140687,0.0,-8.308623728655604e-05,29.779943721143745,0.0,443.42153555854554,0.0,-0.0,4455087999.999988,-0.3710725961909333,-0.9286038597572813,-0.0
149599237.62485397,374584367.61145,0.0,-8.308950975639351e-05,29.779943712950917,0.0,443.4215355585455,0.0,-0.0,4455087999.999988,-0.3709809847737001,-0.9286404626852826,-0.0
149599237.32572585,374691575.4088019,0.0,-8.309277980384717e-05,29.779943704761813,0.0,443.42153555854554,0.0,-0.0,4455087999.999988,-0.370889414972509,-0.9286770385130398,-0.0
149599237.02658597,374798783.2061243,0.0,-8.309604743121207e-05,29.779943696576428,0.0,443.42153555854566,0.0,-0.0,4455087999.999988,-0.370797886761891,-0.9287135872662335,-0.0
149599236.7274343,374905991.00341725,0.0,-8.309931264078065e-05,29.77994368839476,0.0,443.4215355585456,0.0,-0.0,4455087999.999989,-0.3707064001163952,-0.9287501089705148,-0.0
149599236.4282709,375013198.80068076,0.0,-8.310257543484278e-05,29.779943680216803,0.0,443.4215355585456,0.0,-0.0,4455087999.999988,-0.370614955010588,-0.9287866036515061,-0.0
149599236.12909576,375120406.5979148,0.0,-8.310583581568573e-05,29.77994367204256,0.0,443.42153555854566,0.0,-0.0,4455087999.999988,-0.37052355141905297,-0.9288230713348007,-0.0
149599235.82990888,375227614.3951195,0.0,-8.310909378559418e-05,29.779943663872025,0.0,443.4215355585456,0.0,-0.0,4455087999.999988,-0.37043218931639194,-0.9288595120459632,-0.0
149599235.53071028,375334822.1922947,0.0,-8.311234934685022e-05,29.7799436557052,0.0,443.4215355585456,0.0,-0.0,4455087999.999988,-0.37034086867722366,-0.9288959258105288,-0.0
149599235.23149997,375442029.98944056,0.0,-8.311560250173339e-05,29.77994364754208,0.0,443.42153555854566,0.0,-0.0,4455087999.999988,-0.3702495894761845,-0.9289323126540043,-0.0
149599234.93227795,375549237.786557,0.0,-8.311885325252063e-05,29.77994363938266,0.0,443.42153555854566,0.0,-0.0,4455087999.999988,-0.3701583516879283,-0.9289686726018677,-0.0
149599234.63304424,375656445.5836441,0.0,-8.31221016014863e-05,29.779943631226946,0.0,443.4215355585457,0.0,-0.0,4455087999.999989,-0.37006715528712664,-0.9290050056795678,-0.0
149599234.33379883,375763653.38070184,0.0,-8.312534755090224e-05,29.779943623074928,0.0,443.4215355585457,0.0,-0.0,4455087999.999989,-0.36997600024846844,-0.9290413119125248,-0.0
149599234.03454173,375870861.17773026,0.0,-8.312859110303767e-05,29.779943614926605,0.0,443.4215355585457,0.0,-0.0,4455087999.999989,-0.3698848865466597,-0.9290775913261308,-0.0
149599233.73527297,375978068.97472936,0.0,-8.313183226015927e-05,29.779943606781977,0.0,443.42153555854577,0.0,-0.0,4455087999.999989,-0.3697938141564241,-0.9291138439457481,-0.0
149599233.43599254,376085276.77169913,0.0,-8.313507102453116e-05,29.77994359864104,0.0,443.42153555854577,0.0,-0.0,4455087999.999989,-0.36970278305250315,-0.9291500697967114,-0.0
149599233.13670045,376192484.5686396,0.0,-8.31383073984149e-05,29.77994359050379,0.0,443.4215355585457,0.0,-0.0,4455087999.999988,-0.3696117932096553,-0.9291862689043263,-0.0
149599232.8373967,376299692.36555076,0.0,-8.314154138406951e-05,29.77994358237023,0.0,443.42153555854566,0.0,-0.0,4455087999.999988,-0.3695208446026566,-0.9292224412938698,-0.0
149599232.53808135,376406900.1624327,0.0,-8.314477298375146e-05,29.779943574240352,0.0,443.42153555854566,0.0,-0.0,4455087999.999988,-0.3694299372063005,-0.9292585869905905,-0.0
149599232.23875436,376514107.9592853,0.0,-8.314800219971465e-05,29.77994356611416,0.0,443.4215355585457,0.0,-0.0,4455087999.999988,-0.36933907099539776,-0.9292947060197084,-0.0
149599231.93941575,376621315.7561087,0.0,-8.315122903421047e-05,29.779943557991647,0.0,443.42153555854566,0.0,-0.0,4455087999.999989,-0.3692482459447767,-0.9293307984064155,-0.0
149599231.64006552,376728523.5529029,0.0,-8.315445348948774e-05,29.77994354987281,0.0,443.42153555854566,0.0,-0.0,4455087999.999988,-0.3691574620292827,-0.9293668641758747,-0.0
149599231.3407037,376835731.3496678,0.0,-8.315767556779276e-05,29.779943541757653,0.0,443.4215355585457,0.0,-0.0,4455087999.999989,-0.36906671922377876,-0.9294029033532208,-0.0
149599231.04133028,376942939.1464035,0.0,-8.316089527136931e-05,29.77994353364617,0.0,443.42153555854566,0.0,-0.0,4455087999.999989,-0.3689760175031453,-0.9294389159635607,-0.0
149599230.74194527,377050146.94311005,0.0,-8.316411260245861e-05,29.779943525538354,0.0,443.4215355585456,0.0,-0.0,4455087999.999989,-0.3688853568422798,-0.9294749020319719,-0.0
149599230.44254866,377157354.7397874,0.0,-8.316732756329939e-05,29.77994351743421,0.0,443.4215355585456,0.0,-0.0,4455087999.999989,-0.3687947372160972,-0.929510861583505,-0.0
149599230.1431405,377264562.5364356,0.0,-8.317054015612781e-05,29.77994350933373,0.0,443.4215355585456,0.0,-0.0,4455087999.999988,-0.36870415859952993,-0.9295467946431814,-0.0
149599229.84372076,377371770.3330546,0.0,-8.317375038317756e-05,29.779943501236918,0.0,443.4215355585456,0.0,-0.0,4455087999.999988,-0.36861362096752753,-0.9295827012359943,-0.0
149599229.5442895,377478978.1296445,0.0,-8.317695824667979e-05,29.77994349314377,0.0,443.4215355585456,0.0,-0.0,4455087999.999988,-0.36852312429505674,-0.9296185813869094,-0.0
149599229.24484667,377586185.9262053,0.0,-8.318016374886313e-05,29.77994348505428,0.0,443.42153555854566,0.0,-0.0,4455087999.999988,-0.36843266855710216,-0.9296544351208639,-0.0
149599228.9453923,377693393.7227369,0.0,-8.31833668919537e-05,29.779943476968448,0.0,443.42153555854566,0.0,-0.0,4455087999.999988,-0.36834225372866475,-0.9296902624627666,-0.0
149599228.64592642,377800601.5192394,0.0,-8.318656767817514e-05,29.779943468886273,0.0,443.42153555854577,0.0,-0.0,4455087999.999989,-0.36825187978476365,-0.9297260634374986,-0.0
149599228.34644902,377907809.31571287,0.0,-8.318976610974855e-05,29.77994346080775,0.0,443.4215355585457,0.0,-0.0,4455087999.999989,-0.3681615467004346,-0.9297618380699132,-0.0
149599228.04696012,378015017.1121572,0.0,-8.319296218889254e-05,29.77994345273288,0.0,443.42153555854577,0.0,-0.0,4455087999.999989,-0.3680712544507311,-0.9297975863848352,-0.0
149599227.7474597,378122224.90857255,0.0,-8.319615591782324e-05,29.779943444661658,0.0,443.4215355585458,0.0,-0.0,4455087999.999989,-0.3679810030107235,-0.9298333084070617,-0.0
149599227.4479478,378229432.7049588,0.0,-8.319934729875428e-05,29.77994343659408,0.0,443.42153555854577,0.0,-0.0,4455087999.999988,-0.36789079235549943,-0.9298690041613619,-0.0
149599227.14842442,378336640.501316,0.0,-8.320253633389678e-05,29.77994342853015,0.0,443.4215355585457,0.0,-0.0,4455087999.999989,-0.36780062246016404,-0.9299046736724771,-0.0
149599226.84888956,378443848.2976442,0.0,-8.320572302545938e-05,29.77994342046986,0.0,443.4215355585457,0.0,-0.0,4455087999.999989,-0.3677104932998393,-0.9299403169651206,-0.0
149599226.54934323,378551056.09394336,0.0,-8.320890737564827e-05,29.77994341241321,0.0,443.4215355585457,0.0,-0.0,4455087999.999989,-0.3676204048496647,-0.9299759340639782,-0.0
149599226.24978542,378658263.89021355,0.0,-8.321208938666711e-05,29.7799434043602,0.0,443.42153555854566,0.0,-0.0,4455087999.999989,-0.3675303570847966,-0.9300115249937078,-0.0
149599225.95021617,378765471.6864548,0.0,-8.32152690607171e-05,29.779943396310824,0.0,443.42153555854566,0.0,-0.0,4455087999.999989,-0.36744034998040886,-0.9300470897789395,-0.0
149599225.65063548,378872679.482667,0.0,-8.321844639999697e-05,29.77994338826508,0.0,443.42153555854566,0.0,-0.0,4455087999.999989,-0.36735038351169225,-0.9300826284442757,-0.0
149599225.35104334,378979887.2788503,0.0,-8.322162140670297e-05,29.77994338022297,0.0,443.4215355585456,0.0,-0.0,4455087999.999988,-0.36726045765385484,-0.9301181410142914,-0.0
149599225.0514398,379087095.07500464,0.0,-8.32247940830289e-05,29.77994337218449,0.0,443.42153555854566,0.0,-0.0,4455087999.999988,-0.3671705723821219,-0.9301536275135334,-0.0
149599224.75182483,379194302.87113005,0.0,-8.322796443116605e-05,29.779943364149638,0.0,443.42153555854577,0.0,-0.0,4455087999.999988,-0.3670807276717357,-0.9301890879665214,-0.0
149599224.45219845,379301510.66722655,0.0,-8.32311324533033e-05,29.77994335611841,0.0,443.42153555854577,0.0,-0.0,4455087999.999988,-0.3669909234979557,-0.9302245223977477,-0.0
149599224.15256068,379408718.46329415,0.0,-8.323429815162705e-05,29.7799433480908,0.0,443.4215355585457,0.0,-0.0,4455087999.999988,-0.3669011598360585,-0.9302599308316762,-0.0
149599223.8529115,379515926.25933284,0.0,-8.323746152832123e-05,29.77994334006681,0.0,443.42153555854566,0.0,-0.0,4455087999.999988,-0.36681143666133775,-0.9302953132927444,-0.0
149599223.55325094,379623134.0553426,0.0,-8.324062258556734e-05,29.779943332046443,0.0,443.42153555854566,0.0,-0.0,4455087999.999988,-0.3667217539491041,-0.9303306698053615,-0.0
149599223.25357902,379730341.85132354,0.0,-8.324378132554441e-05,29.77994332402969,0.0,443.4215355585457,0.0,-0.0,4455087999.999988,-0.36663211167468557,-0.93036600039391,-0.0
149599222.95389572,379837549.6472756,0.0,-8.324693775042903e-05,29.779943316016553,0.0,443.42153555854577,0.0,-0.0,4455087999.999988,-0.36654250981342695,-0.9304013050827443,-0.0
149599222.65420106,379944757.44319886,0.0,-8.325009186239537e-05,29.779943308007024,0.0,443.4215355585457,0.0,-0.0,4455087999.999988,-0.36645294834069037,-0.9304365838961918,-0.0
149599222.35449505,380051965.23909324,0.0,-8.32532436636151e-05,29.779943300001104,0.0,443.4215355585457,0.0,-0.0,4455087999.999987,-0.3663634272318547,-0.9304718368585528,-0.0
149599222.0547777,380159173.03495884,0.0,-8.325639315625754e-05,29.77994329199879,0.0,443.42153555854566,0.0,-0.0,4455087999.999987,-0.3662739464623162,-0.9305070639941001,-0.0
149599221.75504902,380266380.83079565,0.0,-8.325954034248949e-05,29.779943284000083,0.0,443.4215355585457,0.0,-0.0,4455087999.999987,-0.36618450600748803,-0.9305422653270791,-0.0
149599221.455309,380373588.62660366,0.0,-8.326268522447536e-05,29.77994327600498,0.0,443.42153555854566,0.0,-0.0,4455087999.999987,-0.36609510584280014,-0.9305774408817081,-0.0
149599221.1555577,380480796.4223829,0.0,-8.326582780437714e-05,29.779943268013472,0.0,443.4215355585456,0.0,-0.0,4455087999.999987,-0.3660057459436997,-0.9306125906821785,-0.0
149599220.85579506,380588004.2181334,0.0,-8.326896808435437e-05,29.779943260025565,0.0,443.4215355585456,0.0,-0.0,4455087999.999987,-0.3659164262856511,-0.9306477147526542,-0.0
149599220.55602112,380695212.0138551,0.0,-8.327210606656418e-05,29.779943252041253,0.0,443.42153555854554,0.0,-0.0,4455087999.999987,-0.3658271468441352,-0.9306828131172722,-0.0
149599220.2562359,380802419.8095481,0.0,-8.327524175316129e-05,29.779943244060537,0.0,443.42153555854554,0.0,-0.0,4455087999.999986,-0.3657379075946504,-0.9307178858001424,-0.0
149599219.95643938,380909627.60521233,0.0,-8.3278375146298e-05,29.77994323608341,0.0,443.42153555854554,0.0,-0.0,4455087999.999986,-0.36564870851271164,-0.9307529328253475,-0.0
149599219.6566316,381016835.40084785,0.0,-8.328150624812418e-05,29.779943228109875,0.0,443.4215355585455,0.0,-0.0,4455087999.999986,-0.36555954957385106,-0.9307879542169436,-0.0
149599219.35681254,381124043.1964547,0.0,-8.328463506078732e-05,29.779943220139927,0.0,443.42153555854554,0.0,-0.0,4455087999.999986,-0.36547043075361774,-0.9308229499989593,-0.0
149599219.05698222,381231250.9920329,0.0,-8.328776158643247e-05,29.779943212173563,0.0,443.42153555854543,0.0,-0.0,4455087999.999986,-0.36538135202757743,-0.9308579201953967,-0.0
149599218.75714067,381338458.7875824,0.0,-8.32908858272023e-05,29.779943204210785,0.0,443.42153555854554,0.0,-0.0,4455087999.999986,-0.36529231337131324,-0.9308928648302307,-0.0
149599218.45728785,381445666.58310324,0.0,-8.329400778523709e-05,29.779943196251587,0.0,443.4215355585455,0.0,-0.0,4455087999.999986,-0.3652033147604249,-0.9309277839274097,-0.0
149599218.1574238,381552874.3785954,0.0,-8.329712746267468e-05,29.779943188295967,0.0,443.42153555854554,0.0,-0.0,4455087999.999986,-0.36511435617052906,-0.9309626775108549,-0.0
149599217.85754853,381660082.174059,0.0,-8.330024486165055e-05,29.77994318034392,0.0,443.4215355585455,0.0,-0.0,4455087999.999986,-0.3650254375772593,-0.9309975456044609,-0.0
149599217.55766204,381767289.9694939,0.0,-8.330335998429778e-05,29.779943172395452,0.0,443.42153555854554,0.0,-0.0,4455087999.999987,-0.3649365589562664,-0.9310323882320957,-0.0
149599217.25776434,381874497.76490027,0.0,-8.330647283274708e-05,29.779943164450554,0.0,443.42153555854554,0.0,-0.0,4455087999.999986,-0.36484772028321755,-0.9310672054175999,-0.0
149599216.95785543,381981705.560278,0.0,-8.330958340912674e-05,29.779943156509226,0.0,443.42153555854554,0.0,-0.0,4455087999.999986,-0.3647589215337971,-0.9311019971847881,-0.0
149599216.65793535,382088913.3556271,0.0,-8.33126917155627e-05,29.779943148571466,0.0,443.4215355585456,0.0,-0.0,4455087999.999987,-0.36467016268370595,-0.9311367635574482,-0.0
149599216.35800406,382196121.1509477,0.0,-8.331579775417848e-05,29.779943140637272,0.0,443.4215355585456,0.0,-0.0,4455087999.999987,-0.36458144370866236,-0.9311715045593414,-0.0
149599216.0580616,382303328.9462397,0.0,-8.331890152709529e-05,29.77994313270664,0.0,443.4215355585457,0.0,-0.0,4455087999.999987,-0.36449276458440083,-0.9312062202142017,-0.0
149599215.75810796,382410536.7415032,0.0,-8.33220030364319e-05,29.77994312477957,0.0,443.42153555854566,0.0,-0.0,4455087999.999987,-0.36440412528667343,-0.9312409105457377,-0.0
149599215.45814317,382517744.5367381,0.0,-8.332510228430474e-05,29.77994311685606,0.0,443.42153555854577,0.0,-0.0,4455087999.999987,-0.36431552579124804,-0.9312755755776303,-0.0
149599215.15816724,382624952.3319445,0.0,-8.332819927282788e-05,29.779943108936106,0.0,443.4215355585457,0.0,-0.0,4455087999.999987,-0.3642269660739102,-0.9313102153335346,-0.0
149599214.85818017,382732160.12712246,0.0,-8.333129400411301e-05,29.779943101019704,0.0,443.4215355585457,0.0,-0.0,4455087999.999987,-0.364138446110462,-0.9313448298370792,-0.0
149599214.55818194,382839367.9222719,0.0,-8.333438648026948e-05,29.779943093106855,0.0,443.42153555854566,0.0,-0.0,4455087999.999988,-0.36404996587672217,-0.9313794191118663,-0.0
149599214.2581726,382946575.71739286,0.0,-8.333747670340425e-05,29.77994308519756,0.0,443.4215355585457,0.0,-0.0,4455087999.999988,-0.3639615253485264,-0.9314139831814712,-0.0
149599213.95815212,383053783.5124853,0.0,-8.334056467562196e-05,29.779943077291808,0.0,443.42153555854566,0.0,-0.0,4455087999.999988,-0.36387312450172693,-0.9314485220694436,-0.0
149599213.6581205,383160991.30754936,0.0,-8.334365039902487e-05,29.779943069389603,0.0,443.4215355585456,0.0,-0.0,4455087999.999987,-0.36378476331219295,-0.9314830357993062,-0.0
149599213.35807782,383268199.10258496,0.0,-8.334673387571291e-05,29.779943061490943,0.0,443.4215355585456,0.0,-0.0,4455087999.999987,-0.36369644175581034,-0.931517524394556,-0.0
149599213.05802405,383375406.8975921,0.0,-8.334981510778366e-05,29.779943053595826,0.0,443.4215355585456,0.0,-0.0,4455087999.999987,-0.3636081598084818,-0.9315519878786636,-0.0
149599212.75795916,383482614.69257087,0.0,-8.335289409733234e-05,29.779943045704247,0.0,443.4215355585456,0.0,-0.0,4455087999.999987,-0.3635199174461264,-0.9315864262750727,-0.0
149599212.4578832,383589822.4875212,0.0,-8.335597084645186e-05,29.779943037816206,0.0,443.4215355585456,0.0,-0.0,4455087999.999987,-0.3634317146446804,-0.9316208396072019,-0.0
149599212.15779617,383697030.2824431,0.0,-8.335904535723277e-05,29.7799430299317,0.0,443.4215355585456,0.0,-0.0,4455087999.999987,-0.3633435513800964,-0.9316552278984426,-0.0
149599211.85769808,383804238.07733667,0.0,-8.336211763176329e-05,29.779943022050727,0.0,443.42153555854554,0.0,-0.0,4455087999.999987,-0.363255427628344,-0.9316895911721613,-0.0
149599211.55758893,383911445.87220186,0.0,-8.336518767212933e-05,29.779943014173284,0.0,443.42153555854554,0.0,-0.0,4455087999.999986,-0.3631673433654092,-0.931723929451697,-0.0
149599211.25746873,384018653.66703874,0.0,-8.336825548041443e-05,29.779943006299373,0.0,443.42153555854554,0.0,-0.0,4455087999.999987,-0.36307929856729476,-0.931758242760364,-0.0
149599210.9573375,384125861.46184725,0.0,-8.337132105869985e-05,29.779942998428986,0.0,443.42153555854554,0.0,-0.0,4455087999.999987,-0.36299129321002005,-0.9317925311214494,-0.0
149599210.65719524,384233069.25662744,0.0,-8.33743844090645e-05,29.779942990562123,0.0,443.4215355585455,0.0,-0.0,4455087999.999987,-0.3629033272696214,-0.9318267945582152,-0.0
149599210.35704195,384340277.0513793,0.0,-8.337744553358496e-05,29.779942982698785,0.0,443.42153555854554,0.0,-0.0,4455087999.999988,-0.36281540072215146,-0.9318610330938968,-0.0
149599210.05687764,384447484.8461029,0.0,-8.338050443433553e-05,29.779942974838967,0.0,443.42153555854554,0.0,-0.0,4455087999.999987,-0.3627275135436795,-0.9318952467517043,-0.0
149599209.75670233,384554692.64079815,0.0,-8.338356111338819e-05,29.779942966982667,0.0,443.4215355585456,0.0,-0.0,4455087999.999988,-0.36263966571029155,-0.9319294355548214,-0.0
149599209.45651603,384661900.43546516,0.0,-8.338661557281258e-05,29.779942959129883,0.0,443.42153555854566,0.0,-0.0,4455087999.999989,-0.36255185719809024,-0.9319635995264062,-0.0
149599209.15631872,384769108.2301039,0.0,-8.338966781467606e-05,29.779942951280614,0.0,443.4215355585457,0.0,-0.0,4455087999.999989,-0.36246408798319485,-0.9319977386895908,-0.0
149599208.85611042,384876316.0247144,0.0,-8.339271784104368e-05,29.779942943434854,0.0,443.42153555854566,0.0,-0.0,4455087999.999989,-0.362376358041741,-0.9320318530674818,-0.0
149599208.55589116,384983523.81929666,0.0,-8.339576565397816e-05,29.779942935592604,0.0,443.4215355585457,0.0,-0.0,4455087999.999989,-0.362288667349881,-0.9320659426831598,-0.0
149599208.25566092,385090731.61385065,0.0,-8.339881125553998e-05,29.77994292775386,0.0,443.42153555854566,0.0,-0.0,4455087999.999989,-0.36220101588378406,-0.9321000075596796,-0.0
149599207.95541972,385197939.40837646,0.0,-8.340185464778727e-05,29.779942919918625,0.0,443.42153555854566,0.0,-0.0,4455087999.999989,-0.3621134036196355,-0.9321340477200707,-0.0
149599207.65516758,385305147.20287406,0.0,-8.34048958327759e-05,29.77994291208689,0.0,443.4215355585457,0.0,-0.0,4455087999.9999895,-0.36202583053363724,-0.9321680631873365,-0.0
149599207.35490447,385412354.9973435,0.0,-8.340793481255942e-05,29.779942904258657,0.0,443.4215355585456,0.0,-0.0,4455087999.999989,-0.3619382966020081,-0.932202053984455,-0.0
149599207.05463043,385519562.7917847,0.0,-8.341097158918912e-05,29.779942896433923,0.0,443.42153555854566,0.0,-0.0,4455087999.999989,-0.36185080180098295,-0.9322360201343787,-0.0
149599206.75434548,385626770.5861978,0.0,-8.341400616471401e-05,29.779942888612684,0.0,443.42153555854554,0.0,-0.0,4455087999.999988,-0.3617633461068135,-0.9322699616600343,-0.0
149599206.4540496,385733978.38058275,0.0,-8.34170385411808e-05,29.77994288079494,0.0,443.42153555854554,0.0,-0.0,4455087999.999988,-0.36167592949576793,-0.9323038785843231,-0.0
149599206.1537428,385841186.1749396,0.0,-8.342006872063392e-05,29.77994287298069,0.0,443.42153555854554,0.0,-0.0,4455087999.999988,-0.36158855194413075,-0.9323377709301209,-0.0
149599205.8534251,385948393.96926826,0.0,-8.342309670511553e-05,29.779942865169932,0.0,443.4215355585456,0.0,-0.0,4455087999.999988,-0.3615012134282032,-0.9323716387202781,-0.0
149599205.5530965,386055601.7635688,0.0,-8.342612249666553e-05,29.779942857362663,0.0,443.4215355585456,0.0,-0.0,4455087999.999989,-0.3614139139243025,-0.9324054819776194,-0.0
149599205.252757,386162809.5578413,0.0,-8.342914609732154e-05,29.77994284955888,0.0,443.42153555854566,0.0,-0.0,4455087999.999988,-0.3613266534087632,-0.9324393007249446,-0.0
149599204.95240664,386270017.35208565,0.0,-8.34321675091189e-05,29.779942841758576,0.0,443.4215355585456,0.0,-0.0,4455087999.999988,-0.3612394318579354,-0.9324730949850275,-0.0
149599204.6520454,386377225.1463019,0.0,-8.343518673409072e-05,29.77994283396176,0.0,443.4215355585456,0.0,-0.0,4455087999.999988,-0.36115224924818634,-0.9325068647806171,-0.0
149599204.3516733,386484432.9404902,0.0,-8.343820377426781e-05,29.77994282616842,0.0,443.42153555854566,0.0,-0.0,4455087999.999989,-0.3610651055558991,-0.9325406101344367,-0.0
149599204.05129033,386591640.7346504,0.0,-8.344121863167876e-05,29.779942818378558,0.0,443.4215355585456,0.0,-0.0,4455087999.999989,-0.36097800075747355,-0.9325743310691847,-0.0
149599203.7508965,386698848.52878255,0.0,-8.344423130834987e-05,29.77994281059217,0.0,443.42153555854566,0.0,-0.0,4455087999.999988,-0.36089093482932594,-0.9326080276075341,-0.0
149599203.45049188,386806056.32288665,0.0,-8.34472418063052e-05,29.77994280280926,0.0,443.42153555854566,0.0,-0.0,4455087999.999988,-0.3608039077478889,-0.9326416997721326,-0.0
149599203.1500764,386913264.11696273,0.0,-8.345025012756658e-05,29.779942795029818,0.0,443.42153555854566,0.0,-0.0,4455087999.999988,-0.3607169194896115,-0.932675347585603,-0.0
149599202.84965008,387020471.91101086,0.0,-8.345325627415357e-05,29.779942787253848,0.0,443.4215355585456,0.0,-0.0,4455087999.999988,-0.36062997003095887,-0.9327089710705423,-0.0
149599202.54921296,387127679.705031,0.0,-8.345626024808348e-05,29.779942779481345,0.0,443.42153555854566,0.0,-0.0,4455087999.999989,-0.36054305934841313,-0.9327425702495232,-0.0
149599202.24876502,387234887.49902314,0.0,-8.345926205137141e-05,29.779942771712307,0.0,443.4215355585457,0.0,-0.0,4455087999.999989,-0.36045618741847196,-0.932776145145093,-0.0
149599201.9483063,387342095.29298735,0.0,-8.34622616860302e-05,29.779942763946732,0.0,443.4215355585457,0.0,-0.0,4455087999.999989,-0.36036935421765004,-0.9328096957797737,-0.0
149599201.64783674,387449303.0869236,0.0,-8.346525915407045e-05,29.779942756184617,0.0,443.42153555854577,0.0,-0.0,4455087999.999989,-0.3602825597224782,-0.9328432221760626,-0.0
149599201.3473564,387556510.8808319,0.0,-8.346825445750054e-05,29.77994274842596,0.0,443.42153555854566,0.0,-0.0,4455087999.999989,-0.3601958039095034,-0.9328767243564321,-0.0
149599201.0468653,387663718.67471224,0.0,-8.347124759832664e-05,29.77994274067076,0.0,443.42153555854566,0.0,-0.0,4455087999.999989,-0.3601090867552893,-0.9329102023433292,-0.0
149599200.74636343,387770926.4685647,0.0,-8.347423857855263e-05,29.779942732919015,0.0,443.42153555854566,0.0,-0.0,4455087999.999989,-0.3600224082364156,-0.9329436561591765,-0.0
149599200.4458508,387878134.26238924,0.0,-8.347722740018023e-05,29.779942725170724,0.0,443.4215355585457,0.0,-0.0,4455087999.999989,-0.3599357683294782,-0.9329770858263712,-0.0
149599200.1453274,387985342.0561859,0.0,-8.348021406520891e-05,29.779942717425882,0.0,443.4215355585457,0.0,-0.0,4455087999.999989,-0.35984916701108977,-0.9330104913672862,-0.0
149599199.84479326,388092549.8499547,0.0,-8.348319857563593e-05,29.779942709684487,0.0,443.42153555854566,0.0,-0.0,4455087999.999989,-0.3597626042578786,-0.933043872804269,-0.0
149599199.54424837,388199757.64369565,0.0,-8.348618093345632e-05,29.779942701946542,0.0,443.4215355585457,0.0,-0.0,4455087999.999989,-0.3596760800464896,-0.9330772301596428,-0.0
149599199.24369276,388306965.43740875,0.0,-8.348916114066292e-05,29.77994269421204,0.0,443.42153555854577,0.0,-0.0,4455087999.999989,-0.3595895943535841,-0.9331105634557058,-0.0
149599198.9431264,388414173.231094,0.0,-8.349213919924635e-05,29.77994268648098,0.0,443.4215355585457,0.0,-0.0,4455087999.999989,-0.35950314715583936,-0.9331438727147314,-0.0
149599198.64254937,388521381.0247514,0.0,-8.3495115111195e-05,29.779942678753358,0.0,443.4215355585457,0.0,-0.0,4455087999.9999895,-0.35941673842994903,-0.9331771579589685,-0.0
149599198.3419616,388628588.818381,0.0,-8.34980888784951e-05,29.779942671029175,0.0,443.42153555854577,0.0,-0.0,4455087999.999989,-0.35933036815262304,-0.933210419210641,-0.0
149599198.04136312,388735796.6119828,0.0,-8.350106050313065e-05,29.77994266330843,0.0,443.42153555854577,0.0,-0.0,4455087999.999989,-0.3592440363005873,-0.9332436564919486,-0.0
149599197.74075395,388843004.40555686,0.0,-8.350402998708345e-05,29.779942655591114,0.0,443.42153555854566,0.0,-0.0,4455087999.999989,-0.35915774285058427,-0.9332768698250663,-0.0
149599197.4401341,388950212.1991031,0.0,-8.35069973323331e-05,29.77994264787723,0.0,443.42153555854566,0.0,-0.0,4455087999.999989,-0.3590714877793723,-0.9333100592321439,-0.0
149599197.13950357,389057419.9926216,0.0,-8.350996254085704e-05,29.77994264016678,0.0,443.4215355585457,0.0,-0.0,4455087999.999988,-0.35898527106372596,-0.9333432247353077,-0.0
149599196.83886236,389164627.7861123,0.0,-8.351292561463048e-05,29.779942632459758,0.0,443.42153555854577,0.0,-0.0,4455087999.999989,-0.3588990926804362,-0.9333763663566588,-0.0
149599196.5382105,389271835.5795753,0.0,-8.351588655562647e-05,29.77994262475616,0.0,443.42153555854577,0.0,-0.0,4455087999.999989,-0.35881295260631,-0.9334094841182737,-0.0
149599196.237548,389379043.3730106,0.0,-8.351884536581585e-05,29.779942617055983,0.0,443.4215355585457,0.0,-0.0,4455087999.9999895,-0.3587268508181706,-0.933442578042205,-0.0
149599195.93687484,389486251.16641814,0.0,-8.35218020471673e-05,29.779942609359228,0.0,443.4215355585457,0.0,-0.0,4455087999.999989,-0.358640787292857,-0.9334756481504806,-0.0
149599195.63619104,389593458.959798,0.0,-8.352475660164731e-05,29.779942601665894,0.0,443.42153555854577,0.0,-0.0,4455087999.9999895,-0.35855476200722497,-0.9335086944651038,-0.0
149599195.3354966,389700666.7531501,0.0,-8.35277090312202e-05,29.779942593975978,0.0,443.42153555854577,0.0,-0.0,4455087999.9999895,-0.35846877493814566,-0.9335417170080537,-0.0
149599195.03479153,389807874.5464746,0.0,-8.353065933784811e-05,29.779942586289476,0.0,443.4215355585458,0.0,-0.0,4455087999.9999895,-0.35838282606250704,-0.9335747158012854,-0.0
149599194.73407584,389915082.3397714,0.0,-8.3533607523491e-05,29.779942578606388,0.0,443.4215355585458,0.0,-0.0,4455087999.9999895,-0.3582969153572127,-0.9336076908667292,-0.0
149599194.43334955,390022290.13304055,0.0,-8.353655359010669e-05,29.77994257092671,0.0,443.4215355585459,0.0,-0.0,4455087999.9999895,-0.35821104279918253,-0.9336406422262916,-0.0
149599194.13261265,390129497.92628205,0.0,-8.353949753965081e-05,29.77994256325044,0.0,443.4215355585459,0.0,-0.0,4455087999.999989,-0.35812520836535244,-0.9336735699018543,-0.0
149599193.83186516,390236705.71949595,0.0,-8.354243937407683e-05,29.779942555577577,0.0,443.4215355585458,0.0,-0.0,4455087999.9999895,-0.35803941203267436,-0.9337064739152754,-0.0
149599193.5311071,390343913.5126822,0.0,-8.354537909533607e-05,29.77994254790812,0.0,443.4215355585459,0.0,-0.0,4455087999.9999895,-0.35795365377811655,-0.9337393542883883,-0.0
149599193.23033845,390451121.30584085,0.0,-8.354831670537768e-05,29.779942540242065,0.0,443.4215355585459,0.0,-0.0,4455087999.99999,-0.35786793357866303,-0.9337722110430025,-0.0
149599192.92955923,390558329.0989719,0.0,-8.355125220614867e-05,29.779942532579412,0.0,443.4215355585459,0.0,-0.0,4455087999.99999,-0.3577822514113137,-0.9338050442009035,-0.0
149599192.62876943,390665536.8920754,0.0,-8.355418559959387e-05,29.779942524920155,0.0,443.4215355585458,0.0,-0.0,4455087999.9999895,-0.3576966072530851,-0.9338378537838528,-0.0
149599192.32796907,390772744.68515134,0.0,-8.3557116887656e-05,29.779942517264296,0.0,443.4215355585458,0.0,-0.0,4455087999.9999895,-0.35761100108100907,-0.9338706398135871,-0.0
149599192.02715817,390879952.4781997,0.0,-8.35600460722756e-05,29.779942509611832,0.0,443.4215355585459,0.0,-0.0,4455087999.999989,-0.357525432872134,-0.93390340231182,-0.0
149599191.72633675,390987160.27122056,0.0,-8.356297315539108e-05,29.77994250196276,0.0,443.42153555854594,0.0,-0.0,4455087999.9999895,-0.35743990260352415,-0.9339361413002408,-0.0
149599191.42550477,391094368.0642139,0.0,-8.356589813893871e-05,29.77994249431708,0.0,443.4215355585459,0.0,-0.0,4455087999.9999895,-0.35735441025225956,-0.9339688568005143,-0.0
149599191.12466228,391201575.85717964,0.0,-8.356882102485263e-05,29.779942486674788,0.0,443.421535558546,0.0,-0.0,4455087999.9999895,-0.35726895579543644,-0.9340015488342824,-0.0
149599190.82380927,391308783.65011793,0.0,-8.357174181506484e-05,29.77994247903588,0.0,443.42153555854594,0.0,-0.0,4455087999.9999895,-0.35718353921016693,-0.9340342174231622,-0.0
149599190.52294573,391415991.4430287,0.0,-8.357466051150517e-05,29.779942471400357,0.0,443.42153555854594,0.0,-0.0,4455087999.9999895,-0.35709816047357906,-0.9340668625887474,-0.0
149599190.2220717,391523199.23591197,0.0,-8.357757711610138e-05,29.77994246376822,0.0,443.421535558546,0.0,-0.0,4455087999.9999895,-0.35701281956281694,-0.9340994843526076,-0.0
149599189.9211872,391630407.0287678,0.0,-8.358049163077907e-05,29.77994245613946,0.0,443.42153555854594,0.0,-0.0,4455087999.9999895,-0.3569275164550406,-0.9341320827362888,-0.0
149599189.6202922,391737614.8215962,0.0,-8.358340405746169e-05,29.779942448514078,0.0,443.42153555854594,0.0,-0.0,4455087999.9999895,-0.35684225112742574,-0.9341646577613131,-0.0
149599189.3193867,391844822.6143971,0.0,-8.358631439807062e-05,29.77994244089207,0.0,443.42153555854594,0.0,-0.0,4455087999.9999895,-0.35675702355716427,-0.9341972094491788,-0.0
149599189.01847073,391952030.4071706,0.0,-8.358922265452508e-05,29.77994243327344,0.0,443.421535558546,0.0,-0.0,4455087999.99999,-0.3566718337214639,-0.9342297378213608,-0.0
149599188.7175443,392059238.19991666,0.0,-8.359212882874221e-05,29.77994242565818,0.0,443.421535558546,0.0,-0.0,4455087999.9999895,-0.3565866815975482,-0.9342622428993097,-0.0
149599188.4166074,392166445.9926353,0.0,-8.3595032922637e-05,29.779942418046293,0.0,443.421535558546,0.0,-0.0,4455087999.99999,-0.3565015671626566,-0.9342947247044531,-0.0
149599188.11566007,392273653.7853266,0.0,-8.359793493812234e-05,29.779942410437773,0.0,443.4215355585461,0.0,-0.0,4455087999.999991,-0.35641649039404466,-0.9343271832581945,-0.0
149599187.81470227,392380861.5779905,0.0,-8.360083487710903e-05,29.779942402832617,0.0,443.42153555854605,0.0,-0.0,4455087999.99999,-0.35633145126898336,-0.9343596185819142,-0.0
149599187.51373404,392488069.370627,0.0,-8.360373274150573e-05,29.779942395230826,0.0,443.42153555854605,0.0,-0.0,4455087999.99999,-0.35624644976475994,-0.9343920306969684,-0.0
149599187.21275538,392595277.16323614,0.0,-8.360662853321901e-05,29.779942387632396,0.0,443.42153555854605,0.0,-0.0,4455087999.99999,-0.35616148585867735,-0.9344244196246903,-0.0
149599186.91176632,392702484.95581794,0.0,-8.360952225415337e-05,29.779942380037326,0.0,443.4215355585461,0.0,-0.0,4455087999.99999,-0.3560765595280542,-0.9344567853863891,-0.0
149599186.61076683,392809692.74837244,0.0,-8.361241390621116e-05,29.779942372445614,0.0,443.4215355585461,0.0,-0.0,4455087999.99999,-0.3559916707502252,-0.9344891280033509,-0.0
149599186.30975693,392916900.5408996,0.0,-8.361530349129266e-05,29.77994236485726,0.0,443.4215355585461,0.0,-0.0,4455087999.99999,-0.35590681950254066,-0.9345214474968383,-0.0
149599186.00873664,393024108.3333994,0.0,-8.361819101129607e-05,29.779942357272258,0.0,443.42153555854617,0.0,-0.0,4455087999.99999,-0.35582200576236683,-0.9345537438880903,-0.0
149599185.70770594,393131316.12587196,0.0,-8.362107646811746e-05,29.779942349690607,0.0,443.42153555854617,0.0,-0.0,4455087999.9999895,-0.35573722950708564,-0.9345860171983226,-0.0
149599185.40666488,393238523.9183172,0.0,-8.362395986365085e-05,29.779942342112307,0.0,443.42153555854617,0.0,-0.0,4455087999.99999,-0.3556524907140948,-0.9346182674487272,-0.0
149599185.10561344,393345731.71073514,0.0,-8.362684119978817e-05,29.779942334537353,0.0,443.4215355585461,0.0,-0.0,4455087999.99999,-0.3555677893608079,-0.9346504946604736,-0.0
149599184.80455163,393452939.50312585,0.0,-8.362972047841926e-05,29.779942326965745,0.0,443.4215355585461,0.0,-0.0,4455087999.9999895,-0.3554831254246544,-0.9346826988547073,-0.0
149599184.50347945,393560147.2954893,0.0,-8.363259770143186e-05,29.77994231939748,0.0,443.42153555854605,0.0,-0.0,4455087999.9999895,-0.35539849888307906,-0.9347148800525505,-0.0
149599184.20239693,393667355.08782554,0.0,-8.363547287071167e-05,29.77994231183256,0.0,443.4215355585461,0.0,-0.0,4455087999.9999895,-0.35531390971354276,-0.9347470382751027,-0.0
149599183.90130407,393774562.8801345,0.0,-8.36383459881423e-05,29.77994230427098,0.0,443.42153555854617,0.0,-0.0,4455087999.99999,-0.35522935789352206,-0.9347791735434396,-0.0
149599183.60020086,393881770.67241627,0.0,-8.364121705560527e-05,29.779942296712733,0.0,443.42153555854605,0.0,-0.0,4455087999.99999,-0.3551448434005091,-0.934811285878614,-0.0
149599183.29908732,393988978.46467084,0.0,-8.364408607498004e-05,29.779942289157823,0.0,443.42153555854605,0.0,-0.0,4455087999.99999,-0.35506036621201204,-0.9348433753016555,-0.0
149599182.99796346,394096186.2568982,0.0,-8.364695304814403e-05,29.77994228160625,0.0,443.42153555854617,0.0,-0.0,4455087999.999991,-0.3549759263055542,-0.9348754418335705,-0.0
149599182.69682926,394203394.04909843,0.0,-8.364981797697256e-05,29.779942274058005,0.0,443.4215355585461,0.0,-0.0,4455087999.99999,-0.35489152365867505,-0.9349074854953425,-0.0
149599182.39568475,394310601.84127146,0.0,-8.36526808633389e-05,29.779942266513093,0.0,443.4215355585461,0.0,-0.0,4455087999.99999,-0.3548071582489296,-0.9349395063079317,-0.0
149599182.09452996,394417809.6334173,0.0,-8.365554170911428e-05,29.779942258971506,0.0,443.4215355585461,0.0,-0.0,4455087999.99999,-0.3547228300538885,-0.9349715042922753,-0.0
149599181.79336485,394525017.42553604,0.0,-8.365840051616783e-05,29.779942251433244,0.0,443.4215355585461,0.0,-0.0,4455087999.99999,-0.3546385390511381,-0.9350034794692875,-0.0
149599181.49218947,394632225.21762764,0.0,-8.366125728636667e-05,29.779942243898308,0.0,443.42153555854617,0.0,-0.0,4455087999.99999,-0.3545542852182804,-0.9350354318598597,-0.0
149599181.1910038,394739433.00969213,0.0,-8.366411202157586e-05,29.779942236366693,0.0,443.42153555854617,0.0,-0.0,4455087999.99999,-0.35447006853293295,-0.93506736148486,-0.0
149599180.88980785,394846640.8017295,0.0,-8.366696472365839e-05,29.779942228838397,0.0,443.42153555854617,0.0,-0.0,4455087999.99999,-0.35438588897272905,-0.9350992683651339,-0.0
149599180.58860165,394953848.59373975,0.0,-8.366981539447521e-05,29.77994222131342,0.0,443.42153555854617,0.0,-0.0,4455087999.99999,-0.3543017465153173,-0.9351311525215037,-0.0
149599180.2873852,395061056.38572294,0.0,-8.367266403588525e-05,29.779942213791756,0.0,443.4215355585461,0.0,-0.0,4455087999.99999,-0.35421764113836257,-0.9351630139747692,-0.0
149599179.9861585,395168264.17767906,0.0,-8.367551064974536e-05,29.779942206273407,0.0,443.4215355585462,0.0,-0.0,4455087999.99999,-0.3541335728195447,-0.9351948527457069,-0.0
149599179.68492153,395275471.9696081,0.0,-8.36783552379104e-05,29.77994219875837,0.0,443.42153555854617,0.0,-0.0,4455087999.99999,-0.3540495415365592,-0.9352266688550708,-0.0
149599179.38367432,395382679.76151013,0.0,-8.368119780223314e-05,29.779942191246644,0.0,443.4215355585462,0.0,-0.0,4455087999.99999,-0.35396554726711743,-0.9352584623235921,-0.0
149599179.0824169,395489887.5533851,0.0,-8.368403834456436e-05,29.779942183738225,0.0,443.4215355585462,0.0,-0.0,4455087999.999991,-0.3538815899889461,-0.9352902331719792,-0.0
149599178.78114924,395597095.345233,0.0,-8.368687686675279e-05,29.77994217623311,0.0,443.4215355585462,0.0,-0.0,4455087999.99999,-0.35379766967978765,-0.9353219814209179,-0.0
149599178.47987136,395704303.13705397,0.0,-8.368971337064513e-05,29.7799421687313,0.0,443.4215355585463,0.0,-0.0,4455087999.99999,-0.35371378631739986,-0.9353537070910708,-0.0
149599178.1785833,395811510.9288479,0.0,-8.369254785808606e-05,29.77994216123279,0.0,443.4215355585462,0.0,-0.0,4455087999.99999,-0.3536299398795561,-0.9353854102030785,-0.0
149599177.87728503,395918718.72061485,0.0,-8.369538033091823e-05,29.77994215373758,0.0,443.4215355585462,0.0,-0.0,4455087999.99999,-0.3535461303440454,-0.9354170907775586,-0.0
149599177.57597658,396025926.5123548,0.0,-8.369821079098228e-05,29.779942146245666,0.0,443.4215355585461,0.0,-0.0,4455087999.99999,-0.3534623576886722,-0.935448748835106,-0.0
149599177.27465793,396133134.3040678,0.0,-8.370103924011683e-05,29.77994213875705,0.0,443.4215355585461,0.0,-0.0,4455087999.99999,-0.35337862189125635,-0.9354803843962932,-0.0
149599176.9733291,396240342.09575385,0.0,-8.370386568015847e-05,29.779942131271728,0.0,443.4215355585461,0.0,-0.0,4455087999.99999,-0.3532949229296334,-0.9355119974816701,-0.0
149599176.6719901,396347549.88741297,0.0,-8.37066901129418e-05,29.7799421237897,0.0,443.4215355585462,0.0,-0.0,4455087999.99999,-0.35321126078165405,-0.9355435881117642,-0.0
149599176.37064093,396454757.67904514,0.0,-8.370951254029938e-05,29.77994211631096,0.0,443.4215355585462,0.0,-0.0,4455087999.99999,-0.35312763542518494,-0.9355751563070802,-0.0
149599176.0692816,396561965.4706504,0.0,-8.37123329640618e-05,29.779942108835506,0.0,443.4215355585462,0.0,-0.0,4455087999.99999,-0.35304404683810786,-0.9356067020881007,-0.0
149599175.76791215,396669173.2622287,0.0,-8.371515138605761e-05,29.77994210136334,0.0,443.4215355585462,0.0,-0.0,4455087999.99999,-0.3529604949983199,-0.9356382254752854,-0.0
149599175.46653253,396776381.0537802,0.0,-8.371796780811338e-05,29.779942093894455,0.0,443.42153555854617,0.0,-0.0,4455087999.99999,-0.3528769798837342,-0.9356697264890719,-0.0
149599175.16514277,396883588.8453048,0.0,-8.372078223205366e-05,29.779942086428854,0.0,443.42153555854617,0.0,-0.0,4455087999.99999,-0.35279350147227856,-0.9357012051498754,-0.0
149599174.8637429,396990796.6368025,0.0,-8.372359465970101e-05,29.77994207896653,0.0,443.4215355585461,0.0,-0.0,4455087999.99999,-0.3527100597418968,-0.9357326614780889,-0.0
149599174.5623329,397098004.4282733,0.0,-8.372640509287601e-05,29.779942071507488,0.0,443.42153555854617,0.0,-0.0,4455087999.99999,-0.3526266546705479,-0.9357640954940825,-0.0
149599174.26091278,397205212.2197173,0.0,-8.372921353339722e-05,29.77994206405172,0.0,443.42153555854617,0.0,-0.0,4455087999.99999,-0.3525432862362062,-0.9357955072182044,-0.0
149599173.95948255,397312420.0111345,0.0,-8.373201998308123e-05,29.77994205659923,0.0,443.4215355585462,0.0,-0.0,4455087999.99999,-0.3524599544168614,-0.9358268966707808,-0.0
149599173.65804222,397419627.80252486,0.0,-8.373482444374264e-05,29.77994204915001,0.0,443.4215355585462,0.0,-0.0,4455087999.99999,-0.35237665919051886,-0.9358582638721149,-0.0
149599173.35659182,397526835.5938884,0.0,-8.373762691719405e-05,29.779942041704057,0.0,443.4215355585462,0.0,-0.0,4455087999.999991,-0.35229340053519903,-0.9358896088424883,-0.0
149599173.05513132,397634043.3852251,0.0,-8.374042740524608e-05,29.779942034261374,0.0,443.4215355585462,0.0,-0.0,4455087999.99999,-0.35221017842893787,-0.9359209316021604,-0.0
149599172.75366074,397741251.17653507,0.0,-8.374322590970738e-05,29.779942026821956,0.0,443.42153555854617,0.0,-0.0,4455087999.99999,-0.3521269928497867,-0.9359522321713679,-0.0
149599172.4521801,397848458.96781826,0.0,-8.374602243238462e-05,29.779942019385803,0.0,443.42153555854617,0.0,-0.0,4455087999.99999,-0.3520438437758119,-0.9359835105703261,-0.0
149599172.15068936,397955666.7590747,0.0,-8.374881697508251e-05,29.77994201195291,0.0,443.4215355585462,0.0,-0.0,4455087999.9999895,-0.3519607311850955,-0.9360147668192277,-0.0
149599171.8491886,398062874.55030435,0.0,-8.375160953960375e-05,29.77994200452328,0.0,443.42153555854617,0.0,-0.0,4455087999.9999895,-0.35187765505573465,-0.9360460009382431,-0.0
149599171.5476778,398170082.34150726,0.0,-8.375440012774909e-05,29.77994199709691,0.0,443.42153555854617,0.0,-0.0,4455087999.9999895,-0.35179461536584206,-0.9360772129475214,-0.0
149599171.24615693,398277290.13268346,0.0,-8.37571887413173e-05,29.779941989673794,0.0,443.4215355585462,0.0,-0.0,4455087999.99999,-0.35171161209354546,-0.936108402867189,-0.0
149599170.94462603,398384497.92383295,0.0,-8.375997538210521e-05,29.779941982253934,0.0,443.4215355585463,0.0,-0.0,4455087999.99999,-0.3516286452169881,-0.9361395707173507,-0.0
149599170.64308512,398491705.7149557,0.0,-8.376276005190767e-05,29.779941974837325,0.0,443.42153555854617,0.0,-0.0,4455087999.99999,-0.3515457147143282,-0.936170716518089,-0.0
149599170.34153417,398598913.5060518,0.0,-8.376554275251757e-05,29.779941967423966,0.0,443.42153555854617,0.0,-0.0,4455087999.99999,-0.3514628205637395,-0.9362018402894648,-0.0
149599170.0399732,398706121.29712117,0.0,-8.376832348572582e-05,29.779941960013858,0.0,443.4215355585462,0.0,-0.0,4455087999.9999895,-0.351379962743411,-0.936232942051517,-0.0
149599169.73840222,398813329.0881639,0.0,-8.377110225332143e-05,29.779941952606993,0.0,443.4215355585462,0.0,-0.0,4455087999.99999,-0.3512971412315468,-0.9362640218242623,-0.0
149599169.43682125,398920536.87917995,0.0,-8.37738790570914e-05,29.779941945203376,0.0,443.4215355585463,0.0,-0.0,4455087999.9999895,-0.35121435600636625,-0.936295079627696,-0.0
149599169.1352303,399027744.67016935,0.0,-8.377665389882081e-05,29.779941937803,0.0,443.4215355585462,0.0,-0.0,4455087999.9999895,-0.35113160704610413,-0.936326115481791,-0.0
149599168.83362937,399134952.4611321,0.0,-8.377942678029279e-05,29.779941930405865,0.0,443.4215355585463,0.0,-0.0,4455087999.999991,-0.35104889432901026,-0.9363571294064992,-0.0
149599168.53201845,399242160.2520683,0.0,-8.378219770328849e-05,29.779941923011968,0.0,443.4215355585463,0.0,-0.0,4455087999.999991,-0.35096621783334975,-0.9363881214217499,-0.0
149599168.23039755,399349368.0429778,0.0,-8.378496666958717e-05,29.779941915621308,0.0,443.4215355585462,0.0,-0.0,4455087999.99999,-0.3508835775374027,-0.9364190915474511,-0.0
149599167.9287667,399456575.83386075,0.0,-8.378773368096612e-05,29.779941908233884,0.0,443.4215355585462,0.0,-0.0,4455087999.999991,-0.35080097341946453,-0.9364500398034891,-0.0
149599167.6271259,399563783.6247171,0.0,-8.379049873920068e-05,29.779941900849693,0.0,443.4215355585462,0.0,-0.0,4455087999.999991,-0.350718405457846,-0.9364809662097281,-0.0
149599167.32547513,399670991.4155469,0.0,-8.379326184606427e-05,29.77994189346873,0.0,443.4215355585462,0.0,-0.0,4455087999.999991,-0.3506358736308729,-0.9365118707860112,-0.0
149599167.0238144,399778199.2063501,0.0,-8.379602300332838e-05,29.779941886091,0.0,443.42153555854617,0.0,-0.0,4455087999.999991,-0.35055337791688607,-0.9365427535521594,-0.0
149599166.72214377,399885406.99712676,0.0,-8.379878221276255e-05,29.779941878716496,0.0,443.42153555854617,0.0,-0.0,4455087999.999991,-0.35047091829424143,-0.9365736145279724,-0.0
149599166.4204632,399992614.78787684,0.0,-8.380153947613441e-05,29.779941871345216,0.0,443.4215355585461,0.0,-0.0,4455087999.999992,-0.35038849474131056,-0.936604453733228,-0.0
149599166.11877272,400099822.5786004,0.0,-8.380429479520966e-05,29.77994186397716,0.0,443.42153555854617,0.0,-0.0,4455087999.999992,-0.35030610723647954,-0.9366352711876827,-0.0
149599165.8170723,400207030.36929744,0.0,-8.380704817175205e-05,29.779941856612325,0.0,443.42153555854605,0.0,-0.0,4455087999.999992,-0.35022375575814996,-0.9366660669110715,-0.0
149599165.51536196,400314238.159968,0.0,-8.380979960752345e-05,29.77994184925071,0.0,443.4215355585461,0.0,-0.0,4455087999.999992,-0.3501414402847381,-0.9366968409231075,-0.0
149599165.21364173,400421445.95061207,0.0,-8.381254910428377e-05,29.779941841892313,0.0,443.4215355585461,0.0,-0.0,4455087999.999991,-0.35005916079467586,-0.9367275932434825,-0.0
149599164.9119116,400528653.74122965,0.0,-8.381529666379104e-05,29.77994183453713,0.0,443.4215355585461,0.0,-0.0,4455087999.999991,-0.3499769172664099,-0.9367583238918673,-0.0
149599164.6101716,400635861.5318208,0.0,-8.381804228780134e-05,29.779941827185162,0.0,443.42153555854605,0.0,-0.0,4455087999.999991,-0.3498947096784019,-0.9367890328879105,-0.0
149599164.3084217,400743069.32238543,0.0,-8.382078597806886e-05,29.779941819836406,0.0,443.4215355585461,0.0,-0.0,4455087999.999991,-0.349812538009129,-0.9368197202512402,-0.0
149599164.00666192,400850277.1129236,0.0,-8.382352773634589e-05,29.77994181249086,0.0,443.4215355585461,0.0,-0.0,4455087999.99999,-0.34973040223708274,-0.936850386001462,-0.0
149599163.70489228,400957484.90343535,0.0,-8.382626756438278e-05,29.77994180514852,0.0,443.42153555854605,0.0,-0.0,4455087999.9999895,-0.3496483023407705,-0.9368810301581612,-0.0
149599163.4031128,401064692.6939207,0.0,-8.382900546392799e-05,29.77994179780939,0.0,443.4215355585461,0.0,-0.0,4455087999.99999,-0.3495662382987138,-0.936911652740901,-0.0
149599163.10132346,401171900.4843796,0.0,-8.383174143672808e-05,29.779941790473462,0.0,443.42153555854605,0.0,-0.0,4455087999.999991,-0.3494842100894502,-0.936942253769224,-0.0
149599162.79952428,401279108.2748121,0.0,-8.383447548452772e-05,29.779941783140735,0.0,443.4215355585461,0.0,-0.0,4455087999.999991,-0.34940221769153124,-0.9369728332626511,-0.0
149599162.49771523,401386316.0652182,0.0,-8.383720760906967e-05,29.77994177581121,0.0,443.4215355585461,0.0,-0.0,4455087999.99999,-0.3493202610835242,-0.9370033912406819,-0.0
149599162.1958964,401493523.8555979,0.0,-8.383993781209478e-05,29.779941768484882,0.0,443.42153555854605,0.0,-0.0,4455087999.999991,-0.349238340244011,-0.9370339277227953,-0.0
149599161.8940677,401600731.6459513,0.0,-8.384266609534204e-05,29.77994176116175,0.0,443.4215355585461,0.0,-0.0,4455087999.999991,-0.3491564551515886,-0.9370644427284479,-0.0
149599161.5922292,401707939.4362783,0.0,-8.384539246054851e-05,29.779941753841815,0.0,443.4215355585461,0.0,-0.0,4455087999.999991,-0.3490746057848691,-0.9370949362770766,-0.0
149599161.29038087,401815147.22657895,0.0,-8.38481169094494e-05,29.779941746525072,0.0,443.42153555854617,0.0,-0.0,4455087999.999991,-0.34899279212247925,-0.9371254083880961,-0.0
149599160.98852274,401922355.0168533,0.0,-8.385083944377799e-05,29.77994173921152,0.0,443.42153555854617,0.0,-0.0,4455087999.999991,-0.34891101414306114,-0.9371558590809005,-0.0
149599160.6866548,402029562.80710125,0.0,-8.385356006526573e-05,29.779941731901154,0.0,443.42153555854617,0.0,-0.0,4455087999.999991,-0.34882927182527135,-0.9371862883748625,-0.0
149599160.3847771,402136770.59732294,0.0,-8.385627877564214e-05,29.779941724593975,0.0,443.4215355585461,0.0,-0.0,4455087999.99999,-0.348747565147782,-0.937216696289334,-0.0
149599160.08288962,402243978.38751835,0.0,-8.385899557663488e-05,29.779941717289983,0.0,443.42153555854617,0.0,-0.0,4455087999.999991,-0.3486658940892793,-0.9372470828436456,-0.0
149599159.78099236,402351186.17768747,0.0,-8.386171046996974e-05,29.779941709989174,0.0,443.42153555854617,0.0,-0.0,4455087999.999992,-0.3485842586284652,-0.9372774480571072,-0.0
149599159.47908533,402458393.9678303,0.0,-8.386442345737063e-05,29.779941702691545,0.0,443.42153555854617,0.0,-0.0,4455087999.999991,-0.34850265874405595,-0.9373077919490076,-0.0
149599159.17716852,402565601.75794685,0.0,-8.386713454055959e-05,29.779941695397095,0.0,443.4215355585461,0.0,-0.0,4455087999.999992,-0.3484210944147831,-0.9373381145386145,-0.0
149599158.87524197,402672809.5480372,0.0,-8.386984372125677e-05,29.779941688105822,0.0,443.4215355585461,0.0,-0.0,4455087999.999992,-0.34833956561939267,-0.9373684158451749,-0.0
149599158.57330567,402780017.3381012,0.0,-8.387255100118047e-05,29.779941680817725,0.0,443.4215355585461,0.0,-0.0,4455087999.999992,-0.348258072336646,-0.9373986958879149,-0.0
149599158.27135962,402887225.128139,0.0,-8.387525638204715e-05,29.7799416735328,0.0,443.421535558546,0.0,-0.0,4455087999.999992,-0.348176614545319,-0.9374289546860394,-0.0
149599157.96940383,402994432.9181506,0.0,-8.387795986557135e-05,29.779941666251048,0.0,443.421535558546,0.0,-0.0,4455087999.999991,-0.3480951922242025,-0.9374591922587326,-0.0
149599157.66743833,403101640.708136,0.0,-8.38806614534658e-05,29.779941658972465,0.0,443.42153555854594,0.0,-0.0,4455087999.999992,-0.3480138053521022,-0.9374894086251584,-0.0
149599157.36546308,403208848.4980952,0.0,-8.388336114744134e-05,29.77994165169705,0.0,443.42153555854594,0.0,-0.0,4455087999.999992,-0.34793245390783845,-0.9375196038044591,-0.0
149599157.0634781,403316056.28802824,0.0,-8.388605894920697e-05,29.779941644424802,0.0,443.42153555854594,0.0,-0.0,4455087999.999991,-0.34785113787024674,-0.9375497778157567,-0.0
149599156.76148346,403423264.0779351,0.0,-8.388875486046982e-05,29.77994163715572,0.0,443.42153555854594,0.0,-0.0,4455087999.999992,-0.347769857218177,-0.9375799306781524,-0.0
149599156.4594791,403530471.8678158,0.0,-8.38914488829352e-05,29.779941629889798,0.0,443.42153555854594,0.0,-0.0,4455087999.999992,-0.3476886119304944,-0.9376100624107263,-0.0
149599156.15746504,403637679.6576703,0.0,-8.389414101830655e-05,29.779941622627035,0.0,443.42153555854594,0.0,-0.0,4455087999.999992,-0.3476074019860785,-0.9376401730325385,-0.0
149599155.8554413,403744887.4474987,0.0,-8.389683126828545e-05,29.77994161536743,0.0,443.4215355585458,0.0,-0.0,4455087999.999992,-0.3475262273638238,-0.9376702625626281,-0.0
149599155.55340788,403852095.23730093,0.0,-8.389951963457165e-05,29.779941608110985,0.0,443.4215355585459,0.0,-0.0,4455087999.999992,-0.3474450880426397,-0.9377003310200132,-0.0
149599155.25136477,403959303.0270771,0.0,-8.390220611886306e-05,29.779941600857693,0.0,443.4215355585459,0.0,-0.0,4455087999.999992,-0.3473639840014502,-0.9377303784236919,-0.0
149599154.949312,404066510.8168271,0.0,-8.390489072285576e-05,29.779941593607553,0.0,443.4215355585458,0.0,-0.0,4455087999.999992,-0.34728291521919374,-0.9377604047926412,-0.0
149599154.64724958,404173718.60655105,0.0,-8.390757344824396e-05,29.779941586360565,0.0,443.4215355585458,0.0,-0.0,4455087999.999993,-0.3472018816748242,-0.9377904101458179,-0.0
149599154.3451775,404280926.39624894,0.0,-8.391025429672008e-05,29.779941579116727,0.0,443.4215355585459,0.0,-0.0,4455087999.999993,-0.34712088334730967,-0.937820394502158,-0.0
149599154.04309577,404388134.1859207,0.0,-8.391293326997465e-05,29.779941571876034,0.0,443.4215355585458,0.0,-0.0,4455087999.999993,-0.347039920215633,-0.9378503578805774,-0.0
149599153.74100438,404495341.97556645,0.0,-8.391561036969643e-05,29.779941564638488,0.0,443.4215355585459,0.0,-0.0,4455087999.999993,-0.3469589922587921,-0.9378803002999708,-0.0
149599153.43890336,404602549.76518613,0.0,-8.391828559757232e-05,29.779941557404086,0.0,443.4215355585459,0.0,-0.0,4455087999.999993,-0.3468780994557991,-0.9379102217792131,-0.0
149599153.13679272,404709757.55477977,0.0,-8.392095895528737e-05,29.779941550172826,0.0,443.4215355585459,0.0,-0.0,4455087999.999993,-0.3467972417856812,-0.9379401223371585,-0.0
149599152.83467245,404816965.34434736,0.0,-8.392363044452485e-05,29.7799415429447,0.0,443.4215355585458,0.0,-0.0,4455087999.999993,-0.34671641922748,-0.9379700019926407,-0.0
149599152.5325426,404924173.13388896,0.0,-8.392630006696618e-05,29.77994153571972,0.0,443.4215355585459,0.0,-0.0,4455087999.999993,-0.346635631760252,-0.9379998607644731,-0.0
149599152.2304031,405031380.9234046,0.0,-8.392896782429099e-05,29.77994152849787,0.0,443.4215355585458,0.0,-0.0,4455087999.999992,-0.3465548793630682,-0.9380296986714489,-0.0
149599151.928254,405138588.7128942,0.0,-8.393163371817706e-05,29.779941521279156,0.0,443.4215355585459,0.0,-0.0,4455087999.999993,-0.3464741620150143,-0.9380595157323408,-0.0
149599151.62609532,405245796.50235784,0.0,-8.393429775030037e-05,29.779941514063573,0.0,443.4215355585459,0.0,-0.0,4455087999.999993,-0.3463934796951905,-0.9380893119659011,-0.0
149599151.32392707,405353004.2917955,0.0,-8.393695992233509e-05,29.77994150685112,0.0,443.4215355585459,0.0,-0.0,4455087999.999993,-0.34631283238271215,-0.9381190873908619,-0.0
149599151.02174923,405460212.08120716,0.0,-8.393962023595358e-05,29.779941499641797,0.0,443.4215355585459,0.0,-0.0,4455087999.999993,-0.3462322200567084,-0.9381488420259351,-0.0
149599150.71956182,405567419.8705929,0.0,-8.394227869282636e-05,29.7799414924356,0.0,443.42153555854594,0.0,-0.0,4455087999.999993,-0.34615164269632376,-0.9381785758898125,-0.0
149599150.41736484,405674627.6599527,0.0,-8.394493529462221e-05,29.779941485232527,0.0,443.4215355585459,0.0,-0.0,4455087999.999994,-0.3460711002807168,-0.9382082890011653,-0.0
149599150.1151583,405781835.4492866,0.0,-8.394759004300804e-05,29.779941478032576,0.0,443.4215355585459,0.0,-0.0,4455087999.999993,-0.34599059278906097,-0.9382379813786447,-0.0
149599149.81294218,405889043.23859453,0.0,-8.3950242939649e-05,29.779941470835748,0.0,443.4215355585459,0.0,-0.0,4455087999.999993,-0.34591012020054424,-0.9382676530408821,-0.0
149599149.51071653,405996251.0278766,0.0,-8.395289398620841e-05,29.77994146364204,0.0,443.42153555854594,0.0,-0.0,4455087999.999993,-0.34582968249436896,-0.9382973040064881,-0.0
149599149.20848134,406103458.8171328,0.0,-8.395554318434782e-05,29.779941456451446,0.0,443.4215355585459,0.0,-0.0,4455087999.999992,-0.3457492796497525,-0.9383269342940538,-0.0
149599148.90623662,406210666.60636306,0.0,-8.395819053572698e-05,29.77994144926397,0.0,443.4215355585458,0.0,-0.0,4455087999.999993,-0.3456689116459263,-0.9383565439221494,-0.0
149599148.60398236,406317874.3955675,0.0,-8.396083604200384e-05,29.779941442079604,0.0,443.4215355585458,0.0,-0.0,4455087999.999992,-0.34558857846213636,-0.9383861329093263,-0.0
149599148.3017186,406425082.184746,0.0,-8.396347970483457e-05,29.77994143489835,0.0,443.42153555854577,0.0,-0.0,4455087999.999992,-0.3455082800776437,-0.9384157012741147,-0.0
149599147.99944532,406532289.97389877,0.0,-8.396612152587353e-05,29.77994142772021,0.0,443.42153555854577,0.0,-0.0,4455087999.999992,-0.3454280164717234,-0.9384452490350255,-0.0
149599147.69716254,406639497.76302564,0.0,-8.396876150677331e-05,29.779941420545175,0.0,443.42153555854577,0.0,-0.0,4455087999.999993,-0.34534778762366514,-0.938474776210549,-0.0
149599147.39487025,406746705.5521267,0.0,-8.397139964918472e-05,29.779941413373248,0.0,443.4215355585458,0.0,-0.0,4455087999.999993,-0.3452675935127731,-0.9385042828191561,-0.0
149599147.09256846,406853913.34120196,0.0,-8.397403595475677e-05,29.779941406204426,0.0,443.4215355585458,0.0,-0.0,4455087999.999992,-0.34518743411836594,-0.9385337688792975,-0.0
149599146.7902572,406961121.1302514,0.0,-8.397667042513672e-05,29.779941399038705,0.0,443.4215355585459,0.0,-0.0,4455087999.999993,-0.3451073094197769,-0.9385632344094043,-0.0
149599146.48793644,407068328.91927505,0.0,-8.397930306197003e-05,29.779941391876086,0.0,443.42153555854594,0.0,-0.0,4455087999.999993,-0.34502721939635367,-0.9385926794278872,-0.0
149599146.1856062,407175536.70827293,0.0,-8.398193386690039e-05,29.779941384716565,0.0,443.42153555854594,0.0,-0.0,4455087999.999994,-0.3449471640274581,-0.9386221039531372,-0.0
149599145.8832665,407282744.497245,0.0,-8.398456284156973e-05,29.77994137756014,0.0,443.4215355585459,0.0,-0.0,4455087999.999993,-0.3448671432924671,-0.9386515080035258,-0.0
149599145.58091736,407389952.28619134,0.0,-8.398718998761817e-05,29.77994137040681,0.0,443.42153555854594,0.0,-0.0,4455087999.999994,-0.34478715717077146,-0.9386808915974042,-0.0
149599145.27855876,407497160.0751119,0.0,-8.398981530668413e-05,29.779941363256572,0.0,443.42153555854594,0.0,-0.0,4455087999.999994,-0.3447072056417765,-0.9387102547531044,-0.0
149599144.97619072,407604367.86400676,0.0,-8.399243880040419e-05,29.779941356109425,0.0,443.4215355585459,0.0,-0.0,4455087999.999993,-0.3446272886849021,-0.9387395974889379,-0.0
149599144.67381322,407711575.6528759,0.0,-8.399506047041322e-05,29.77994134896537,0.0,443.4215355585459,0.0,-0.0,4455087999.999994,-0.34454740627958264,-0.938768919823197,-0.0
149599144.37142628,407818783.4417193,0.0,-8.39976803183443e-05,29.7799413418244,0.0,443.4215355585459,0.0,-0.0,4455087999.999994,-0.3444675584052666,-0.9387982217741544,-0.0
149599144.06902993,407925991.230537,0.0,-8.400029834582876e-05,29.77994133468652,0.0,443.42153555854594,0.0,-0.0,4455087999.999994,-0.34438774504141706,-0.9388275033600624,-0.0
149599143.76662415,408033199.019329,0.0,-8.400291455449618e-05,29.77994132755172,0.0,443.42153555854594,0.0,-0.0,4455087999.999995,-0.3443079661675112,-0.9388567645991545,-0.0
149599143.46420896,408140406.80809534,0.0,-8.400552894597436e-05,29.779941320420004,0.0,443.4215355585458,0.0,-0.0,4455087999.999995,-0.34422822176304113,-0.9388860055096437,-0.0
149599143.16178435,408247614.59683603,0.0,-8.400814152188937e-05,29.779941313291367,0.0,443.4215355585458,0.0,-0.0,4455087999.999994,-0.3441485118075126,-0.938915226109724,-0.0
149599142.85935035,408354822.38555104,0.0,-8.401075228386552e-05,29.77994130616581,0.0,443.4215355585459,0.0,-0.0,4455087999.999995,-0.34406883628044643,-0.93894442641757,-0.0
149599142.55690694,408462030.1742404,0.0,-8.401336123352539e-05,29.77994129904333,0.0,443.4215355585459,0.0,-0.0,4455087999.999994,-0.3439891951613771,-0.9389736064513358,-0.0
149599142.25445414,408569237.96290416,0.0,-8.401596837248977e-05,29.779941291923922,0.0,443.4215355585458,0.0,-0.0,4455087999.999994,-0.3439095884298539,-0.9390027662291568,-0.0
149599141.95199195,408676445.75154227,0.0,-8.401857370237775e-05,29.779941284807588,0.0,443.4215355585458,0.0,-0.0,4455087999.999993,-0.3438300160654402,-0.9390319057691485,-0.0
149599141.6495204,408783653.54015476,0.0,-8.402117722480666e-05,29.779941277694327,0.0,443.4215355585458,0.0,-0.0,4455087999.999994,-0.3437504780477139,-0.9390610250894073,-0.0
149599141.34703946,408890861.32874167,0.0,-8.402377894139209e-05,29.779941270584136,0.0,443.42153555854577,0.0,-0.0,4455087999.999993,-0.3436709743562669,-0.9390901242080092,-0.0
149599141.04454917,408998069.11730295,0.0,-8.402637885374789e-05,29.77994126347701,0.0,443.42153555854577,0.0,-0.0,4455087999.999993,-0.3435915049707058,-0.9391192031430118,-0.0
149599140.74204952,409105276.90583867,0.0,-8.402897696348617e-05,29.77994125637295,0.0,443.42153555854577,0.0,-0.0,4455087999.999992,-0.34351206987065075,-0.9391482619124528,-0.0
149599140.43954054,409212484.6943488,0.0,-8.403157327221733e-05,29.779941249271957,0.0,443.4215355585458,0.0,-0.0,4455087999.999993,-0.34343266903573705,-0.9391773005343506,-0.0
149599140.1370222,409319692.4828334,0.0,-8.403416778155001e-05,29.779941242174022,0.0,443.42153555854577,0.0,-0.0,4455087999.999992,-0.3433533024456137,-0.939206319026704,-0.0
149599139.83449453,409426900.27129245,0.0,-8.403676049309113e-05,29.77994123507915,0.0,443.4215355585458,0.0,-0.0,4455087999.999993,-0.34327397007994404,-0.9392353174074928,-0.0
149599139.53195754,409534108.05972594,0.0,-8.403935140844588e-05,29.779941227987337,0.0,443.4215355585458,0.0,-0.0,4455087999.999993,-0.34319467191840564,-0.9392642956946771,-0.0
149599139.2294112,409641315.8481339,0.0,-8.404194052921774e-05,29.77994122089858,0.0,443.42153555854577,0.0,-0.0,4455087999.999993,-0.3431154079406906,-0.939293253906198,-0.0
149599138.92685556,409748523.6365164,0.0,-8.404452785700847e-05,29.779941213812876,0.0,443.4215355585458,0.0,-0.0,4455087999.999993,-0.3430361781265048,-0.9393221920599774,-0.0
149599138.62429062,409855731.42487335,0.0,-8.404711339341807e-05,29.779941206730225,0.0,443.42153555854577,0.0,-0.0,4455087999.999993,-0.34295698245556855,-0.9393511101739173,-0.0
149599138.32171637,409962939.21320486,0.0,-8.404969714004486e-05,29.779941199650626,0.0,443.42153555854577,0.0,-0.0,4455087999.999993,-0.34287782090761637,-0.9393800082659012,-0.0
149599138.01913282,410070147.00151086,0.0,-8.405227909848543e-05,29.779941192574075,0.0,443.4215355585457,0.0,-0.0,4455087999.999993,-0.34279869346239683,-0.939408886353793,-0.0
149599137.71653998,410177354.7897914,0.0,-8.405485927033465e-05,29.779941185500572,0.0,443.4215355585456,0.0,-0.0,4455087999.999993,-0.3427196000996729,-0.9394377444554377,-0.0
149599137.41393784,410284562.5780465,0.0,-8.405743765718569e-05,29.779941178430118,0.0,443.4215355585457,0.0,-0.0,4455087999.999994,-0.3426405407992214,-0.9394665825886609,-0.0
149599137.11132643,410391770.36627614,0.0,-8.406001426063001e-05,29.779941171362704,0.0,443.4215355585457,0.0,-0.0,4455087999.999994,-0.34256151554083375,-0.9394954007712688,-0.0
149599136.80870575,410498978.15448034,0.0,-8.406258908225735e-05,29.779941164298336,0.0,443.4215355585457,0.0,-0.0,4455087999.999994,-0.3424825243043152,-0.9395241990210493,-0.0
149599136.5060758,410606185.9426591,0.0,-8.406516212365574e-05,29.779941157237005,0.0,443.4215355585457,0.0,-0.0,4455087999.999994,-0.34240356706948505,-0.9395529773557703,-0.0
149599136.20343658,410713393.73081243,0.0,-8.406773338641153e-05,29.779941150178715,0.0,443.42153555854566,0.0,-0.0,4455087999.999994,-0.3423246438161771,-0.9395817357931813,-0.0
149599135.90078813,410820601.5189404,0.0,-8.407030287210935e-05,29.779941143123462,0.0,443.4215355585457,0.0,-0.0,4455087999.999994,-0.34224575452423894,-0.9396104743510122,-0.0
149599135.5981304,410927809.30704296,0.0,-8.407287058233213e-05,29.779941136071244,0.0,443.42153555854577,0.0,-0.0,4455087999.999994,-0.3421668991735325,-0.9396391930469745,-0.0
149599135.29546344,411035017.09512013,0.0,-8.40754365186611e-05,29.77994112902206,0.0,443.4215355585458,0.0,-0.0,4455087999.999993,-0.3420880777439335,-0.9396678918987604,-0.0
149599134.99278724,411142224.8831719,0.0,-8.407800068267582e-05,29.779941121975906,0.0,443.4215355585458,0.0,-0.0,4455087999.999993,-0.3420092902153321,-0.9396965709240429,-0.0
149599134.69010183,411249432.67119837,0.0,-8.408056307595412e-05,29.779941114932782,0.0,443.4215355585458,0.0,-0.0,4455087999.999994,-0.34193053656763234,-0.9397252301404763,-0.0
149599134.38740718,411356640.4591994,0.0,-8.408312370007216e-05,29.779941107892686,0.0,443.4215355585459,0.0,-0.0,4455087999.999993,-0.3418518167807525,-0.9397538695656958,-0.0
149599134.08470333,411463848.24717516,0.0,-8.408568255660441e-05,29.779941100855616,0.0,443.42153555854594,0.0,-0.0,4455087999.999993,-0.3417731308346246,-0.9397824892173181,-0.0
149599133.78199026,411571056.03512555,0.0,-8.408823964712365e-05,29.77994109382157,0.0,443.421535558546,0.0,-0.0,4455087999.999994,-0.34169447870919506,-0.9398110891129405,-0.0
149599133.47926798,411678263.8230507,0.0,-8.409079497320097e-05,29.779941086790544,0.0,443.4215355585459,0.0,-0.0,4455087999.999993,-0.34161586038442415,-0.9398396692701418,-0.0
149599133.17653653,411785471.61095047,0.0,-8.409334853640579e-05,29.77994107976254,0.0,443.42153555854594,0.0,-0.0,4455087999.999994,-0.34153727584028604,-0.939868229706482,-0.0
149599132.87379587,411892679.398825,0.0,-8.409590033830582e-05,29.779941072737554,0.0,443.4215355585459,0.0,-0.0,4455087999.999993,-0.34145872505676933,-0.9398967704395018,-0.0
149599132.57104602,411999887.1866742,0.0,-8.409845038046714e-05,29.779941065715587,0.0,443.421535558546,0.0,-0.0,4455087999.999993,-0.34138020801387625,-0.9399252914867237,-0.0
149599132.268287,412107094.9744981,0.0,-8.410099866445411e-05,29.779941058696632,0.0,443.42153555854594,0.0,-0.0,4455087999.999992,-0.3413017246916231,-0.9399537928656512,-0.0
149599131.96551883,412214302.7622968,0.0,-8.410354519182943e-05,29.779941051680694,0.0,443.42153555854594,0.0,-0.0,4455087999.999993,-0.3412232750700406,-0.9399822745937689,-0.0
149599131.66274148,412321510.5500702,0.0,-8.410608996415413e-05,29.779941044667765,0.0,443.42153555854594,0.0,-0.0,4455087999.999992,-0.3411448591291727,-0.9400107366885427,-0.0
149599131.35995498,412428718.3378184,0.0,-8.410863298298756e-05,29.779941037657846,0.0,443.4215355585459,0.0,-0.0,4455087999.999992,-0.3410664768490779,-0.9400391791674203,-0.0
149599131.05715933,412535926.1255413,0.0,-8.411117424988741e-05,29.779941030650935,0.0,443.4215355585459,0.0,-0.0,4455087999.999992,-0.34098812820982843,-0.9400676020478301,-0.0
149599130.75435454,412643133.91323906,0.0,-8.41137137664097e-05,29.77994102364703,0.0,443.42153555854577,0.0,-0.0,4455087999.999992,-0.34090981319151054,-0.9400960053471823,-0.0
149599130.4515406,412750341.7009116,0.0,-8.41162515341088e-05,29.77994101664613,0.0,443.4215355585458,0.0,-0.0,4455087999.999992,-0.3408315317742244,-0.940124389082868,-0.0
149599130.14871752,412857549.4885589,0.0,-8.41187875545374e-05,29.779941009648233,0.0,443.4215355585458,0.0,-0.0,4455087999.999992,-0.340753283938084,-0.9401527532722602,-0.0
149599129.84588534,412964757.27618104,0.0,-8.412132182924652e-05,29.779941002653338,0.0,443.4215355585458,0.0,-0.0,4455087999.999992,-0.3406750696632176,-0.9401810979327132,-0.0
149599129.54304403,413071965.063778,0.0,-8.412385435978555e-05,29.77994099566144,0.0,443.42153555854577,0.0,-0.0,4455087999.999992,-0.3405968889297668,-0.9402094230815622,-0.0
149599129.2401936,413179172.8513498,0.0,-8.41263851477022e-05,29.779940988672543,0.0,443.42153555854577,0.0,-0.0,4455087999.999993,-0.3405187417178878,-0.9402377287361247,-0.0
149599128.93733406,413286380.6388964,0.0,-8.412891419454254e-05,29.77994098168664,0.0,443.42153555854577,0.0,-0.0,4455087999.999992,-0.3404406280077502,-0.9402660149136991,-0.0
149599128.63446543,413393588.4264179,0.0,-8.413144150185099e-05,29.77994097470373,0.0,443.4215355585458,0.0,-0.0,4455087999.999993,-0.34036254777953756,-0.9402942816315657,-0.0
149599128.3315877,413500796.2139143,0.0,-8.413396707117028e-05,29.779940967723814,0.0,443.42153555854577,0.0,-0.0,4455087999.999993,-0.3402845010134473,-0.9403225289069858,-0.0
149599128.0287009,413608004.0013855,0.0,-8.413649090404156e-05,29.779940960746888,0.0,443.4215355585459,0.0,-0.0,4455087999.999994,-0.3402064876896909,-0.9403507567572029,-0.0
149599127.72580498,413715211.78883165,0.0,-8.413901300200429e-05,29.77994095377295,0.0,443.4215355585459,0.0,-0.0,4455087999.999993,-0.34012850778849363,-0.9403789651994416,-0.0
149599127.4229,413822419.5762527,0.0,-8.414153336659628e-05,29.779940946802,0.0,443.42153555854594,0.0,-0.0,4455087999.999994,-0.34005056129009426,-0.9404071542509084,-0.0
149599127.11998594,413929627.36364865,0.0,-8.414405199935373e-05,29.779940939834034,0.0,443.42153555854594,0.0,-0.0,4455087999.999994,-0.339972648174746,-0.9404353239287911,-0.0
149599126.81706282,414036835.1510195,0.0,-8.414656890181118e-05,29.779940932869053,0.0,443.421535558546,0.0,-0.0,4455087999.999994,-0.3398947684227153,-0.9404634742502596,-0.0
149599126.51413065,414144042.9383653,0.0,-8.414908407550152e-05,29.779940925907052,0.0,443.42153555854605,0.0,-0.0,4455087999.999994,-0.33981692201428293,-0.940491605232465,-0.0
149599126.21118942,414251250.725686,0.0,-8.415159752195603e-05,29.77994091894803,0.0,443.42153555854594,0.0,-0.0,4455087999.999994,-0.3397391089297431,-0.9405197168925403,-0.0
149599125.90823916,414358458.5129817,0.0,-8.415410924270434e-05,29.779940911991986,0.0,443.42153555854594,0.0,-0.0,4455087999.999995,-0.33966132914940383,-0.9405478092476003,-0.0
149599125.60527983,414465666.3002524,0.0,-8.415661923927445e-05,29.779940905038917,0.0,443.42153555854594,0.0,-0.0,4455087999.999994,-0.33958358265358723,-0.9405758823147414,-0.0
149599125.30231148,414572874.087498,0.0,-8.415912751319273e-05,29.779940898088824,0.0,443.421535558546,0.0,-0.0,4455087999.999993,-0.3395058694226289,-0.9406039361110418,-0.0
149599124.9993341,414680081.8747186,0.0,-8.416163406598392e-05,29.779940891141703,0.0,443.4215355585459,0.0,-0.0,4455087999.999993,-0.33942818943687825,-0.9406319706535616,-0.0
149599124.6963477,414787289.6619142,0.0,-8.416413889917114e-05,29.779940884197554,0.0,443.42153555854594,0.0,-0.0,4455087999.999994,-0.33935054267669845,-0.9406599859593424,-0.0
149599124.3933523,414894497.4490848,0.0,-8.416664201427588e-05,29.779940877256372,0.0,443.42153555854594,0.0,-0.0,4455087999.999994,-0.3392729291224666,-0.9406879820454079,-0.0
149599124.0903479,415001705.23623043,0.0,-8.416914341281803e-05,29.77994087031816,0.0,443.4215355585459,0.0,-0.0,4455087999.999993,-0.3391953487545734,-0.9407159589287636,-0.0
149599123.78733447,415108913.0233511,0.0,-8.417164309631581e-05,29.77994086338291,0.0,443.4215355585459,0.0,-0.0,4455087999.999993,-0.33911780155342325,-0.9407439166263969,-0.0
149599123.48431206,415216120.8104468,0.0,-8.417414106628587e-05,29.77994085645063,0.0,443.4215355585459,0.0,-0.0,4455087999.999993,-0.33904028749943416,-0.9407718551552768,-0.0
149599123.18128064,415323328.59751755,0.0,-8.417663732424324e-05,29.77994084952131,0.0,443.421535558546,0.0,-0.0,4455087999.999993,-0.33896280657303796,-0.9407997745323546,-0.0
149599122.87824026,415430536.3845634,0.0,-8.41791318717013e-05,29.77994084259495,0.0,443.42153555854594,0.0,-0.0,4455087999.999994,-0.33888535875468045,-0.9408276747745633,-0.0
149599122.5751909,415537744.17158425,0.0,-8.418162471017184e-05,29.77994083567155,0.0,443.42153555854605,0.0,-0.0,4455087999.999994,-0.33880794402482056,-0.9408555558988182,-0.0
149599122.27213258,415644951.9585802,0.0,-8.418411584116506e-05,29.779940828751105,0.0,443.421535558546,0.0,-0.0,4455087999.999994,-0.33873056236393145,-0.9408834179220159,-0.0
149599121.96906528,415752159.7455512,0.0,-8.418660526618951e-05,29.779940821833616,0.0,443.42153555854605,0.0,-0.0,4455087999.999994,-0.3386532137524996,-0.9409112608610356,-0.0
149599121.665989,415859367.5324974,0.0,-8.418909298675217e-05,29.77994081491908,0.0,443.42153555854605,0.0,-0.0,4455087999.999994,-0.3385758981710253,-0.9409390847327385,-0.0
149599121.3629038,415966575.31941867,0.0,-8.41915790043584e-05,29.779940808007495,0.0,443.42153555854605,0.0,-0.0,4455087999.999994,-0.33849861560002226,-0.9409668895539673,-0.0
149599121.05980965,416073783.1063151,0.0,-8.419406332051195e-05,29.77994080109886,0.0,443.421535558546,0.0,-0.0,4455087999.999994,-0.33842136602001827,-0.9409946753415478,-0.0
149599120.75670657,416180990.8931866,0.0,-8.419654593671498e-05,29.779940794193173,0.0,443.42153555854594,0.0,-0.0,4455087999.999994,-0.33834414941155433,-0.9410224421122867,-0.0
149599120.45359454,416288198.6800333,0.0,-8.419902685446806e-05,29.779940787290435,0.0,443.42153555854605,0.0,-0.0,4455087999.999995,-0.33826696575518517,-0.9410501898829734,-0.0
149599120.15047356,416395406.46685517,0.0,-8.420150607527014e-05,29.77994078039064,0.0,443.421535558546,0.0,-0.0,4455087999.999993,-0.33818981503147927,-0.9410779186703797,-0.0
149599119.84734368,416502614.25365216,0.0,-8.42039836006186e-05,29.779940773493788,0.0,443.421535558546,0.0,-0.0,4455087999.999994,-0.3381126972210187,-0.9411056284912591,-0.0
149599119.5442049,416609822.04042435,0.0,-8.420645943200921e-05,29.77994076659988,0.0,443.4215355585461,0.0,-0.0,4455087999.999995,-0.33803561230439894,-0.9411333193623475,-0.0
149599119.2410572,416717029.8271717,0.0,-8.420893357093616e-05,29.779940759708907,0.0,443.421535558546,0.0,-0.0,4455087999.999994,-0.3379585602622292,-0.9411609913003626,-0.0
149599118.93790057,416824237.6138942,0.0,-8.421140601889205e-05,29.779940752820874,0.0,443.421535558546,0.0,-0.0,4455087999.999994,-0.33788154107513224,-0.9411886443220051,-0.0
149599118.63473508,416931445.40059197,0.0,-8.421387677736789e-05,29.779940745935775,0.0,443.421535558546,0.0,-0.0,4455087999.999994,-0.3378045547237442,-0.9412162784439572,-0.0
149599118.33156067,417038653.187265,0.0,-8.421634584785309e-05,29.77994073905361,0.0,443.4215355585459,0.0,-0.0,4455087999.999994,-0.33772760118871525,-0.941243893682884,-0.0
149599118.02837738,417145860.9739132,0.0,-8.421881323183551e-05,29.77994073217438,0.0,443.42153555854594,0.0,-0.0,4455087999.999994,-0.33765068045070845,-0.9412714900554322,-0.0
149599117.72518522,417253068.7605367,0.0,-8.422127893080141e-05,29.779940725298083,0.0,443.421535558546,0.0,-0.0,4455087999.999994,-0.33757379249040087,-0.9412990675782312,-0.0
149599117.42198417,417360276.54713535,0.0,-8.422374294623548e-05,29.77994071842471,0.0,443.4215355585459,0.0,-0.0,4455087999.999993,-0.3374969372884831,-0.9413266262678932,-0.0
149599117.11877427,417467484.3337093,0.0,-8.422620527962082e-05,29.779940711554268,0.0,443.4215355585459,0.0,-0.0,4455087999.999993,-0.3374201148256589,-0.9413541661410114,-0.0
149599116.81555548,417574692.1202585,0.0,-8.422866593243895e-05,29.77994070468675,0.0,443.42153555854594,0.0,-0.0,4455087999.999993,-0.337343325082646,-0.9413816872141632,-0.0
149599116.51232785,417681899.90678304,0.0,-8.423112490616984e-05,29.77994069782216,0.0,443.4215355585459,0.0,-0.0,4455087999.999993,-0.337266568040175,-0.9414091895039064,-0.0
149599116.20909137,417789107.69328284,0.0,-8.423358220229187e-05,29.77994069096049,0.0,443.421535558546,0.0,-0.0,4455087999.999993,-0.3371898436789907,-0.9414366730267829,-0.0
149599115.90584606,417896315.47975796,0.0,-8.423603782228187e-05,29.779940684101742,0.0,443.42153555854605,0.0,-0.0,4455087999.999993,-0.33711315197985076,-0.9414641377993163,-0.0
149599115.6025919,418003523.2662084,0.0,-8.423849176761508e-05,29.77994067724591,0.0,443.42153555854594,0.0,-0.0,4455087999.999994,-0.337036492923527,-0.9414915838380127,-0.0
149599115.29932892,418110731.0526342,0.0,-8.424094403976518e-05,29.779940670392996,0.0,443.42153555854594,0.0,-0.0,4455087999.999993,-0.33695986649080373,-0.9415190111593603,-0.0
149599114.99605712,418217938.8390353,0.0,-8.42433946402043e-05,29.779940663542998,0.0,443.42153555854594,0.0,-0.0,4455087999.999994,-0.33688327266247964,-0.9415464197798308,-0.0
149599114.6927765,418325146.6254117,0.0,-8.4245843570403e-05,29.779940656695914,0.0,443.421535558546,0.0,-0.0,4455087999.999994,-0.33680671141936636,-0.9415738097158776,-0.0
149599114.38948706,418432354.4117635,0.0,-8.424829083183027e-05,29.779940649851742,0.0,443.421535558546,0.0,-0.0,4455087999.999994,-0.33673018274228905,-0.9416011809839369,-0.0
149599114.08618882,418539562.1980906,0.0,-8.425073642595356e-05,29.77994064301048,0.0,443.421535558546,0.0,-0.0,4455087999.999994,-0.33665368661208633,-0.9416285336004273,-0.0
149599113.78288177,418646769.9843931,0.0,-8.425318035423875e-05,29.779940636172128,0.0,443.42153555854605,0.0,-0.0,4455087999.999995,-0.33657722300961024,-0.9416558675817505,-0.0
149599113.47956592,418753977.770671,0.0,-8.425562261815018e-05,29.779940629336682,0.0,443.4215355585461,0.0,-0.0,4455087999.999995,-0.33650079191572607,-0.94168318294429,-0.0
149599113.17624128,418861185.55692434,0.0,-8.425806321915062e-05,29.77994062250414,0.0,443.421535558546,0.0,-0.0,4455087999.999994,-0.33642439331131263,-0.9417104797044128,-0.0
149599112.87290785,418968393.34315306,0.0,-8.426050215870131e-05,29.7799406156745,0.0,443.42153555854605,0.0,-0.0,4455087999.999994,-0.3363480271772621,-0.9417377578784678,-0.0
149599112.56956565,419075601.1293572,0.0,-8.426293943826192e-05,29.779940608847763,0.0,443.421535558546,0.0,-0.0,4455087999.999994,-0.33627169349447994,-0.9417650174827872,-0.0
149599112.2662147,419182808.91553676,0.0,-8.42653750592906e-05,29.779940602023927,0.0,443.42153555854605,0.0,-0.0,4455087999.999995,-0.3361953922438854,-0.9417922585336854,-0.0
149599111.96285498,419290016.70169175,0.0,-8.426780902324392e-05,29.77994059520299,0.0,443.4215355585461,0.0,-0.0,4455087999.999995,-0.3361191234064102,-0.9418194810474597,-0.0
149599111.6594865,419397224.4878222,0.0,-8.427024133157693e-05,29.77994058838495,0.0,443.4215355585461,0.0,-0.0,4455087999.999995,-0.3360428869630004,-0.9418466850403903,-0.0
149599111.35610926,419504432.2739281,0.0,-8.427267198574314e-05,29.779940581569804,0.0,443.4215355585461,0.0,-0.0,4455087999.999996,-0.3359666828946147,-0.9418738705287398,-0.0
149599111.05272326,419611640.0600095,0.0,-8.427510098719452e-05,29.77994057475755,0.0,443.4215355585461,0.0,-0.0,4455087999.999995,-0.33589051118222535,-0.941901037528754,-0.0
149599110.74932852,419718847.84606636,0.0,-8.42775283373815e-05,29.779940567948188,0.0,443.4215355585461,0.0,-0.0,4455087999.999995,-0.3358143718068179,-0.9419281860566613,-0.0
149599110.44592506,419826055.63209873,0.0,-8.427995403775297e-05,29.779940561141714,0.0,443.42153555854605,0.0,-0.0,4455087999.999995,-0.33573826474939117,-0.9419553161286727,-0.0
149599110.14251286,419933263.4181066,0.0,-8.42823780897563e-05,29.77994055433813,0.0,443.421535558546,0.0,-0.0,4455087999.999995,-0.33566218999095754,-0.9419824277609823,-0.0
149599109.83909193,420040471.20409,0.0,-8.428480049483731e-05,29.779940547537432,0.0,443.42153555854605,0.0,-0.0,4455087999.999995,-0.33558614751254223,-0.9420095209697672,-0.0
149599109.5356623,420147678.9900489,0.0,-8.428722125444031e-05,29.77994054073962,0.0,443.42153555854605,0.0,-0.0,4455087999.999995,-0.3355101372951841,-0.942036595771187,-0.0
149599109.23222393,420254886.77598333,0.0,-8.428964037000807e-05,29.77994053394469,0.0,443.42153555854605,0.0,-0.0,4455087999.999995,-0.3354341593199351,-0.9420636521813844,-0.0
149599108.92877686,420362094.5618933,0.0,-8.429205784298184e-05,29.77994052715264,0.0,443.42153555854605,0.0,-0.0,4455087999.999993,-0.33535821356786033,-0.9420906902164852,-0.0
149599108.6253211,420469302.3477788,0.0,-8.429447367480134e-05,29.77994052036347,0.0,443.421535558546,0.0,-0.0,4455087999.999993,-0.3352823000200385,-0.9421177098925976,-0.0
149599108.32185665,420576510.1336399,0.0,-8.429688786690477e-05,29.77994051357718,0.0,443.42153555854605,0.0,-0.0,4455087999.999994,-0.33520641865756134,-0.9421447112258137,-0.0
149599108.0183835,420683717.91947657,0.0,-8.429930042072881e-05,29.779940506793768,0.0,443.4215355585461,0.0,-0.0,4455087999.999994,-0.33513056946153363,-0.9421716942322075,-0.0
149599107.7149017,420790925.7052888,0.0,-8.430171133770862e-05,29.77994050001323,0.0,443.4215355585461,0.0,-0.0,4455087999.999994,-0.3350547524130736,-0.9421986589278368,-0.0
149599107.4114112,420898133.49107665,0.0,-8.430412061927784e-05,29.77994049323556,0.0,443.42153555854605,0.0,-0.0,4455087999.999994,-0.33497896749331274,-0.9422256053287419,-0.0
149599107.10791203,421005341.2768401,0.0,-8.430652826686862e-05,29.779940486460763,0.0,443.421535558546,0.0,-0.0,4455087999.999994,-0.33490321468339557,-0.9422525334509467,-0.0
149599106.8044042,421112549.06257915,0.0,-8.430893428191157e-05,29.779940479688836,0.0,443.42153555854605,0.0,-0.0,4455087999.999994,-0.33482749396447975,-0.9422794433104578,-0.0
149599106.50088772,421219756.84829384,0.0,-8.431133866583579e-05,29.779940472919776,0.0,443.42153555854594,0.0,-0.0,4455087999.999994,-0.3347518053177363,-0.942306334923265,-0.0
149599106.19736257,421326964.63398415,0.0,-8.431374142006887e-05,29.779940466153583,0.0,443.42153555854594,0.0,-0.0,4455087999.999994,-0.33467614872434953,-0.942333208305341,-0.0
149599105.89382878,421434172.41965014,0.0,-8.431614254603692e-05,29.779940459390254,0.0,443.4215355585459,0.0,-0.0,4455087999.999994,-0.33460052416551644,-0.9423600634726419,-0.0
149599105.59028634,421541380.20529175,0.0,-8.43185420451645e-05,29.779940452629788,0.0,443.42153555854594,0.0,-0.0,4455087999.999994,-0.33452493162244756,-0.942386900441107,-0.0
149599105.28673527,421648587.99090904,0.0,-8.432093991887473e-05,29.779940445872185,0.0,443.42153555854594,0.0,-0.0,4455087999.999994,-0.3344493710763665,-0.9424137192266583,-0.0
149599104.98317558,421755795.776502,0.0,-8.432333616858915e-05,29.77994043911744,0.0,443.4215355585459,0.0,-0.0,4455087999.999993,-0.33437384250851,-0.9424405198452017,-0.0
149599104.67960724,421863003.56207067,0.0,-8.432573079572786e-05,29.779940432365553,0.0,443.42153555854594,0.0,-0.0,4455087999.999993,-0.3342983459001279,-0.9424673023126258,-0.0
149599104.3760303,421970211.34761506,0.0,-8.432812380170944e-05,29.779940425616523,0.0,443.42153555854594,0.0,-0.0,4455087999.999994,-0.33422288123248306,-0.9424940666448025,-0.0
149599104.07244474,422077419.13313514,0.0,-8.433051518795096e-05,29.779940418870346,0.0,443.42153555854594,0.0,-0.0,4455087999.999993,-0.33414744848685163,-0.9425208128575873,-0.0
149599103.7688506,422184626.91863096,0.0,-8.433290495586802e-05,29.779940412127022,0.0,443.42153555854594,0.0,-0.0,4455087999.999993,-0.3340720476445227,-0.9425475409668181,-0.0
149599103.46524784,422291834.70410246,0.0,-8.433529310687471e-05,29.77994040538655,0.0,443.42153555854594,0.0,-0.0,4455087999.999994,-0.3339966786867986,-0.9425742509883174,-0.0
149599103.1616365,422399042.4895497,0.0,-8.433767964238363e-05,29.77994039864893,0.0,443.42153555854594,0.0,-0.0,4455087999.999994,-0.3339213415949945,-0.9426009429378898,-0.0
149599102.85801655,422506250.27497274,0.0,-8.434006456380592e-05,29.779940391914153,0.0,443.42153555854594,0.0,-0.0,4455087999.999993,-0.33384603635043886,-0.942627616831324,-0.0
149599102.55438802,422613458.0603715,0.0,-8.434244787255119e-05,29.779940385182222,0.0,443.4215355585459,0.0,-0.0,4455087999.999992,-0.33377076293447316,-0.9426542726843918,-0.0
149599102.25075093,422720665.84574604,0.0,-8.43448295700276e-05,29.779940378453137,0.0,443.42153555854594,0.0,-0.0,4455087999.999994,-0.3336955213284518,-0.9426809105128483,-0.0
149599101.94710526,422827873.63109636,0.0,-8.434720965764179e-05,29.779940371726894,0.0,443.4215355585459,0.0,-0.0,4455087999.999993,-0.3336203115137424,-0.9427075303324322,-0.0
149599101.64345104,422935081.4164225,0.0,-8.434958813679895e-05,29.779940365003494,0.0,443.4215355585459,0.0,-0.0,4455087999.999994,-0.33354513347172543,-0.9427341321588653,-0.0
149599101.33978823,423042289.2017244,0.0,-8.435196500890278e-05,29.779940358282932,0.0,443.4215355585459,0.0,-0.0,4455087999.999993,-0.3334699871837945,-0.9427607160078532,-0.0
149599101.03611687,423149496.98700213,0.0,-8.435434027535549e-05,29.77994035156521,0.0,443.42153555854594,0.0,-0.0,4455087999.999993,-0.33339487263135614,-0.9427872818950847,-0.0
149599100.73243698,423256704.77225566,0.0,-8.435671393755783e-05,29.77994034485032,0.0,443.4215355585459,0.0,-0.0,4455087999.999993,-0.33331978979583005,-0.9428138298362322,-0.0
149599100.42874855,423363912.55748504,0.0,-8.435908599690905e-05,29.779940338138267,0.0,443.4215355585459,0.0,-0.0,4455087999.999994,-0.33324473865864884,-0.9428403598469514,-0.0
149599100.12505156,423471120.3426903,0.0,-8.436145645480698e-05,29.779940331429046,0.0,443.42153555854594,0.0,-0.0,4455087999.999994,-0.3331697192012579,-0.9428668719428819,-0.0
149599099.82134604,423578328.12787133,0.0,-8.436382531264791e-05,29.779940324722656,0.0,443.4215355585458,0.0,-0.0,4455087999.999993,-0.3330947314051158,-0.9428933661396467,-0.0
149599099.517632,423685535.91302824,0.0,-8.436619257182672e-05,29.779940318019097,0.0,443.42153555854594,0.0,-0.0,4455087999.999993,-0.3330197752516942,-0.9429198424528519,-0.0
149599099.21390945,423792743.69816107,0.0,-8.436855823373677e-05,29.779940311318366,0.0,443.42153555854594,0.0,-0.0,4455087999.999993,-0.3329448507224774,-0.9429463008980878,-0.0
149599098.9101784,423899951.48326975,0.0,-8.437092229977001e-05,29.77994030462046,0.0,443.421535558546,0.0,-0.0,4455087999.999993,-0.33286995779896283,-0.942972741490928,-0.0
149599098.60643882,424007159.26835436,0.0,-8.437328477131688e-05,29.77994029792538,0.0,443.421535558546,0.0,-0.0,4455087999.999993,-0.33279509646266087,-0.94299916424693,-0.0
149599098.30269074,424114367.0534148,0.0,-8.437564564976638e-05,29.77994029123312,0.0,443.42153555854605,0.0,-0.0,4455087999.999994,-0.33272026669509475,-0.943025569181634,-0.0
149599097.99893418,424221574.8384512,0.0,-8.437800493650604e-05,29.779940284543684,0.0,443.421535558546,0.0,-0.0,4455087999.999994,-0.3326454684778007,-0.9430519563105654,-0.0
149599097.69516912,424328782.6234635,0.0,-8.438036263292194e-05,29.779940277857065,0.0,443.42153555854605,0.0,-0.0,4455087999.999994,-0.3325707017923277,-0.9430783256492319,-0.0
149599097.39139557,424435990.40845174,0.0,-8.43827187403987e-05,29.779940271173263,0.0,443.421535558546,0.0,-0.0,4455087999.999994,-0.3324959666202379,-0.9431046772131255,-0.0
149599097.08761355,424543198.19341594,0.0,-8.438507326031948e-05,29.77994026449228,0.0,443.421535558546,0.0,-0.0,4455087999.999994,-0.33242126294310603,-0.943131011017722,-0.0
149599096.78382304,424650405.97835606,0.0,-8.438742619406599e-05,29.779940257814108,0.0,443.42153555854594,0.0,-0.0,4455087999.999993,-0.3323465907425198,-0.9431573270784805,-0.0
149599096.48002407,424757613.76327217,0.0,-8.438977754301849e-05,29.77994025113875,0.0,443.42153555854594,0.0,-0.0,4455087999.999993,-0.33227195000008014,-0.9431836254108446,-0.0
149599096.17621663,424864821.54816425,0.0,-8.439212730855579e-05,29.779940244466204,0.0,443.4215355585459,0.0,-0.0,4455087999.999992,-0.33219734069740015,-0.9432099060302407,-0.0
149599095.87240076,424972029.3330323,0.0,-8.439447549205524e-05,29.779940237796467,0.0,443.4215355585458,0.0,-0.0,4455087999.999993,-0.3321227628161063,-0.9432361689520797,-0.0
149599095.56857643,425079237.11787635,0.0,-8.439682209489277e-05,29.77994023112954,0.0,443.4215355585458,0.0,-0.0,4455087999.999993,-0.332048216337838,-0.9432624141917563,-0.0
149599095.26474366,425186444.90269643,0.0,-8.439916711844283e-05,29.77994022446542,0.0,443.4215355585459,0.0,-0.0,4455087999.999993,-0.33197370124424697,-0.9432886417646487,-0.0
149599094.96090242,425293652.6874925,0.0,-8.440151056407845e-05,29.779940217804103,0.0,443.4215355585459,0.0,-0.0,4455087999.999993,-0.33189921751699814,-0.9433148516861188,-0.0
149599094.65705276,425400860.4722646,0.0,-8.440385243317122e-05,29.77994021114559,0.0,443.4215355585459,0.0,-0.0,4455087999.999993,-0.3318247651377693,-0.9433410439715131,-0.0
149599094.35319468,425508068.2570127,0.0,-8.440619272709129e-05,29.77994020448988,0.0,443.4215355585459,0.0,-0.0,4455087999.999993,-0.3317503440882507,-0.9433672186361615,-0.0
149599094.04932818,425615276.0417369,0.0,-8.440853144720736e-05,29.779940197836968,0.0,443.4215355585459,0.0,-0.0,4455087999.999993,-0.33167595435014574,-0.9433933756953776,-0.0
149599093.74545327,425722483.8264371,0.0,-8.441086859488672e-05,29.779940191186853,0.0,443.4215355585459,0.0,-0.0,4455087999.999993,-0.3316015959051704,-0.9434195151644597,-0.0
149599093.44156992,425829691.6111134,0.0,-8.441320417149517e-05,29.779940184539534,0.0,443.4215355585458,0.0,-0.0,4455087999.999993,-0.33152726873505356,-0.9434456370586891,-0.0
149599093.13767818,425936899.3957658,0.0,-8.441553817839715e-05,29.77994017789501,0.0,443.4215355585459,0.0,-0.0,4455087999.999992,-0.33145297282153663,-0.9434717413933317,-0.0
149599092.83377805,426044107.18039423,0.0,-8.441787061695562e-05,29.77994017125328,0.0,443.42153555854577,0.0,-0.0,4455087999.999992,-0.33137870814637427,-0.9434978281836373,-0.0
149599092.52986953,426151314.9649988,0.0,-8.442020148853213e-05,29.77994016461434,0.0,443.42153555854577,0.0,-0.0,4455087999.999992,-0.33130447469133334,-0.9435238974448393,-0.0
149599092.2259526,426258522.7495794,0.0,-8.442253079448679e-05,29.779940157978196,0.0,443.4215355585458,0.0,-0.0,4455087999.999992,-0.33123027243819364,-0.9435499491921558,-0.0
149599091.9220273,426365730.53413624,0.0,-8.44248585361783e-05,29.779940151344835,0.0,443.42153555854577,0.0,-0.0,4455087999.999992,-0.33115610136874785,-0.9435759834407886,-0.0
149599091.6180936,426472938.31866914,0.0,-8.442718471496393e-05,29.779940144714264,0.0,443.42153555854577,0.0,-0.0,4455087999.999992,-0.33108196146480134,-0.9436020002059236,-0.0
149599091.31415156,426580146.1031782,0.0,-8.442950933219952e-05,29.779940138086477,0.0,443.4215355585458,0.0,-0.0,4455087999.999992,-0.331007852708172,-0.9436279995027304,-0.0
149599091.01020113,426687353.88766336,0.0,-8.44318323892395e-05,29.779940131461473,0.0,443.42153555854577,0.0,-0.0,4455087999.999991,-0.3309337750806906,-0.9436539813463636,-0.0
149599090.70624235,426794561.6721247,0.0,-8.443415388743689e-05,29.77994012483925,0.0,443.42153555854577,0.0,-0.0,4455087999.999992,-0.33085972856420054,-0.9436799457519608,-0.0
149599090.40227523,426901769.45656216,0.0,-8.443647382814326e-05,29.77994011821981,0.0,443.42153555854577,0.0,-0.0,4455087999.999992,-0.3307857131405577,-0.9437058927346447,-0.0
149599090.09829974,427008977.24097586,0.0,-8.443879221270878e-05,29.779940111603146,0.0,443.42153555854577,0.0,-0.0,4455087999.999991,-0.3307117287916312,-0.9437318223095216,-0.0
149599089.7943159,427116185.0253657,0.0,-8.444110904248224e-05,29.77994010498926,0.0,443.4215355585458,0.0,-0.0,4455087999.999991,-0.33063777549930223,-0.9437577344916824,-0.0
149599089.49032375,427223392.8097318,0.0,-8.444342431881097e-05,29.77994009837815,0.0,443.4215355585458,0.0,-0.0,4455087999.999991,-0.330563853245465,-0.943783629296202,-0.0
149599089.18632326,427330600.5940741,0.0,-8.444573804304092e-05,29.779940091769816,0.0,443.4215355585459,0.0,-0.0,4455087999.999991,-0.3304899620120262,-0.9438095067381391,-0.0
149599088.88231444,427437808.3783926,0.0,-8.444805021651662e-05,29.779940085164252,0.0,443.4215355585459,0.0,-0.0,4455087999.999991,-0.33041610178090514,-0.9438353668325374,-0.0
149599088.57829732,427545016.1626873,0.0,-8.445036084058119e-05,29.77994007856146,0.0,443.42153555854594,0.0,-0.0,4455087999.999992,-0.3303422725340339,-0.9438612095944244,-0.0
149599088.27427188,427652223.94695824,0.0,-8.445266991657635e-05,29.779940071961434,0.0,443.4215355585459,0.0,-0.0,4455087999.999993,-0.3302684742533572,-0.943887035038812,-0.0
149599087.97023812,427759431.7312054,0.0,-8.445497744584242e-05,29.779940065364176,0.0,443.4215355585458,0.0,-0.0,4455087999.999993,-0.3301947069208321,-0.9439128431806963,-0.0
149599087.66619605,427866639.51542884,0.0,-8.44572834297183e-05,29.779940058769686,0.0,443.4215355585459,0.0,-0.0,4455087999.999993,-0.3301209705184286,-0.9439386340350578,-0.0
149599087.3621457,427973847.29962856,0.0,-8.445958786954152e-05,29.77994005217796,0.0,443.42153555854594,0.0,-0.0,4455087999.999993,-0.330047265028129,-0.9439644076168613,-0.0
149599087.05808702,428081055.08380455,0.0,-8.44618907666482e-05,29.779940045588994,0.0,443.42153555854594,0.0,-0.0,4455087999.999993,-0.32997359043192837,-0.9439901639410561,-0.0
149599086.75402007,428188262.8679568,0.0,-8.446419212237306e-05,29.77994003900279,0.0,443.4215355585459,0.0,-0.0,4455087999.999993,-0.32989994671183426,-0.9440159030225757,-0.0
149599086.44994482,428295470.65208536,0.0,-8.44664919380494e-05,29.779940032419344,0.0,443.42153555854594,0.0,-0.0,4455087999.999993,-0.329826333849867,-0.9440416248763378,-0.0
149599086.14586133,428402678.43619025,0.0,-8.446879021500918e-05,29.779940025838656,0.0,443.4215355585459,0.0,-0.0,4455087999.999993,-0.32975275182805913,-0.944067329517245,-0.0
149599085.84176955,428509886.2202714,0.0,-8.447108695458294e-05,29.779940019260724,0.0,443.4215355585459,0.0,-0.0,4455087999.999993,-0.329679200628456,-0.944093016960184,-0.0
149599085.5376695,428617094.0043289,0.0,-8.44733821580998e-05,29.779940012685547,0.0,443.4215355585458,0.0,-0.0,4455087999.999993,-0.3296056802331154,-0.9441186872200259,-0.0
149599085.23356122,428724301.78836274,0.0,-8.447567582688756e-05,29.779940006113122,0.0,443.4215355585458,0.0,-0.0,4455087999.999993,-0.32953219062410766,-0.9441443403116266,-0.0
149599084.92944467,428831509.5723729,0.0,-8.447796796227258e-05,29.77993999954345,0.0,443.4215355585459,0.0,-0.0,4455087999.999994,-0.32945873178351565,-0.9441699762498263,-0.0
149599084.62531987,428938717.3563594,0.0,-8.448025856557984e-05,29.77993999297653,0.0,443.42153555854594,0.0,-0.0,4455087999.999994,-0.32938530369343466,-0.9441955950494494,-0.0
149599084.3211868,429045925.1403223,0.0,-8.448254763813297e-05,29.779939986412355,0.0,443.4215355585459,0.0,-0.0,4455087999.999994,-0.32931190633597274,-0.9442211967253051,-0.0
149599084.01704553,429153132.9242616,0.0,-8.448483518125418e-05,29.779939979850926,0.0,443.4215355585459,0.0,-0.0,4455087999.999994,-0.32923853969325007,-0.9442467812921875,-0.0
149599083.71289602,429260340.70817727,0.0,-8.448712119626432e-05,29.779939973292244,0.0,443.4215355585459,0.0,-0.0,4455087999.999995,-0.3291652037473995,-0.9442723487648745,-0.0
149599083.40873826,429367548.4920693,0.0,-8.448940568448286e-05,29.779939966736304,0.0,443.42153555854594,0.0,-0.0,4455087999.999994,-0.3290918984805664,-0.9442978991581293,-0.0
149599083.1045723,429474756.27593774,0.0,-8.44916886472279e-05,29.779939960183107,0.0,443.421535558546,0.0,-0.0,4455087999.999995,-0.32901862387490854,-0.9443234324866991,-0.0
149599082.8003981,429581964.0597826,0.0,-8.449397008581614e-05,29.77993995363265,0.0,443.421535558546,0.0,-0.0,4455087999.999995,-0.3289453799125962,-0.944348948765316,-0.0
149599082.4962157,429689171.8436039,0.0,-8.449625000156293e-05,29.77993994708493,0.0,443.42153555854605,0.0,-0.0,4455087999.999994,-0.32887216657581203,-0.9443744480086971,-0.0
149599082.1920251,429796379.62740165,0.0,-8.449852839578225e-05,29.779939940539947,0.0,443.42153555854594,0.0,-0.0,4455087999.999995,-0.3287989838467511,-0.9443999302315433,-0.0
149599081.8878263,429903587.4111758,0.0,-8.450080526978669e-05,29.7799399339977,0.0,443.42153555854605,0.0,-0.0,4455087999.999995,-0.32872583170762104,-0.9444253954485409,-0.0
149599081.5836193,430010795.1949264,0.0,-8.45030806248875e-05,29.779939927458184,0.0,443.42153555854594,0.0,-0.0,4455087999.999994,-0.32865271014064196,-0.9444508436743605,-0.0
149599081.2794041,430118002.9786535,0.0,-8.450535446239454e-05,29.779939920921404,0.0,443.421535558546,0.0,-0.0,4455087999.999994,-0.32857961912804595,-0.9444762749236575,-0.0
149599080.97518075,430225210.76235706,0.0,-8.450762678361631e-05,29.779939914387352,0.0,443.42153555854605,0.0,-0.0,4455087999.999995,-0.32850655865207795,-0.9445016892110722,-0.0
149599080.6709492,430332418.5460371,0.0,-8.450989758985994e-05,29.77993990785603,0.0,443.42153555854594,0.0,-0.0,4455087999.999994,-0.32843352869499515,-0.9445270865512295,-0.0
149599080.36670947,430439626.3296936,0.0,-8.451216688243123e-05,29.779939901327435,0.0,443.42153555854594,0.0,-0.0,4455087999.999994,-0.3283605292390671,-0.9445524669587391,-0.0
149599080.06246158,430546834.11332667,0.0,-8.451443466263459e-05,29.779939894801565,0.0,443.42153555854594,0.0,-0.0,4455087999.999994,-0.3282875602665757,-0.9445778304481951,-0.0
149599079.75820553,430654041.89693624,0.0,-8.451670093177307e-05,29.77993988827842,0.0,443.421535558546,0.0,-0.0,4455087999.999994,-0.3282146217598153,-0.9446031770341773,-0.0
149599079.45394135,430761249.6805223,0.0,-8.451896569114838e-05,29.779939881757997,0.0,443.4215355585459,0.0,-0.0,4455087999.999994,-0.32814171370109263,-0.9446285067312494,-0.0
149599079.149669,430868457.4640849,0.0,-8.452122894206087e-05,29.779939875240295,0.0,443.42153555854594,0.0,-0.0,4455087999.999993,-0.3280688360727266,-0.9446538195539605,-0.0
149599078.8453885,430975665.24762404,0.0,-8.452349068580952e-05,29.779939868725315,0.0,443.42153555854594,0.0,-0.0,4455087999.999993,-0.32799598885704845,-0.944679115516844,-0.0
149599078.54109988,431082873.03113973,0.0,-8.452575092369198e-05,29.779939862213052,0.0,443.421535558546,0.0,-0.0,4455087999.999995,-0.32792317203640214,-0.944704394634419,-0.0
149599078.2368031,431190080.814632,0.0,-8.452800965700455e-05,29.779939855703503,0.0,443.42153555854594,0.0,-0.0,4455087999.999994,-0.32785038559314356,-0.9447296569211889,-0.0
149599077.93249822,431297288.59810084,0.0,-8.453026688704216e-05,29.77993984919667,0.0,443.4215355585459,0.0,-0.0,4455087999.999994,-0.3277776295096408,-0.9447549023916418,-0.0
149599077.62818518,431404496.38154626,0.0,-8.453252261509842e-05,29.77993984269255,0.0,443.42153555854594,0.0,-0.0,4455087999.999993,-0.32770490376827466,-0.9447801310602514,-0.0
149599077.32386404,431511704.16496825,0.0,-8.453477684246557e-05,29.77993983619114,0.0,443.4215355585458,0.0,-0.0,4455087999.999994,-0.3276322083514381,-0.9448053429414758,-0.0
149599077.0195348,431618911.9483668,0.0,-8.453702957043453e-05,29.77993982969244,0.0,443.4215355585459,0.0,-0.0,4455087999.999994,-0.3275595432415362,-0.9448305380497586,-0.0
149599076.71519744,431726119.731742,0.0,-8.453928080029484e-05,29.77993982319645,0.0,443.4215355585458,0.0,-0.0,4455087999.999994,-0.3274869084209865,-0.9448557163995275,-0.0
149599076.410852,431833327.51509386,0.0,-8.454153053333474e-05,29.779939816703166,0.0,443.42153555854577,0.0,-0.0,4455087999.999994,-0.3274143038722187,-0.9448808780051962,-0.0
149599076.10649842,431940535.29842234,0.0,-8.454377877084112e-05,29.77993981021259,0.0,443.42153555854577,0.0,-0.0,4455087999.999993,-0.32734172957767477,-0.9449060228811628,-0.0
149599075.80213678,432047743.08172745,0.0,-8.454602551409951e-05,29.779939803724716,0.0,443.4215355585458,0.0,-0.0,4455087999.999994,-0.32726918551980894,-0.9449311510418104,-0.0
149599075.49776703,432154950.8650092,0.0,-8.454827076439415e-05,29.779939797239546,0.0,443.4215355585459,0.0,-0.0,4455087999.999994,-0.32719667168108774,-0.9449562625015078,-0.0
149599075.1933892,432262158.64826757,0.0,-8.45505145230079e-05,29.779939790757076,0.0,443.4215355585458,0.0,-0.0,4455087999.999993,-0.3271241880439898,-0.944981357274608,-0.0
149599074.8890033,432369366.43150264,0.0,-8.45527567912223e-05,29.779939784277303,0.0,443.4215355585458,0.0,-0.0,4455087999.999993,-0.32705173459100617,-0.9450064353754498,-0.0
149599074.58460936,432476574.2147144,0.0,-8.455499757031759e-05,29.77993977780023,0.0,443.4215355585459,0.0,-0.0,4455087999.999994,-0.3269793113046399,-0.9450314968183565,-0.0
149599074.28020734,432583781.9979028,0.0,-8.455723686157263e-05,29.77993977132585,0.0,443.42153555854577,0.0,-0.0,4455087999.999994,-0.32690691816740636,-0.9450565416176371,-0.0
149599073.97579727,432690989.7810679,0.0,-8.455947466626498e-05,29.779939764854166,0.0,443.4215355585459,0.0,-0.0,4455087999.999993,-0.32683455516183313,-0.9450815697875854,-0.0
149599073.67137912,432798197.56420976,0.0,-8.456171098567088e-05,29.779939758385176,0.0,443.4215355585459,0.0,-0.0,4455087999.999993,-0.32676222227045987,-0.9451065813424804,-0.0
149599073.36695293,432905405.3473283,0.0,-8.456394582106525e-05,29.779939751918874,0.0,443.4215355585458,0.0,-0.0,4455087999.999993,-0.3266899194758385,-0.9451315762965864,-0.0
149599073.0625187,433012613.1304236,0.0,-8.456617917372165e-05,29.779939745455263,0.0,443.4215355585458,0.0,-0.0,4455087999.999992,-0.326617646760533,-0.9451565546641529,-0.0
149599072.75807643,433119820.9134956,0.0,-8.456841104491236e-05,29.77993973899434,0.0,443.4215355585458,0.0,-0.0,4455087999.999992,-0.3265454041071198,-0.9451815164594142,-0.0
149599072.45362613,433227028.69654435,0.0,-8.45706414359083e-05,29.779939732536103,0.0,443.42153555854577,0.0,-0.0,4455087999.999992,-0.3264731914981872,-0.9452064616965903,-0.0
149599072.1491678,433334236.47956985,0.0,-8.457287034797913e-05,29.779939726080553,0.0,443.4215355585458,0.0,-0.0,4455087999.999992,-0.3264010089163357,-0.9452313903898866,-0.0
149599071.84470147,433441444.2625721,0.0,-8.457509778239313e-05,29.779939719627684,0.0,443.4215355585457,0.0,-0.0,4455087999.999992,-0.32632885634417796,-0.9452563025534931,-0.0
149599071.54022712,433548652.0455512,0.0,-8.457732374041729e-05,29.779939713177498,0.0,443.4215355585457,0.0,-0.0,4455087999.999992,-0.32625673376433884,-0.9452811982015855,-0.0
149599071.23574474,433655859.828507,0.0,-8.45795482233173e-05,29.779939706729994,0.0,443.4215355585458,0.0,-0.0,4455087999.999992,-0.3261846411594551,-0.9453060773483251,-0.0
149599070.93125436,433763067.61143965,0.0,-8.458177123235754e-05,29.77993970028517,0.0,443.4215355585458,0.0,-0.0,4455087999.999992,-0.3261125785121758,-0.9453309400078578,-0.0
149599070.62675598,433870275.3943491,0.0,-8.458399276880105e-05,29.77993969384302,0.0,443.42153555854577,0.0,-0.0,4455087999.999992,-0.32604054580516195,-0.9453557861943154,-0.0
149599070.32224962,433977483.17723536,0.0,-8.458621283390957e-05,29.779939687403544,0.0,443.42153555854577,0.0,-0.0,4455087999.999992,-0.32596854302108674,-0.9453806159218148,-0.0
149599070.01773527,434084690.96009845,0.0,-8.458843142894357e-05,29.779939680966745,0.0,443.42153555854577,0.0,-0.0,4455087999.999992,-0.3258965701426356,-0.9454054292044584,-0.0
149599069.71321294,434191898.74293834,0.0,-8.459064855516216e-05,29.779939674532617,0.0,443.42153555854566,0.0,-0.0,4455087999.999993,-0.3258246271525059,-0.9454302260563339,-0.0
149599069.4086826,434299106.5257551,0.0,-8.459286421382319e-05,29.77993966810116,0.0,443.42153555854566,0.0,-0.0,4455087999.999993,-0.3257527140334066,-0.9454550064915145,-0.0
149599069.1041443,434406314.3085487,0.0,-8.459507840618318e-05,29.779939661672376,0.0,443.42153555854577,0.0,-0.0,4455087999.999992,-0.32568083076805965,-0.9454797705240586,-0.0
149599068.79959804,434513522.09131914,0.0,-8.459729113349737e-05,29.77993965524626,0.0,443.4215355585458,0.0,-0.0,4455087999.999993,-0.32560897733919825,-0.9455045181680104,-0.0
149599068.4950438,434620729.8740665,0.0,-8.459950239701968e-05,29.779939648822808,0.0,443.42153555854577,0.0,-0.0,4455087999.999993,-0.325537153729568,-0.9455292494373992,-0.0
149599068.19048163,434727937.6567907,0.0,-8.460171219800273e-05,29.77993964240202,0.0,443.4215355585458,0.0,-0.0,4455087999.999993,-0.3254653599219264,-0.9455539643462403,-0.0
149599067.8859115,434835145.43949175,0.0,-8.460392053769787e-05,29.779939635983897,0.0,443.4215355585458,0.0,-0.0,4455087999.999993,-0.32539359589904315,-0.9455786629085335,-0.0
149599067.5813334,434942353.22216976,0.0,-8.460612741735513e-05,29.779939629568435,0.0,443.42153555854577,0.0,-0.0,4455087999.999992,-0.3253218616436997,-0.9456033451382654,-0.0
149599067.27674738,435049561.00482464,0.0,-8.460833283822326e-05,29.779939623155634,0.0,443.42153555854577,0.0,-0.0,4455087999.999993,-0.3252501571386896,-0.9456280110494072,-0.0
149599066.9721534,435156768.78745645,0.0,-8.461053680154972e-05,29.77993961674549,0.0,443.4215355585458,0.0,-0.0,4455087999.999993,-0.3251784823668185,-0.9456526606559159,-0.0
149599066.6675515,435263976.5700652,0.0,-8.461273930858067e-05,29.779939610338005,0.0,443.4215355585458,0.0,-0.0,4455087999.999992,-0.32510683731090395,-0.9456772939717341,-0.0
149599066.36294165,435371184.3526509,0.0,-8.461494036056098e-05,29.779939603933176,0.0,443.4215355585458,0.0,-0.0,4455087999.999992,-0.3250352219537754,-0.94570191101079,-0.0
149599066.05832392,435478392.1352135,0.0,-8.461713995873425e-05,29.779939597531,0.0,443.4215355585459,0.0,-0.0,4455087999.999992,-0.3249636362782742,-0.9457265117869972,-0.0
149599065.75369826,435585599.9177531,0.0,-8.461933810434278e-05,29.779939591131477,0.0,443.4215355585458,0.0,-0.0,4455087999.999992,-0.3248920802672542,-0.9457510963142555,-0.0
149599065.4490647,435692807.70026964,0.0,-8.462153479862759e-05,29.779939584734603,0.0,443.42153555854577,0.0,-0.0,4455087999.999992,-0.3248205539035804,-0.9457756646064495,-0.0
149599065.14442322,435800015.4827632,0.0,-8.462373004282841e-05,29.77993957834038,0.0,443.42153555854577,0.0,-0.0,4455087999.999992,-0.3247490571701302,-0.9458002166774502,-0.0
149599064.83977383,435907223.2652337,0.0,-8.462592383818372e-05,29.779939571948805,0.0,443.4215355585458,0.0,-0.0,4455087999.999992,-0.32467759004979296,-0.9458247525411135,-0.0
149599064.53511655,436014431.0476812,0.0,-8.462811618593069e-05,29.77993956555988,0.0,443.4215355585458,0.0,-0.0,4455087999.999992,-0.32460615252546976,-0.9458492722112818,-0.0
149599064.2304514,436121638.8301057,0.0,-8.463030708730519e-05,29.779939559173595,0.0,443.4215355585458,0.0,-0.0,4455087999.999993,-0.32453474458007364,-0.9458737757017827,-0.0
149599063.92577836,436228846.6125073,0.0,-8.463249654354188e-05,29.779939552789955,0.0,443.4215355585458,0.0,-0.0,4455087999.999993,-0.32446336619652966,-0.9458982630264295,-0.0
149599063.62109745,436336054.39488584,0.0,-8.46346845558741e-05,29.779939546408958,0.0,443.4215355585459,0.0,-0.0,4455087999.999993,-0.3243920173577747,-0.9459227341990217,-0.0
149599063.31640863,436443262.17724144,0.0,-8.46368711255339e-05,29.7799395400306,0.0,443.42153555854594,0.0,-0.0,4455087999.999993,-0.32432069804675756,-0.9459471892333441,-0.0
149599063.01171196,436550469.9595741,0.0,-8.46390562537521e-05,29.779939533654883,0.0,443.42153555854594,0.0,-0.0,4455087999.999993,-0.32424940824643866,-0.945971628143167,-0.0
149599062.7070074,436657677.7418838,0.0,-8.464123994175825e-05,29.7799395272818,0.0,443.42153555854594,0.0,-0.0,4455087999.999993,-0.3241781479397906,-0.9459960509422475,-0.0
149599062.40229502,436764885.5241706,0.0,-8.464342219078061e-05,29.779939520911356,0.0,443.42153555854594,0.0,-0.0,4455087999.999993,-0.32410691710979783,-0.9460204576443274,-0.0
149599062.09757477,436872093.3064344,0.0,-8.464560300204616e-05,29.779939514543543,0.0,443.42153555854594,0.0,-0.0,4455087999.999993,-0.3240357157394566,-0.946044848263135,-0.0
149599061.79284668,436979301.0886753,0.0,-8.464778237678065e-05,29.779939508178362,0.0,443.4215355585459,0.0,-0.0,4455087999.999993,-0.3239645438117749,-0.9460692228123843,-0.0
149599061.48811075,437086508.8708933,0.0,-8.464996031620852e-05,29.779939501815814,0.0,443.4215355585458,0.0,-0.0,4455087999.999993,-0.3238934013097725,-0.9460935813057748,-0.0
149599061.18336698,437193716.6530884,0.0,-8.4652136821553e-05,29.779939495455896,0.0,443.4215355585459,0.0,-0.0,4455087999.999993,-0.32382228821648124,-0.9461179237569924,-0.0
149599060.87861538,437300924.4352606,0.0,-8.465431189403604e-05,29.779939489098606,0.0,443.4215355585459,0.0,-0.0,4455087999.999993,-0.3237512045149446,-0.9461422501797088,-0.0
149599060.57385594,437408132.2174099,0.0,-8.465648553487829e-05,29.77993948274394,0.0,443.4215355585458,0.0,-0.0,4455087999.999992,-0.3236801501882179,-0.946166560587581,-0.0
149599060.2690887,437515339.99953634,0.0,-8.46586577452992e-05,29.779939476391903,0.0,443.4215355585458,0.0,-0.0,4455087999.999993,-0.3236091252193682,-0.9461908549942529,-0.0
149599059.9643136,437622547.78163993,0.0,-8.466082852651694e-05,29.77993947004249,0.0,443.4215355585459,0.0,-0.0,4455087999.999993,-0.32353812959147454,-0.9462151334133535,-0.0
149599059.6595307,437729755.56372064,0.0,-8.466299787974842e-05,29.779939463695698,0.0,443.4215355585459,0.0,-0.0,4455087999.999993,-0.32346716328762753,-0.946239395858498,-0.0
149599059.35474,437836963.3457785,0.0,-8.46651658062093e-05,29.779939457351524,0.0,443.4215355585458,0.0,-0.0,4455087999.999992,-0.3233962262909297,-0.9462636423432877,-0.0
149599059.0499415,437944171.1278136,0.0,-8.466733230711399e-05,29.779939451009973,0.0,443.4215355585458,0.0,-0.0,4455087999.999992,-0.3233253185844952,-0.9462878728813102,-0.0
149599058.74513522,438051378.9098258,0.0,-8.466949738367565e-05,29.779939444671037,0.0,443.4215355585458,0.0,-0.0,4455087999.999992,-0.32325444015145005,-0.9463120874861383,-0.0
149599058.44032112,438158586.6918152,0.0,-8.467166103710619e-05,29.77993943833472,0.0,443.4215355585458,0.0,-0.0,4455087999.999991,-0.323183590974932,-0.9463362861713313,-0.0
149599058.13549924,438265794.4737818,0.0,-8.467382326861626e-05,29.779939432001015,0.0,443.4215355585459,0.0,-0.0,4455087999.999991,-0.3231127710380904,-0.9463604689504346,-0.0
149599057.83066958,438373002.2557256,0.0,-8.467598407941528e-05,29.779939425669923,0.0,443.4215355585458,0.0,-0.0,4455087999.999991,-0.3230419803240865,-0.9463846358369796,-0.0
149599057.52583215,438480210.03764665,0.0,-8.467814347071143e-05,29.779939419341442,0.0,443.42153555854577,0.0,-0.0,4455087999.999991,-0.3229712188160933,-0.9464087868444835,-0.0
149599057.22098693,438587417.8195449,0.0,-8.468030144371162e-05,29.779939413015573,0.0,443.4215355585458,0.0,-0.0,4455087999.99999,-0.32290048649729536,-0.9464329219864501,-0.0
149599056.91613397,438694625.6014204,0.0,-8.468245799962155e-05,29.77993940669231,0.0,443.42153555854577,0.0,-0.0,4455087999.999991,-0.32282978335088897,-0.9464570412763688,-0.0
149599056.61127323,438801833.3832731,0.0,-8.468461313964565e-05,29.779939400371656,0.0,443.42153555854577,0.0,-0.0,4455087999.99999,-0.3227591093600822,-0.9464811447277154,-0.0
149599056.30640474,438909041.1651031,0.0,-8.468676686498714e-05,29.77993939405361,0.0,443.4215355585458,0.0,-0.0,4455087999.999991,-0.32268846450809446,-0.9465052323539518,-0.0
149599056.0015285,439016248.9469103,0.0,-8.468891917684798e-05,29.779939387738164,0.0,443.4215355585457,0.0,-0.0,4455087999.99999,-0.3226178487781577,-0.946529304168526,-0.0
149599055.6966445,439123456.7286948,0.0,-8.469107007642892e-05,29.779939381425322,0.0,443.42153555854577,0.0,-0.0,4455087999.99999,-0.32254726215351437,-0.946553360184872,-0.0
149599055.39175278,439230664.51045656,0.0,-8.469321956492944e-05,29.77993937511508,0.0,443.42153555854577,0.0,-0.0,4455087999.9999895,-0.3224767046174196,-0.9465774004164105,-0.0
149599055.08685333,439337872.2921956,0.0,-8.469536764354781e-05,29.77993936880744,0.0,443.4215355585457,0.0,-0.0,4455087999.9999895,-0.32240617615313955,-0.9466014248765479,-0.0
149599054.78194612,439445080.07391196,0.0,-8.469751431348105e-05,29.779939362502397,0.0,443.4215355585457,0.0,-0.0,4455087999.999989,-0.32233567674395225,-0.946625433578677,-0.0
149599054.4770312,439552287.8556056,0.0,-8.469965957592499e-05,29.77993935619995,0.0,443.4215355585457,0.0,-0.0,4455087999.999989,-0.3222652063731472,-0.946649426536177,-0.0
149599054.17210856,439659495.6372766,0.0,-8.47018034320742e-05,29.7799393499001,0.0,443.42153555854577,0.0,-0.0,4455087999.999989,-0.32219476502402583,-0.946673403762413,-0.0
149599053.8671782,439766703.41892487,0.0,-8.470394588312201e-05,29.779939343602845,0.0,443.4215355585458,0.0,-0.0,4455087999.9999895,-0.32212435267990086,-0.9466973652707368,-0.0
149599053.56224015,439873911.2005505,0.0,-8.470608693026056e-05,29.77993933730818,0.0,443.42153555854577,0.0,-0.0,4455087999.9999895,-0.3220539693240968,-0.9467213110744861,-0.0
149599053.2572944,439981118.9821535,0.0,-8.470822657468073e-05,29.779939331016102,0.0,443.4215355585457,0.0,-0.0,4455087999.999989,-0.32198361493994987,-0.946745241186985,-0.0
149599052.95234093,440088326.7637338,0.0,-8.471036481757222e-05,29.779939324726616,0.0,443.4215355585457,0.0,-0.0,4455087999.9999895,-0.32191328951080744,-0.9467691556215438,-0.0
149599052.64737976,440195534.5452915,0.0,-8.471250166012347e-05,29.77993931843972,0.0,443.4215355585458,0.0,-0.0,4455087999.999989,-0.321842993020029,-0.9467930543914598,-0.0
149599052.3424109,440302742.3268266,0.0,-8.471463710352173e-05,29.779939312155406,0.0,443.42153555854577,0.0,-0.0,4455087999.999989,-0.3217727254509851,-0.9468169375100157,-0.0
149599052.03743437,440409950.108339,0.0,-8.4716771148953e-05,29.77993930587368,0.0,443.4215355585457,0.0,-0.0,4455087999.9999895,-0.3217024867870584,-0.9468408049904812,-0.0
149599051.73245016,440517157.88982886,0.0,-8.471890379760208e-05,29.779939299594535,0.0,443.4215355585457,0.0,-0.0,4455087999.999989,-0.3216322770116426,-0.9468646568461123,-0.0
149599051.42745826,440624365.6712961,0.0,-8.472103505065256e-05,29.779939293317973,0.0,443.42153555854577,0.0,-0.0,4455087999.999989,-0.3215620961081433,-0.9468884930901511,-0.0
149599051.1224587,440731573.4527408,0.0,-8.472316490928681e-05,29.77993928704399,0.0,443.42153555854577,0.0,-0.0,4455087999.999989,-0.32149194405997744,-0.9469123137358265,-0.0
149599050.81745148,440838781.23416287,0.0,-8.472529337468598e-05,29.779939280772588,0.0,443.4215355585458,0.0,-0.0,4455087999.999989,-0.3214218208505737,-0.9469361187963535,-0.0
149599050.5124366,440945989.01556236,0.0,-8.472742044803003e-05,29.77993927450376,0.0,443.4215355585457,0.0,-0.0,4455087999.9999895,-0.32135172646337207,-0.9469599082849337,-0.0
149599050.20741406,441053196.7969393,0.0,-8.47295461304977e-05,29.77993926823751,0.0,443.42153555854566,0.0,-0.0,4455087999.999989,-0.32128166088182397,-0.9469836822147554,-0.0
149599049.90238386,441160404.5782937,0.0,-8.47316704232665e-05,29.779939261973833,0.0,443.4215355585457,0.0,-0.0,4455087999.999989,-0.3212116240893927,-0.9470074405989928,-0.0
149599049.59734604,441267612.3596255,0.0,-8.473379332751276e-05,29.77993925571273,0.0,443.4215355585457,0.0,-0.0,4455087999.999989,-0.32114161606955266,-0.9470311834508071,-0.0
149599049.29230055,441374820.1409348,0.0,-8.47359148444116e-05,29.7799392494542,0.0,443.42153555854566,0.0,-0.0,4455087999.999989,-0.3210716368057901,-0.9470549107833457,-0.0
149599048.98724744,441482027.9222216,0.0,-8.473803497513694e-05,29.779939243198235,0.0,443.42153555854566,0.0,-0.0,4455087999.999988,-0.32100168628160236,-0.9470786226097428,-0.0
149599048.6821867,441589235.70348585,0.0,-8.474015372086146e-05,29.77993923694484,0.0,443.42153555854566,0.0,-0.0,4455087999.999988,-0.32093176448049865,-0.9471023189431191,-0.0
149599048.37711832,441696443.4847276,0.0,-8.474227108275669e-05,29.779939230694016,0.0,443.42153555854566,0.0,-0.0,4455087999.999988,-0.3208618713859992,-0.9471259997965817,-0.0
149599048.07204235,441803651.26594687,0.0,-8.474438706199293e-05,29.779939224445755,0.0,443.4215355585457,0.0,-0.0,4455087999.999989,-0.3207920069816361,-0.9471496651832243,-0.0
149599047.76695874,441910859.04714364,0.0,-8.474650165973931e-05,29.77993921820006,0.0,443.4215355585457,0.0,-0.0,4455087999.999989,-0.32072217125095276,-0.9471733151161273,-0.0
149599047.46186754,442018066.82831794,0.0,-8.474861487716372e-05,29.779939211956926,0.0,443.4215355585457,0.0,-0.0,4455087999.9999895,-0.3206523641775039,-0.9471969496083575,-0.0
149599047.15676874,442125274.6094698,0.0,-8.47507267154329e-05,29.779939205716353,0.0,443.42153555854577,0.0,-0.0,4455087999.999989,-0.32058258574485565,-0.9472205686729687,-0.0
149599046.85166234,442232482.39059913,0.0,-8.475283717571236e-05,29.77993919947834,0.0,443.42153555854577,0.0,-0.0,4455087999.9999895,-0.32051283593658597,-0.947244172323001,-0.0
149599046.54654834,442339690.171706,0.0,-8.475494625916644e-05,29.779939193242882,0.0,443.42153555854577,0.0,-0.0,4455087999.9999895,-0.3204431147362836,-0.9472677605714812,-0.0
149599046.24142674,442446897.9527905,0.0,-8.475705396695828e-05,29.779939187009983,0.0,443.42153555854577,0.0,-0.0,4455087999.9999895,-0.32037342212754916,-0.9472913334314229,-0.0
149599045.93629754,442554105.7338525,0.0,-8.475916030024982e-05,29.77993918077964,0.0,443.42153555854577,0.0,-0.0,4455087999.9999895,-0.3203037580939944,-0.9473148909158263,-0.0
149599045.63116077,442661313.5148921,0.0,-8.476126526020184e-05,29.77993917455185,0.0,443.4215355585457,0.0,-0.0,4455087999.9999895,-0.3202341226192426,-0.9473384330376784,-0.0
149599045.32601643,442768521.2959093,0.0,-8.47633688479739e-05,29.77993916832661,0.0,443.42153555854577,0.0,-0.0,4455087999.9999895,-0.32016451568692844,-0.9473619598099529,-0.0
149599045.02086452,442875729.07690406,0.0,-8.476547106472438e-05,29.779939162103922,0.0,443.4215355585457,0.0,-0.0,4455087999.9999895,-0.32009493728069793,-0.9473854712456098,-0.0
149599044.71570504,442982936.8578764,0.0,-8.476757191161051e-05,29.779939155883785,0.0,443.42153555854577,0.0,-0.0,4455087999.9999895,-0.32002538738420816,-0.9474089673575965,-0.0
149599044.410538,443090144.63882643,0.0,-8.476967138978832e-05,29.779939149666195,0.0,443.42153555854577,0.0,-0.0,4455087999.999989,-0.31995586598112813,-0.947432448158847,-0.0
149599044.1053634,443197352.419754,0.0,-8.477176950041263e-05,29.779939143451152,0.0,443.42153555854577,0.0,-0.0,4455087999.999989,-0.3198863730551377,-0.9474559136622819,-0.0
149599043.80018124,443304560.2006593,0.0,-8.47738662446371e-05,29.779939137238653,0.0,443.42153555854577,0.0,-0.0,4455087999.999989,-0.3198169085899283,-0.9474793638808084,-0.0
149599043.49499154,443411767.98154217,0.0,-8.477596162361423e-05,29.779939131028698,0.0,443.42153555854577,0.0,-0.0,4455087999.999989,-0.31974747256920255,-0.9475027988273211,-0.0
149599043.1897943,443518975.7624027,0.0,-8.477805563849531e-05,29.779939124821286,0.0,443.42153555854577,0.0,-0.0,4455087999.999989,-0.31967806497667467,-0.9475262185147011,-0.0
149599042.88458952,443626183.5432409,0.0,-8.478014829043048e-05,29.779939118616415,0.0,443.4215355585458,0.0,-0.0,4455087999.999989,-0.3196086857960697,-0.947549622955816,-0.0
149599042.57937723,443733391.32405674,0.0,-8.47822395805687e-05,29.77993911241408,0.0,443.4215355585458,0.0,-0.0,4455087999.999989,-0.31953933501112447,-0.9475730121635211,-0.0
149599042.2741574,443840599.1048503,0.0,-8.478432951005774e-05,29.779939106214286,0.0,443.4215355585459,0.0,-0.0,4455087999.9999895,-0.3194700126055869,-0.9475963861506576,-0.0
149599041.96893007,443947806.8856215,0.0,-8.478641808004421e-05,29.779939100017028,0.0,443.42153555854594,0.0,-0.0,4455087999.999989,-0.31940071856321595,-0.9476197449300543,-0.0
149599041.66369522,444055014.6663704,0.0,-8.478850529167358e-05,29.779939093822303,0.0,443.4215355585459,0.0,-0.0,4455087999.9999895,-0.3193314528677824,-0.9476430885145268,-0.0
149599041.35845286,444162222.447097,0.0,-8.479059114609008e-05,29.77993908763011,0.0,443.42153555854594,0.0,-0.0,4455087999.9999895,-0.3192622155030678,-0.9476664169168773,-0.0
149599041.053203,444269430.2278013,0.0,-8.479267564443684e-05,29.779939081440453,0.0,443.42153555854594,0.0,-0.0,4455087999.99999,-0.3191930064528652,-0.9476897301498952,-0.0
149599040.7479456,444376638.00848335,0.0,-8.479475878785579e-05,29.779939075253324,0.0,443.42153555854594,0.0,-0.0,4455087999.99999,-0.3191238257009789,-0.9477130282263568,-0.0
149599040.44268072,444483845.78914315,0.0,-8.479684057748772e-05,29.779939069068725,0.0,443.42153555854594,0.0,-0.0,4455087999.99999,-0.3190546732312242,-0.9477363111590252,-0.0
149599040.13740835,444591053.56978065,0.0,-8.479892101447222e-05,29.77993906288665,0.0,443.42153555854594,0.0,-0.0,4455087999.99999,-0.31898554902742804,-0.9477595789606509,-0.0
149599039.8321285,444698261.3503959,0.0,-8.480100009994775e-05,29.779939056707104,0.0,443.42153555854594,0.0,-0.0,4455087999.99999,-0.3189164530734282,-0.9477828316439709,-0.0
149599039.52684116,444805469.13098896,0.0,-8.480307783505159e-05,29.779939050530082,0.0,443.42153555854594,0.0,-0.0,4455087999.99999,-0.31884738535307394,-0.9478060692217097,-0.0
149599039.22154635,444912676.91155976,0.0,-8.480515422091989e-05,29.779939044355583,0.0,443.42153555854594,0.0,-0.0,4455087999.999991,-0.3187783458502257,-0.9478292917065784,-0.0
149599038.91624406,445019884.69210833,0.0,-8.48072292586876e-05,29.779939038183606,0.0,443.42153555854594,0.0,-0.0,4455087999.999991,-0.31870933454875483,-0.9478524991112751,-0.0
149599038.6109343,445127092.4726347,0.0,-8.480930294948854e-05,29.77993903201415,0.0,443.42153555854594,0.0,-0.0,4455087999.99999,-0.3186403514325444,-0.9478756914484855,-0.0
149599038.30561706,445234300.25313884,0.0,-8.481137529445537e-05,29.77993902584721,0.0,443.4215355585459,0.0,-0.0,4455087999.9999895,-0.31857139648548793,-0.9478988687308821,-0.0
149599038.0002924,445341508.0336208,0.0,-8.48134462947196e-05,29.77993901968279,0.0,443.4215355585459,0.0,-0.0,4455087999.99999,-0.3185024696914909,-0.9479220309711242,-0.0
149599037.69496027,445448715.81408054,0.0,-8.481551595141157e-05,29.779939013520885,0.0,443.4215355585458,0.0,-0.0,4455087999.99999,-0.31843357103446956,-0.9479451781818584,-0.0
149599037.3896207,445555923.5945181,0.0,-8.48175842656605e-05,29.779939007361495,0.0,443.4215355585458,0.0,-0.0,4455087999.99999,-0.31836470049835125,-0.9479683103757187,-0.0
149599037.08427367,445663131.37493354,0.0,-8.481965123859443e-05,29.779939001204617,0.0,443.42153555854577,0.0,-0.0,4455087999.99999,-0.31829585806707467,-0.947991427565326,-0.0
149599036.7789192,445770339.1553268,0.0,-8.482171687134026e-05,29.77993899505025,0.0,443.42153555854577,0.0,-0.0,4455087999.99999,-0.3182270437245894,-0.948014529763288,-0.0
149599036.4735573,445877546.9356979,0.0,-8.482378116502376e-05,29.779938988898397,0.0,443.4215355585458,0.0,-0.0,4455087999.9999895,-0.3181582574548564,-0.9480376169822003,-0.0
149599036.16818798,445984754.71604687,0.0,-8.482584412076954e-05,29.77993898274905,0.0,443.4215355585459,0.0,-0.0,4455087999.99999,-0.3180894992418477,-0.9480606892346453,-0.0
149599035.86281124,446091962.4963737,0.0,-8.482790573970106e-05,29.779938976602214,0.0,443.4215355585459,0.0,-0.0,4455087999.99999,-0.3180207690695463,-0.9480837465331922,-0.0
149599035.55742708,446199170.27667844,0.0,-8.482996602294065e-05,29.77993897045788,0.0,443.4215355585458,0.0,-0.0,4455087999.999991,-0.31795206692194655,-0.9481067888903981,-0.0
149599035.2520355,446306378.05696106,0.0,-8.483202497160949e-05,29.779938964316052,0.0,443.4215355585458,0.0,-0.0,4455087999.999991,-0.31788339278305366,-0.9481298163188071,-0.0
149599034.9466365,446413585.83722156,0.0,-8.483408258682763e-05,29.77993895817673,0.0,443.4215355585459,0.0,-0.0,4455087999.99999,-0.31781474663688414,-0.9481528288309503,-0.0
149599034.6412301,446520793.61745995,0.0,-8.483613886971397e-05,29.779938952039906,0.0,443.4215355585459,0.0,-0.0,4455087999.999991,-0.31774612846746536,-0.9481758264393462,-0.0
149599034.3358163,446628001.3976762,0.0,-8.483819382138627e-05,29.779938945905585,0.0,443.4215355585459,0.0,-0.0,4455087999.99999,-0.317677538258836,-0.9481988091565006,-0.0
149599034.0303951,446735209.17787045,0.0,-8.484024744296118e-05,29.77993893977376,0.0,443.42153555854594,0.0,-0.0,4455087999.999991,-0.31760897599504573,-0.9482217769949067,-0.0
149599033.7249665,446842416.9580426,0.0,-8.484229973555416e-05,29.779938933644434,0.0,443.4215355585459,0.0,-0.0,4455087999.99999,-0.317540441660155,-0.9482447299670448,-0.0
149599033.4195305,446949624.73819274,0.0,-8.484435070027961e-05,29.779938927517602,0.0,443.4215355585459,0.0,-0.0,4455087999.9999895,-0.31747193523823586,-0.9482676680853827,-0.0
149599033.11408716,447056832.5183208,0.0,-8.484640033825074e-05,29.779938921393267,0.0,443.4215355585459,0.0,-0.0,4455087999.99999,-0.31740345671337084,-0.9482905913623753,-0.0
149599032.80863643,447164040.2984268,0.0,-8.484844865057966e-05,29.779938915271423,0.0,443.4215355585458,0.0,-0.0,4455087999.99999,-0.3173350060696539,-0.9483134998104649,-0.0
149599032.50317833,447271248.07851076,0.0,-8.485049563837732e-05,29.779938909152072,0.0,443.4215355585459,0.0,-0.0,4455087999.99999,-0.31726658329119006,-0.9483363934420814,-0.0
149599032.19771287,447378455.8585727,0.0,-8.485254130275358e-05,29.779938903035212,0.0,443.42153555854594,0.0,-0.0,4455087999.99999,-0.31719818836209485,-0.948359272269642,-0.0
149599031.89224005,447485663.6386126,0.0,-8.485458564481713e-05,29.77993889692084,0.0,443.42153555854594,0.0,-0.0,4455087999.99999,-0.31712982126649536,-0.948382136305551,-0.0
149599031.58675987,447592871.41863054,0.0,-8.485662866567558e-05,29.779938890808953,0.0,443.4215355585459,0.0,-0.0,4455087999.99999,-0.3170614819885294,-0.9484049855622002,-0.0
149599031.28127232,447700079.19862646,0.0,-8.485867036643538e-05,29.779938884699554,0.0,443.4215355585459,0.0,-0.0,4455087999.99999,-0.3169931705123457,-0.9484278200519694,-0.0
149599030.97577745,447807286.9786004,0.0,-8.48607107482019e-05,29.779938878592638,0.0,443.4215355585458,0.0,-0.0,4455087999.99999,-0.3169248868221043,-0.9484506397872249,-0.0
149599030.6702752,447914494.7585523,0.0,-8.486274981207933e-05,29.779938872488206,0.0,443.42153555854577,0.0,-0.0,4455087999.9999895,-0.31685663090197597,-0.9484734447803213,-0.0
149599030.36476564,448021702.5384823,0.0,-8.486478755917078e-05,29.779938866386257,0.0,443.42153555854577,0.0,-0.0,4455087999.99999,-0.31678840273614245,-0.9484962350435998,-0.0
149599030.05924875,448128910.3183903,0.0,-8.486682399057824e-05,29.779938860286787,0.0,443.4215355585457,0.0,-0.0,4455087999.99999,-0.31672020230879655,-0.9485190105893897,-0.0
149599029.75372452,448236118.0982764,0.0,-8.486885910740256e-05,29.779938854189798,0.0,443.42153555854577,0.0,-0.0,4455087999.9999895,-0.31665202960414196,-0.948541771430008,-0.0
149599029.44819295,448343325.8781405,0.0,-8.487089291074348e-05,29.779938848095284,0.0,443.4215355585457,0.0,-0.0,4455087999.9999895,-0.31658388460639336,-0.9485645175777585,-0.0
149599029.1426541,448450533.6579827,0.0,-8.487292540169964e-05,29.779938842003247,0.0,443.42153555854566,0.0,-0.0,4455087999.9999895,-0.31651576729977626,-0.9485872490449331,-0.0
149599028.8371079,448557741.437803,0.0,-8.487495658136857e-05,29.779938835913686,0.0,443.4215355585457,0.0,-0.0,4455087999.9999895,-0.3164476776685273,-0.9486099658438109,-0.0
149599028.5315544,448664949.2176013,0.0,-8.487698645084667e-05,29.779938829826598,0.0,443.4215355585457,0.0,-0.0,4455087999.9999895,-0.31637961569689377,-0.9486326679866586,-0.0
149599028.2259936,448772156.9973777,0.0,-8.487901501122924e-05,29.779938823741983,0.0,443.4215355585457,0.0,-0.0,4455087999.99999,-0.316311581369134,-0.9486553554857305,-0.0
149599027.9204255,448879364.7771322,0.0,-8.488104226361045e-05,29.779938817659836,0.0,443.4215355585457,0.0,-0.0,4455087999.99999,-0.3162435746695174,-0.9486780283532688,-0.0
149599027.6148501,448986572.55686486,0.0,-8.488306820908338e-05,29.77993881158016,0.0,443.42153555854566,0.0,-0.0,4455087999.99999,-0.31617559558232405,-0.9487006866015028,-0.0
149599027.3092674,449093780.3365756,0.0,-8.488509284874e-05,29.77993880550295,0.0,443.4215355585457,0.0,-0.0,4455087999.9999895,-0.31610764409184483,-0.9487233302426497,-0.0
149599027.00367743,449200988.1162645,0.0,-8.488711618367118e-05,29.77993879942821,0.0,443.42153555854577,0.0,-0.0,4455087999.9999895,-0.3160397201823817,-0.948745959288914,-0.0
149599026.69808018,449308195.89593154,0.0,-8.488913821496667e-05,29.77993879335593,0.0,443.42153555854577,0.0,-0.0,4455087999.99999,-0.3159718238382476,-0.9487685737524887,-0.0
149599026.39247563,449415403.6755767,0.0,-8.489115894371513e-05,29.779938787286117,0.0,443.4215355585457,0.0,-0.0,4455087999.99999,-0.31590395504376595,-0.9487911736455532,-0.0
149599026.08686382,449522611.4552,0.0,-8.489317837100413e-05,29.779938781218764,0.0,443.4215355585457,0.0,-0.0,4455087999.9999895,-0.31583611378327137,-0.9488137589802756,-0.0
149599025.78124475,449629819.2348015,0.0,-8.489519649792009e-05,29.779938775153873,0.0,443.42153555854577,0.0,-0.0,4455087999.99999,-0.31576830004110906,-0.9488363297688112,-0.0
149599025.47561842,449737027.0143811,0.0,-8.489721332554839e-05,29.77993876909144,0.0,443.4215355585457,0.0,-0.0,4455087999.9999895,-0.3157005138016354,-0.948858886023303,-0.0
149599025.16998482,449844234.79393893,0.0,-8.489922885497326e-05,29.779938763031467,0.0,443.4215355585457,0.0,-0.0,4455087999.9999895,-0.3156327550492172,-0.9488814277558818,-0.0
149599024.86434397,449951442.57347494,0.0,-8.490124308727789e-05,29.779938756973948,0.0,443.4215355585457,0.0,-0.0,4455087999.99999,-0.31556502376823237,-0.9489039549786664,-0.0
149599024.55869588,450058650.35298914,0.0,-8.490325602354433e-05,29.779938750918884,0.0,443.42153555854566,0.0,-0.0,4455087999.9999895,-0.3154973199430696,-0.9489264677037629,-0.0
149599024.25304055,450165858.1324816,0.0,-8.490526766485355e-05,29.779938744866275,0.0,443.42153555854566,0.0,-0.0,4455087999.99999,-0.31542964355812814,-0.9489489659432652,-0.0
149599023.94737798,450273065.9119522,0.0,-8.490727801228543e-05,29.779938738816117,0.0,443.4215355585456,0.0,-0.0,4455087999.99999,-0.31536199459781833,-0.9489714497092552,-0.0
149599023.64170817,450380273.69140106,0.0,-8.490928706691873e-05,29.77993873276841,0.0,443.4215355585456,0.0,-0.0,4455087999.99999,-0.31529437304656127,-0.9489939190138026,-0.0
149599023.3360311,450487481.4708282,0.0,-8.491129482983118e-05,29.779938726723156,0.0,443.42153555854566,0.0,-0.0,4455087999.99999,-0.3152267788887887,-0.9490163738689648,-0.0
149599023.03034684,450594689.2502335,0.0,-8.491330130209935e-05,29.77993872068035,0.0,443.42153555854566,0.0,-0.0,4455087999.99999,-0.3151592121089431,-0.9490388142867868,-0.0
149599022.72465536,450701897.0296171,0.0,-8.491530648479877e-05,29.779938714639986,0.0,443.42153555854566,0.0,-0.0,4455087999.99999,-0.31509167269147803,-0.9490612402793017,-0.0
149599022.41895664,450809104.8089789,0.0,-8.491731037900388e-05,29.77993870860207,0.0,443.42153555854566,0.0,-0.0,4455087999.99999,-0.3150241606208573,-0.9490836518585304,-0.0
149599022.1132507,450916312.588319,0.0,-8.491931298578802e-05,29.7799387025666,0.0,443.42153555854566,0.0,-0.0,4455087999.99999,-0.31495667588155596,-0.9491060490364818,-0.0
149599021.8075376,451023520.3676374,0.0,-8.492131430622345e-05,29.77993869653357,0.0,443.42153555854566,0.0,-0.0,4455087999.99999,-0.3148892184580596,-0.9491284318251522,-0.0
149599021.50181726,451130728.14693403,0.0,-8.492331434138133e-05,29.77993869050298,0.0,443.4215355585456,0.0,-0.0,4455087999.99999,-0.3148217883348645,-0.9491508002365261,-0.0
149599021.1960897,451237935.926209,0.0,-8.49253130923318e-05,29.779938684474832,0.0,443.4215355585456,0.0,-0.0,4455087999.9999895,-0.3147543854964778,-0.949173154282576,-0.0
149599020.890355,451345143.7054622,0.0,-8.492731056014384e-05,29.77993867844912,0.0,443.42153555854554,0.0,-0.0,4455087999.9999895,-0.31468700992741705,-0.949195493975262,-0.0
149599020.58461308,451452351.48469377,0.0,-8.492930674588539e-05,29.779938672425846,0.0,443.42153555854554,0.0,-0.0,4455087999.9999895,-0.31461966161221083,-0.9492178193265327,-0.0
149599020.278864,451559559.2639037,0.0,-8.493130165062333e-05,29.77993866640501,0.0,443.42153555854554,0.0,-0.0,4455087999.99999,-0.3145523405353983,-0.9492401303483239,-0.0
149599019.97310773,451666767.0430919,0.0,-8.493329527542344e-05,29.779938660386605,0.0,443.4215355585455,0.0,-0.0,4455087999.9999895,-0.3144850466815293,-0.9492624270525597,-0.0
149599019.66734427,451773974.8222585,0.0,-8.49352876213504e-05,29.779938654370635,0.0,443.4215355585455,0.0,-0.0,4455087999.9999895,-0.3144177800351644,-0.9492847094511524,-0.0
149599019.36157367,451881182.60140336,0.0,-8.493727868946787e-05,29.779938648357096,0.0,443.4215355585455,0.0,-0.0,4455087999.99999,-0.3143505405808749,-0.9493069775560021,-0.0
149599019.05579588,451988390.3805266,0.0,-8.493926848083841e-05,29.779938642345986,0.0,443.4215355585455,0.0,-0.0,4455087999.99999,-0.31428332830324257,-0.9493292313789965,-0.0
149599018.75001094,452095598.1596282,0.0,-8.494125699652351e-05,29.779938636337306,0.0,443.42153555854543,0.0,-0.0,4455087999.9999895,-0.3142161431868599,-0.9493514709320119,-0.0
149599018.44421884,452202805.9387082,0.0,-8.494324423758358e-05,29.779938630331053,0.0,443.42153555854543,0.0,-0.0,4455087999.99999,-0.31414898521633033,-0.9493736962269124,-0.0
149599018.1384196,452310013.7177666,0.0,-8.494523020507799e-05,29.779938624327226,0.0,443.42153555854543,0.0,-0.0,4455087999.99999,-0.3140818543762675,-0.9493959072755501,-0.0
149599017.8326132,452417221.49680334,0.0,-8.4947214900065e-05,29.779938618325826,0.0,443.4215355585455,0.0,-0.0,4455087999.99999,-0.314014750651296,-0.9494181040897652,-0.0
149599017.52679965,452524429.2758185,0.0,-8.494919832360185e-05,29.77993861232685,0.0,443.4215355585455,0.0,-0.0,4455087999.99999,-0.31394767402605084,-0.9494402866813861,-0.0
149599017.22097898,452631637.05481213,0.0,-8.495118047674467e-05,29.77993860633029,0.0,443.42153555854543,0.0,-0.0,4455087999.999991,-0.3138806244851778,-0.9494624550622287,-0.0
149599016.91515115,452738844.8337841,0.0,-8.495316136054856e-05,29.779938600336155,0.0,443.42153555854543,0.0,-0.0,4455087999.99999,-0.31381360201333325,-0.9494846092440979,-0.0
149599016.6093162,452846052.61273456,0.0,-8.495514097606755e-05,29.77993859434444,0.0,443.4215355585455,0.0,-0.0,4455087999.99999,-0.313746606595184,-0.949506749238786,-0.0
149599016.30347413,452953260.39166343,0.0,-8.495711932435459e-05,29.77993858835514,0.0,443.4215355585455,0.0,-0.0,4455087999.99999,-0.3136796382154078,-0.9495288750580737,-0.0
149599015.99762493,453060468.17057073,0.0,-8.49590964064616e-05,29.779938582368256,0.0,443.4215355585455,0.0,-0.0,4455087999.9999895,-0.3136126968586926,-0.9495509867137297,-0.0
149599015.69176862,453167675.9494565,0.0,-8.496107222343942e-05,29.77993857638379,0.0,443.4215355585455,0.0,-0.0,4455087999.9999895,-0.31354578250973725,-0.9495730842175112,-0.0
149599015.3859052,453274883.7283207,0.0,-8.496304677633783e-05,29.779938570401736,0.0,443.4215355585455,0.0,-0.0,4455087999.9999895,-0.3134788951532509,-0.9495951675811631,-0.0
149599015.08003467,453382091.5071634,0.0,-8.496502006620556e-05,29.779938564422096,0.0,443.4215355585455,0.0,-0.0,4455087999.9999895,-0.3134120347739536,-0.9496172368164186,-0.0
149599014.77415705,453489299.2859846,0.0,-8.49669920940903e-05,29.779938558444865,0.0,443.4215355585455,0.0,-0.0,4455087999.9999895,-0.31334520135657545,-0.9496392919349995,-0.0
149599014.46827233,453596507.0647842,0.0,-8.496896286103865e-05,29.779938552470043,0.0,443.4215355585455,0.0,-0.0,4455087999.9999895,-0.3132783948858577,-0.9496613329486153,-0.0
149599014.16238052,453703714.84356236,0.0,-8.49709323680962e-05,29.77993854649763,0.0,443.4215355585455,0.0,-0.0,4455087999.9999895,-0.3132116153465516,-0.9496833598689638,-0.0
149599013.8564816,453810922.622319,0.0,-8.497290061630745e-05,29.779938540527624,0.0,443.42153555854543,0.0,-0.0,4455087999.9999895,-0.3131448627234194,-0.9497053727077313,-0.0
149599013.5505756,453918130.40105414,0.0,-8.497486760671588e-05,29.779938534560024,0.0,443.4215355585455,0.0,-0.0,4455087999.999989,-0.31307813700123355,-0.9497273714765921,-0.0
149599013.24466255,454025338.17976785,0.0,-8.497683334036391e-05,29.779938528594826,0.0,443.4215355585455,0.0,-0.0,4455087999.9999895,-0.31301143816477695,-0.949749356187209,-0.0
149599012.93874243,454132545.95846003,0.0,-8.49787978182929e-05,29.779938522632033,0.0,443.4215355585455,0.0,-0.0,4455087999.9999895,-0.3129447661988435,-0.9497713268512328,-0.0
149599012.6328152,454239753.73713076,0.0,-8.498076104154317e-05,29.779938516671642,0.0,443.4215355585455,0.0,-0.0,4455087999.9999895,-0.31287812108823704,-0.9497932834803026,-0.0
149599012.32688093,454346961.51578003,0.0,-8.4982723011154e-05,29.77993851071365,0.0,443.4215355585455,0.0,-0.0,4455087999.999989,-0.3128115028177722,-0.9498152260860461,-0.0
149599012.0209396,454454169.2944079,0.0,-8.498468372816363e-05,29.779938504758054,0.0,443.42153555854543,0.0,-0.0,4455087999.999989,-0.3127449113722741,-0.9498371546800791,-0.0
149599011.7149912,454561377.0730143,0.0,-8.498664319360924e-05,29.779938498804857,0.0,443.42153555854543,0.0,-0.0,4455087999.999989,-0.31267834673657807,-0.9498590692740055,-0.0
149599011.40903577,454668584.8515993,0.0,-8.498860140852699e-05,29.779938492854058,0.0,443.4215355585455,0.0,-0.0,4455087999.999989,-0.3126118088955304,-0.9498809698794183,-0.0
149599011.1030733,454775792.63016284,0.0,-8.499055837395199e-05,29.779938486905653,0.0,443.4215355585455,0.0,-0.0,4455087999.9999895,-0.3125452978339875,-0.9499028565078979,-0.0
149599010.79710376,454883000.408705,0.0,-8.499251409091829e-05,29.77993848095964,0.0,443.4215355585455,0.0,-0.0,4455087999.9999895,-0.312478813536816,-0.9499247291710138,-0.0
149599010.4911272,454990208.18722576,0.0,-8.499446856045894e-05,29.77993847501602,0.0,443.4215355585455,0.0,-0.0,4455087999.999989,-0.31241235598889355,-0.9499465878803233,-0.0
149599010.1851436,455097415.9657251,0.0,-8.499642178360592e-05,29.77993846907479,0.0,443.4215355585454,0.0,-0.0,4455087999.9999895,-0.3123459251751079,-0.9499684326473727,-0.0
149599009.87915295,455204623.7442031,0.0,-8.499837376139021e-05,29.77993846313595,0.0,443.42153555854543,0.0,-0.0,4455087999.999989,-0.31227952108035717,-0.9499902634836963,-0.0
149599009.57315528,455311831.5226597,0.0,-8.50003244948417e-05,29.779938457199496,0.0,443.42153555854543,0.0,-0.0,4455087999.999989,-0.31221314368955005,-0.950012080400817,-0.0
149599009.2671506,455419039.30109495,0.0,-8.50022739849893e-05,29.77993845126543,0.0,443.42153555854543,0.0,-0.0,4455087999.999989,-0.31214679298760567,-0.950033883410246,-0.0
149599008.9611389,455526247.07950884,0.0,-8.500422223286087e-05,29.779938445333748,0.0,443.4215355585454,0.0,-0.0,4455087999.999989,-0.31208046895945357,-0.950055672523483,-0.0
149599008.6551202,455633454.8579014,0.0,-8.500616923948323e-05,29.77993843940445,0.0,443.4215355585454,0.0,-0.0,4455087999.999988,-0.3120141715900335,-0.9500774477520162,-0.0
149599008.34909448,455740662.6362726,0.0,-8.500811500588219e-05,29.779938433477536,0.0,443.4215355585454,0.0,-0.0,4455087999.999988,-0.31194790086429575,-0.9500992091073225,-0.0
149599008.04306176,455847870.4146225,0.0,-8.50100595330825e-05,29.779938427553002,0.0,443.4215355585454,0.0,-0.0,4455087999.999988,-0.3118816567672009,-0.9501209566008666,-0.0
149599007.73702204,455955078.192951,0.0,-8.501200282210791e-05,29.77993842163085,0.0,443.4215355585454,0.0,-0.0,4455087999.999988,-0.3118154392837201,-0.9501426902441026,-0.0
149599007.43097535,456062285.9712582,0.0,-8.501394487398113e-05,29.779938415711072,0.0,443.42153555854543,0.0,-0.0,4455087999.999988,-0.3117492483988348,-0.9501644100484724,-0.0
149599007.12492165,456169493.74954414,0.0,-8.501588568972386e-05,29.779938409793672,0.0,443.4215355585453,0.0,-0.0,4455087999.999988,-0.31168308409753653,-0.9501861160254068,-0.0
149599006.81886098,456276701.5278087,0.0,-8.501782527035676e-05,29.77993840387865,0.0,443.42153555854526,0.0,-0.0,4455087999.999988,-0.3116169463648276,-0.9502078081863252,-0.0
149599006.51279333,456383909.306052,0.0,-8.501976361689948e-05,29.779938397966003,0.0,443.4215355585453,0.0,-0.0,4455087999.999989,-0.3115508351857204,-0.9502294865426353,-0.0
149599006.20671868,456491117.08427405,0.0,-8.502170073037064e-05,29.77993839205573,0.0,443.4215355585454,0.0,-0.0,4455087999.999989,-0.31148475054523755,-0.9502511511057333,-0.0
149599005.9006371,456598324.8624748,0.0,-8.502363661178784e-05,29.779938386147826,0.0,443.4215355585454,0.0,-0.0,4455087999.999989,-0.3114186924284123,-0.9502728018870044,-0.0
149599005.59454852,456705532.6406543,0.0,-8.502557126216766e-05,29.779938380242292,0.0,443.4215355585453,0.0,-0.0,4455087999.999989,-0.31135266082028823,-0.9502944388978222,-0.0
149599005.28845298,456812740.4188126,0.0,-8.502750468252568e-05,29.779938374339128,0.0,443.4215355585453,0.0,-0.0,4455087999.999988,-0.31128665570591885,-0.9503160621495486,-0.0
149599004.9823505,456919948.1969496,0.0,-8.502943687387643e-05,29.779938368438334,0.0,443.4215355585454,0.0,-0.0,4455087999.999989,-0.3112206770703682,-0.9503376716535347,-0.0
149599004.67624104,457027155.97506535,0.0,-8.503136783723346e-05,29.779938362539905,0.0,443.42153555854543,0.0,-0.0,4455087999.999989,-0.31115472489871093,-0.9503592674211199,-0.0
149599004.37012464,457134363.7531599,0.0,-8.503329757360928e-05,29.77993835664384,0.0,443.4215355585454,0.0,-0.0,4455087999.999989,-0.31108879917603127,-0.9503808494636322,-0.0
149599004.0640013,457241571.5312332,0.0,-8.50352260840154e-05,29.77993835075014,0.0,443.4215355585454,0.0,-0.0,4455087999.999989,-0.3110228998874244,-0.9504024177923882,-0.0
149599003.757871,457348779.3092853,0.0,-8.503715336946232e-05,29.779938344858802,0.0,443.4215355585454,0.0,-0.0,4455087999.999989,-0.31095702701799555,-0.9504239724186936,-0.0
149599003.45173377,457455987.08731616,0.0,-8.50390794309595e-05,29.779938338969824,0.0,443.4215355585454,0.0,-0.0,4455087999.999987,-0.31089118055285997,-0.9504455133538424,-0.0
149599003.14558962,457563194.86532587,0.0,-8.504100426951545e-05,29.77993833308321,0.0,443.42153555854543,0.0,-0.0,4455087999.999988,-0.3108253604771435,-0.9504670406091176,-0.0
149599002.83943853,457670402.64331436,0.0,-8.50429278861376e-05,29.77993832719895,0.0,443.4215355585454,0.0,-0.0,4455087999.999987,-0.3107595667759822,-0.9504885541957904,-0.0
149599002.53328052,457777610.4212817,0.0,-8.504485028183243e-05,29.779938321317047,0.0,443.42153555854543,0.0,-0.0,4455087999.999988,-0.3106937994345221,-0.9505100541251212,-0.0
149599002.2271156,457884818.19922787,0.0,-8.50467714576054e-05,29.7799383154375,0.0,443.42153555854543,0.0,-0.0,4455087999.999988,-0.3106280584379198,-0.9505315404083592,-0.0
149599001.92094377,457992025.9771529,0.0,-8.504869141446094e-05,29.77993830956031,0.0,443.4215355585455,0.0,-0.0,4455087999.999988,-0.31056234377134195,-0.9505530130567421,-0.0
149599001.61476502,458099233.75505674,0.0,-8.50506101534025e-05,29.779938303685473,0.0,443.42153555854543,0.0,-0.0,4455087999.999988,-0.3104966554199653,-0.9505744720814961,-0.0
149599001.30857936,458206441.53293943,0.0,-8.505252767543252e-05,29.779938297812986,0.0,443.42153555854543,0.0,-0.0,4455087999.999988,-0.31043099336897717,-0.9505959174938371,-0.0
149599001.0023868,458313649.31080097,0.0,-8.505444398155244e-05,29.77993829194285,0.0,443.4215355585455,0.0,-0.0,4455087999.999987,-0.31036535760357487,-0.9506173493049688,-0.0
149599000.69618738,458420857.0886414,0.0,-8.50563590727627e-05,29.779938286075065,0.0,443.42153555854554,0.0,-0.0,4455087999.999988,-0.31029974810896577,-0.9506387675260842,-0.0
149599000.38998103,458528064.86646074,0.0,-8.505827295006274e-05,29.779938280209628,0.0,443.4215355585456,0.0,-0.0,4455087999.999989,-0.31023416487036776,-0.9506601721683651,-0.0
149599000.0837678,458635272.6442589,0.0,-8.5060185614451e-05,29.779938274346534,0.0,443.4215355585456,0.0,-0.0,4455087999.999988,-0.3101686078730085,-0.950681563242982,-0.0
149598999.7775477,458742480.422036,0.0,-8.506209706692494e-05,29.779938268485786,0.0,443.4215355585456,0.0,-0.0,4455087999.999988,-0.31010307710212615,-0.9507029407610944,-0.0
149598999.4713207,458849688.19979197,0.0,-8.5064007308481e-05,29.779938262627383,0.0,443.4215355585456,0.0,-0.0,4455087999.999987,-0.3100375725429689,-0.9507243047338504,-0.0
149598999.16508684,458956895.9775269,0.0,-8.506591634011463e-05,29.77993825677132,0.0,443.4215355585455,0.0,-0.0,4455087999.999987,-0.3099720941807952,-0.9507456551723874,-0.0
149598998.8588461,459064103.75524074,0.0,-8.50678241628203e-05,29.7799382509176,0.0,443.42153555854543,0.0,-0.0,4455087999.999987,-0.3099066420008736,-0.9507669920878313,-0.0
149598998.5525985,459171311.53293353,0.0,-8.506973077759147e-05,29.77993824506622,0.0,443.4215355585455,0.0,-0.0,4455087999.999988,-0.3098412159884827,-0.950788315491297,-0.0
149598998.24634406,459278519.3106052,0.0,-8.507163618542064e-05,29.779938239217177,0.0,443.4215355585455,0.0,-0.0,4455087999.999988,-0.30977581612891136,-0.9508096253938887,-0.0
149598997.94008273,459385727.0882559,0.0,-8.507354038729928e-05,29.779938233370473,0.0,443.42153555854543,0.0,-0.0,4455087999.999987,-0.30971044240745854,-0.9508309218066987,-0.0
149598997.63381454,459492934.8658855,0.0,-8.507544338421791e-05,29.779938227526106,0.0,443.4215355585455,0.0,-0.0,4455087999.999987,-0.30964509480943325,-0.9508522047408088,-0.0
149598997.32753953,459600142.64349407,0.0,-8.507734517716602e-05,29.779938221684073,0.0,443.4215355585455,0.0,-0.0,4455087999.999988,-0.3095797733201546,-0.95087347420729,-0.0
149598997.02125767,459707350.4210816,0.0,-8.507924576713217e-05,29.779938215844375,0.0,443.42153555854554,0.0,-0.0,4455087999.999988,-0.30951447792495207,-0.9508947302172015,-0.0
149598996.71496898,459814558.19864815,0.0,-8.508114515510387e-05,29.779938210007007,0.0,443.4215355585456,0.0,-0.0,4455087999.999988,-0.30944920860916486,-0.950915972781592,-0.0
149598996.40867344,459921765.97619367,0.0,-8.50830433420677e-05,29.77993820417197,0.0,443.42153555854554,0.0,-0.0,4455087999.999988,-0.30938396535814255,-0.9509372019114993,-0.0
149598996.10237107,460028973.7537182,0.0,-8.508494032900921e-05,29.779938198339263,0.0,443.4215355585456,0.0,-0.0,4455087999.999989,-0.3093187481572446,-0.9509584176179499,-0.0
149598995.79606187,460136181.53122175,0.0,-8.508683611691302e-05,29.779938192508883,0.0,443.42153555854566,0.0,-0.0,4455087999.999988,-0.30925355699184076,-0.9509796199119591,-0.0
149598995.48974586,460243389.3087043,0.0,-8.508873070676271e-05,29.77993818668083,0.0,443.42153555854566,0.0,-0.0,4455087999.999988,-0.30918839184731056,-0.951000808804532,-0.0
149598995.183423,460350597.0861659,0.0,-8.509062409954094e-05,29.7799381808551,0.0,443.42153555854554,0.0,-0.0,4455087999.999988,-0.30912325270904384,-0.9510219843066618,-0.0
149598994.87709334,460457804.8636065,0.0,-8.509251629622935e-05,29.7799381750317,0.0,443.4215355585456,0.0,-0.0,4455087999.999988,-0.3090581395624404,-0.9510431464293315,-0.0
149598994.57075688,460565012.64102614,0.0,-8.509440729780863e-05,29.77993816921062,0.0,443.42153555854566,0.0,-0.0,4455087999.999989,-0.30899305239291014,-0.951064295183513,-0.0
149598994.26441363,460672220.41842484,0.0,-8.509629710525847e-05,29.77993816339186,0.0,443.4215355585457,0.0,-0.0,4455087999.999989,-0.30892799118587283,-0.9510854305801667,-0.0
149598993.95806354,460779428.19580257,0.0,-8.50981857195576e-05,29.779938157575423,0.0,443.42153555854566,0.0,-0.0,4455087999.999989,-0.30886295592675855,-0.9511065526302429,-0.0
149598993.65170667,460886635.9731594,0.0,-8.510007314168377e-05,29.779938151761304,0.0,443.4215355585457,0.0,-0.0,4455087999.999988,-0.308797946601007,-0.9511276613446806,-0.0
149598993.345343,460993843.75049525,0.0,-8.510195937261376e-05,29.7799381459495,0.0,443.42153555854566,0.0,-0.0,4455087999.999987,-0.3087329631940683,-0.951148756734408,-0.0
149598993.03897256,461101051.5278102,0.0,-8.510384441332338e-05,29.779938140140015,0.0,443.42153555854566,0.0,-0.0,4455087999.999988,-0.3086680056914024,-0.9511698388103421,-0.0
149598992.73259532,461208259.30510426,0.0,-8.510572826478746e-05,29.779938134332845,0.0,443.42153555854566,0.0,-0.0,4455087999.999988,-0.30860307407847926,-0.9511909075833898,-0.0
149598992.42621133,461315467.08237743,0.0,-8.510761092797987e-05,29.779938128527988,0.0,443.42153555854566,0.0,-0.0,4455087999.999989,-0.30853816834077874,-0.9512119630644462,-0.0
149598992.11982054,461422674.8596297,0.0,-8.510949240387351e-05,29.779938122725444,0.0,443.4215355585457,0.0,-0.0,4455087999.999988,-0.3084732884637909,-0.9512330052643961,-0.0
149598991.81342298,461529882.6368611,0.0,-8.511137269344031e-05,29.779938116925212,0.0,443.42153555854566,0.0,-0.0,4455087999.999989,-0.30840843443301547,-0.9512540341941139,-0.0
149598991.50701866,461637090.41407156,0.0,-8.511325179765123e-05,29.77993811112729,0.0,443.4215355585457,0.0,-0.0,4455087999.999988,-0.3083436062339625,-0.9512750498644621,-0.0
149598991.20060757,461744298.1912612,0.0,-8.511512971747629e-05,29.779938105331677,0.0,443.42153555854577,0.0,-0.0,4455087999.999989,-0.30827880385215173,-0.9512960522862935,-0.0
149598990.89418972,461851505.9684299,0.0,-8.511700645388451e-05,29.77993809953837,0.0,443.42153555854577,0.0,-0.0,4455087999.999988,-0.308214027273113,-0.9513170414704494,-0.0
149598990.58776513,461958713.7455778,0.0,-8.511888200784397e-05,29.77993809374737,0.0,443.4215355585458,0.0,-0.0,4455087999.999989,-0.30814927648238594,-0.9513380174277606,-0.0
149598990.28133377,462065921.5227049,0.0,-8.512075638032176e-05,29.779938087958673,0.0,443.42153555854577,0.0,-0.0,4455087999.999989,-0.30808455146552044,-0.951358980169047,-0.0
149598989.9748957,462173129.2998111,0.0,-8.512262957228406e-05,29.77993808217228,0.0,443.4215355585458,0.0,-0.0,4455087999.9999895,-0.30801985220807593,-0.9513799297051179,-0.0
149598989.66845086,462280337.07689655,0.0,-8.512450158469607e-05,29.779938076388188,0.0,443.4215355585458,0.0,-0.0,4455087999.9999895,-0.3079551786956219,-0.9514008660467719,-0.0
149598989.3619993,462387544.8539611,0.0,-8.512637241852199e-05,29.7799380706064,0.0,443.4215355585458,0.0,-0.0,4455087999.9999895,-0.3078905309137379,-0.9514217892047967,-0.0
149598989.055541,462494752.63100487,0.0,-8.512824207472512e-05,29.779938064826908,0.0,443.4215355585458,0.0,-0.0,4455087999.9999895,-0.3078259088480134,-0.9514426991899694,-0.0
149598988.74907598,462601960.4080278,0.0,-8.513011055426777e-05,29.779938059049716,0.0,443.4215355585458,0.0,-0.0,4455087999.99999,-0.30776131248404737,-0.9514635960130563,-0.0
149598988.4426042,462709168.18503,0.0,-8.513197785811132e-05,29.77993805327482,0.0,443.42153555854577,0.0,-0.0,4455087999.9999895,-0.3076967418074493,-0.9514844796848133,-0.0
149598988.13612574,462816375.9620114,0.0,-8.513384398721617e-05,29.77993804750222,0.0,443.4215355585458,0.0,-0.0,4455087999.99999,-0.3076321968038379,-0.9515053502159853,-0.0
149598987.82964054,462923583.738972,0.0,-8.513570894254179e-05,29.779938041731914,0.0,443.42153555854577,0.0,-0.0,4455087999.9999895,-0.3075676774588421,-0.9515262076173066,-0.0
149598987.52314863,463030791.5159119,0.0,-8.513757272504668e-05,29.7799380359639,0.0,443.42153555854577,0.0,-0.0,4455087999.9999895,-0.307503183758101,-0.951547051899501,-0.0
149598987.21665,463137999.29283094,0.0,-8.51394353356884e-05,29.77993803019818,0.0,443.42153555854577,0.0,-0.0,4455087999.9999895,-0.307438715687263,-0.9515678830732814,-0.0
149598986.9101447,463245207.06972927,0.0,-8.514129677542355e-05,29.779938024434752,0.0,443.42153555854577,0.0,-0.0,4455087999.9999895,-0.3073742732319867,-0.9515887011493506,-0.0
149598986.60363266,463352414.84660685,0.0,-8.514315704520779e-05,29.77993801867361,0.0,443.42153555854577,0.0,-0.0,4455087999.999989,-0.30730985637794045,-0.9516095061384001,-0.0
149598986.29711396,463459622.6234637,0.0,-8.514501614599583e-05,29.77993801291476,0.0,443.42153555854577,0.0,-0.0,4455087999.999989,-0.3072454651108023,-0.9516302980511112,-0.0
149598985.99058855,463566830.40029985,0.0,-8.514687407874145e-05,29.779938007158194,0.0,443.4215355585458,0.0,-0.0,4455087999.999989,-0.3071810994162605,-0.9516510768981546,-0.0
149598985.68405646,463674038.17711526,0.0,-8.514873084439746e-05,29.779938001403913,0.0,443.4215355585457,0.0,-0.0,4455087999.9999895,-0.3071167592800128,-0.9516718426901906,-0.0
149598985.3775177,463781245.95390993,0.0,-8.515058644391574e-05,29.779937995651917,0.0,443.42153555854577,0.0,-0.0,4455087999.9999895,-0.3070524446877669,-0.9516925954378682,-0.0
149598985.07097226,463888453.7306839,0.0,-8.515244087824721e-05,29.779937989902205,0.0,443.4215355585458,0.0,-0.0,4455087999.99999,-0.3069881556252402,-0.9517133351518268,-0.0
149598984.76442015,463995661.5074372,0.0,-8.515429414834188e-05,29.779937984154774,0.0,443.4215355585458,0.0,-0.0,4455087999.99999,-0.30692389207816023,-0.9517340618426946,-0.0
149598984.45786136,464102869.28416985,0.0,-8.515614625514879e-05,29.779937978409624,0.0,443.4215355585458,0.0,-0.0,4455087999.99999,-0.3068596540322638,-0.9517547755210894,-0.0
149598984.1512959,464210077.0608818,0.0,-8.515799719961605e-05,29.77993797266675,0.0,443.4215355585458,0.0,-0.0,4455087999.99999,-0.30679544147329796,-0.9517754761976189,-0.0
149598983.8447238,464317284.83757305,0.0,-8.515984698269084e-05,29.779937966926155,0.0,443.4215355585458,0.0,-0.0,4455087999.999991,-0.30673125438701926,-0.9517961638828798,-0.0
149598983.538145,464424492.6142436,0.0,-8.516169560531939e-05,29.779937961187837,0.0,443.4215355585458,0.0,-0.0,4455087999.99999,-0.3066670927591943,-0.9518168385874584,-0.0
149598983.23155957,464531700.3908936,0.0,-8.516354306844701e-05,29.779937955451796,0.0,443.4215355585458,0.0,-0.0,4455087999.99999,-0.30660295657559916,-0.9518375003219307,-0.0
149598982.9249675,464638908.1675229,0.0,-8.516538937301804e-05,29.77993794971803,0.0,443.4215355585459,0.0,-0.0,4455087999.999991,-0.3065388458220198,-0.9518581490968621,-0.0
149598982.61836877,464746115.94413155,0.0,-8.516723451997593e-05,29.779937943986532,0.0,443.4215355585458,0.0,-0.0,4455087999.99999,-0.3064747604842519,-0.9518787849228074,-0.0
149598982.3117634,464853323.7207196,0.0,-8.516907851026316e-05,29.77993793825731,0.0,443.4215355585459,0.0,-0.0,4455087999.99999,-0.30641070054810104,-0.9518994078103116,-0.0
149598982.0051514,464960531.497287,0.0,-8.51709213448213e-05,29.779937932530355,0.0,443.42153555854594,0.0,-0.0,4455087999.99999,-0.3063466659993823,-0.9519200177699084,-0.0
149598981.69853276,465067739.27383375,0.0,-8.5172763024591e-05,29.77993792680567,0.0,443.4215355585459,0.0,-0.0,4455087999.99999,-0.30628265682392086,-0.9519406148121218,-0.0
149598981.3919075,465174947.05035996,0.0,-8.517460355051193e-05,29.779937921083253,0.0,443.42153555854594,0.0,-0.0,4455087999.999991,-0.306218673007551,-0.9519611989474647,-0.0
149598981.08527562,465282154.82686555,0.0,-8.517644292352289e-05,29.779937915363103,0.0,443.421535558546,0.0,-0.0,4455087999.999991,-0.3061547145361173,-0.9519817701864403,-0.0
149598980.7786371,465389362.6033506,0.0,-8.517828114456171e-05,29.779937909645216,0.0,443.42153555854605,0.0,-0.0,4455087999.99999,-0.3060907813954739,-0.952002328539541,-0.0
149598980.471992,465496570.37981504,0.0,-8.51801182145653e-05,29.779937903929593,0.0,443.42153555854594,0.0,-0.0,4455087999.99999,-0.3060268735714845,-0.9520228740172489,-0.0
149598980.16534024,465603778.1562589,0.0,-8.518195413446967e-05,29.779937898216232,0.0,443.42153555854594,0.0,-0.0,4455087999.99999,-0.30596299105002234,-0.952043406630036,-0.0
149598979.85868192,465710985.93268216,0.0,-8.518378890520989e-05,29.779937892505135,0.0,443.421535558546,0.0,-0.0,4455087999.99999,-0.30589913381697104,-0.9520639263883633,-0.0
149598979.55201697,465818193.7090849,0.0,-8.518562252772009e-05,29.779937886796297,0.0,443.421535558546,0.0,-0.0,4455087999.99999,-0.3058353018582231,-0.9520844333026822,-0.0
149598979.24534544,465925401.48546714,0.0,-8.51874550029335e-05,29.77993788108972,0.0,443.42153555854605,0.0,-0.0,4455087999.999991,-0.3057714951596811,-0.9521049273834334,-0.0
149598978.9386673,466032609.2618288,0.0,-8.518928633178242e-05,29.779937875385396,0.0,443.421535558546,0.0,-0.0,4455087999.999991,-0.30570771370725736,-0.9521254086410474,-0.0
149598978.63198256,466139817.0381699,0.0,-8.519111651519822e-05,29.77993786968333,0.0,443.42153555854605,0.0,-0.0,4455087999.999991,-0.30564395748687345,-0.9521458770859443,-0.0
149598978.32529125,466247024.8144905,0.0,-8.519294555411139e-05,29.77993786398352,0.0,443.42153555854605,0.0,-0.0,4455087999.99999,-0.305580226484461,-0.9521663327285341,-0.0
149598978.01859334,466354232.59079057,0.0,-8.519477344945144e-05,29.77993785828596,0.0,443.421535558546,0.0,-0.0,4455087999.9999895,-0.30551652068596113,-0.9521867755792162,-0.0
149598977.71188888,466461440.36707014,0.0,-8.5196600202147e-05,29.779937852590656,0.0,443.421535558546,0.0,-0.0,4455087999.99999,-0.30545284007732465,-0.95220720564838,-0.0
149598977.40517783,466568648.1433292,0.0,-8.51984258131258e-05,29.779937846897603,0.0,443.421535558546,0.0,-0.0,4455087999.9999895,-0.30538918464451176,-0.9522276229464047,-0.0
149598977.09846023,466675855.91956776,0.0,-8.52002502833146e-05,29.7799378412068,0.0,443.421535558546,0.0,-0.0,4455087999.99999,-0.30532555437349274,-0.9522480274836589,-0.0
149598976.79173604,466783063.6957859,0.0,-8.520207361363932e-05,29.779937835518243,0.0,443.42153555854594,0.0,-0.0,4455087999.99999,-0.30526194925024697,-0.9522684192705015,-0.0
149598976.4850053,466890271.4719835,0.0,-8.520389580502489e-05,29.779937829831937,0.0,443.421535558546,0.0,-0.0,4455087999.99999,-0.3051983692607637,-0.9522887983172807,-0.0
149598976.178268,466997479.24816066,0.0,-8.520571685839538e-05,29.779937824147876,0.0,443.421535558546,0.0,-0.0,4455087999.9999895,-0.3051348143910419,-0.9523091646343347,-0.0
149598975.87152413,467104687.0243174,0.0,-8.520753677467393e-05,29.77993781846606,0.0,443.421535558546,0.0,-0.0,4455087999.9999895,-0.3050712846270899,-0.9523295182319915,-0.0
149598975.5647737,467211894.80045366,0.0,-8.520935555478278e-05,29.77993781278649,0.0,443.421535558546,0.0,-0.0,4455087999.99999,-0.3050077799549256,-0.952349859120569,-0.0
149598975.25801677,467319102.5765695,0.0,-8.521117319964325e-05,29.77993780710916,0.0,443.42153555854605,0.0,-0.0,4455087999.99999,-0.30494430036057674,-0.9523701873103747,-0.0
149598974.95125327,467426310.3526649,0.0,-8.521298971017575e-05,29.779937801434073,0.0,443.42153555854617,0.0,-0.0,4455087999.99999,-0.3048808458300803,-0.9523905028117063,-0.0
149598974.64448324,467533518.12873983,0.0,-8.521480508729979e-05,29.779937795761224,0.0,443.42153555854605,0.0,-0.0,4455087999.99999,-0.3048174163494832,-0.9524108056348509,-0.0
149598974.33770669,467640725.9047944,0.0,-8.5216619331934e-05,29.779937790090614,0.0,443.42153555854605,0.0,-0.0,4455087999.99999,-0.3047540119048416,-0.9524310957900858,-0.0
149598974.0309236,467747933.6808285,0.0,-8.521843244499604e-05,29.77993778442224,0.0,443.42153555854605,0.0,-0.0,4455087999.999991,-0.30469063248222117,-0.9524513732876781,-0.0
149598973.724134,467855141.45684224,0.0,-8.522024442740273e-05,29.779937778756103,0.0,443.42153555854605,0.0,-0.0,4455087999.999991,-0.3046272780676975,-0.9524716381378848,-0.0
149598973.41733786,467962349.2328356,0.0,-8.522205528006996e-05,29.779937773092204,0.0,443.421535558546,0.0,-0.0,4455087999.999991,-0.3045639486473553,-0.9524918903509527,-0.0
149598973.1105352,468069557.00880855,0.0,-8.522386500391272e-05,29.779937767430535,0.0,443.421535558546,0.0,-0.0,4455087999.999991,-0.3045006442072891,-0.9525121299371184,-0.0
149598972.80372605,468176764.78476113,0.0,-8.522567359984509e-05,29.7799377617711,0.0,443.4215355585461,0.0,-0.0,4455087999.999991,-0.3044373647336027,-0.9525323569066089,-0.0
149598972.49691036,468283972.5606933,0.0,-8.522748106878027e-05,29.7799377561139,0.0,443.42153555854605,0.0,-0.0,4455087999.999992,-0.30437411021240973,-0.9525525712696408,-0.0
149598972.19008818,468391180.33660513,0.0,-8.522928741163057e-05,29.779937750458924,0.0,443.421535558546,0.0,-0.0,4455087999.999992,-0.3043108806298329,-0.9525727730364203,-0.0
149598971.8832595,468498388.1124966,0.0,-8.523109262930735e-05,29.77993774480618,0.0,443.42153555854605,0.0,-0.0,4455087999.999992,-0.3042476759720048,-0.9525929622171445,-0.0
149598971.57642433,468605595.8883678,0.0,-8.523289672272113e-05,29.779937739155663,0.0,443.42153555854605,0.0,-0.0,4455087999.999992,-0.30418449622506744,-0.9526131388219995,-0.0
149598971.26958266,468712803.66421854,0.0,-8.52346996927815e-05,29.77993773350737,0.0,443.42153555854605,0.0,-0.0,4455087999.999992,-0.304121341375172,-0.9526333028611618,-0.0
149598970.9627345,468820011.440049,0.0,-8.523650154039718e-05,29.779937727861306,0.0,443.42153555854605,0.0,-0.0,4455087999.999992,-0.30405821140847955,-0.9526534543447981,-0.0
149598970.65587986,468927219.2158591,0.0,-8.523830226647598e-05,29.779937722217465,0.0,443.42153555854605,0.0,-0.0,4455087999.999993,-0.3039951063111604,-0.9526735932830647,-0.0
149598970.34901872,469034426.991649,0.0,-8.524010187192483e-05,29.779937716575844,0.0,443.421535558546,0.0,-0.0,4455087999.999992,-0.3039320260693945,-0.9526937196861082,-0.0
149598970.04215112,469141634.7674185,0.0,-8.524190035764976e-05,29.779937710936448,0.0,443.42153555854605,0.0,-0.0,4455087999.999992,-0.3038689706693708,-0.952713833564065,-0.0
149598969.73527706,469248842.5431677,0.0,-8.52436977245559e-05,29.77993770529927,0.0,443.4215355585461,0.0,-0.0,4455087999.999993,-0.30380594009728834,-0.9527339349270618,-0.0
149598969.42839652,469356050.31889665,0.0,-8.524549397354752e-05,29.779937699664313,0.0,443.4215355585461,0.0,-0.0,4455087999.999993,-0.3037429343393553,-0.9527540237852151,-0.0
149598969.12150952,469463258.0946053,0.0,-8.524728910552796e-05,29.77993769403157,0.0,443.4215355585461,0.0,-0.0,4455087999.999993,-0.30367995338178894,-0.9527741001486315,-0.0
149598968.81461605,469570465.8702937,0.0,-8.52490831213997e-05,29.779937688401045,0.0,443.42153555854605,0.0,-0.0,4455087999.999993,-0.30361699721081664,-0.9527941640274079,-0.0
149598968.50771612,469677673.64596176,0.0,-8.525087602206435e-05,29.779937682772736,0.0,443.42153555854605,0.0,-0.0,4455087999.999993,-0.30355406581267463,-0.9528142154316309,-0.0
149598968.20080975,469784881.42160964,0.0,-8.525266780842259e-05,29.77993767714664,0.0,443.4215355585461,0.0,-0.0,4455087999.999993,-0.3034911591736089,-0.9528342543713777,-0.0
149598967.8938969,469892089.19723725,0.0,-8.525445848137425e-05,29.77993767152276,0.0,443.4215355585461,0.0,-0.0,4455087999.999993,-0.30342827727987454,-0.9528542808567151,-0.0
149598967.58697763,469999296.9728446,0.0,-8.525624804181827e-05,29.779937665901087,0.0,443.42153555854617,0.0,-0.0,4455087999.999993,-0.3033654201177363,-0.9528742948977001,-0.0
149598967.28005192,470106504.74843174,0.0,-8.52580364906527e-05,29.779937660281625,0.0,443.42153555854605,0.0,-0.0,4455087999.999993,-0.3033025876734683,-0.9528942965043805,-0.0
149598966.97311977,470213712.5239986,0.0,-8.525982382877472e-05,29.779937654664373,0.0,443.42153555854605,0.0,-0.0,4455087999.999993,-0.3032397799333538,-0.9529142856867931,-0.0
149598966.66618118,470320920.2995453,0.0,-8.526161005708063e-05,29.77993764904933,0.0,443.4215355585461,0.0,-0.0,4455087999.999993,-0.3031769968836858,-0.9529342624549658,-0.0
149598966.35923618,470428128.07507175,0.0,-8.526339517646582e-05,29.779937643436494,0.0,443.4215355585461,0.0,-0.0,4455087999.999993,-0.3031142385107663,-0.9529542268189162,-0.0
149598966.05228475,470535335.850578,0.0,-8.526517918782485e-05,29.77993763782586,0.0,443.4215355585461,0.0,-0.0,4455087999.999992,-0.3030515048009069,-0.9529741787886521,-0.0
149598965.7453269,470642543.62606406,0.0,-8.526696209205135e-05,29.779937632217433,0.0,443.4215355585461,0.0,-0.0,4455087999.999993,-0.30298879574042864,-0.9529941183741717,-0.0
149598965.43836263,470749751.40152997,0.0,-8.526874389003812e-05,29.779937626611208,0.0,443.42153555854605,0.0,-0.0,4455087999.999993,-0.30292611131566144,-0.9530140455854633,-0.0
149598965.13139194,470856959.17697567,0.0,-8.527052458267708e-05,29.779937621007186,0.0,443.4215355585461,0.0,-0.0,4455087999.999993,-0.3028634515129451,-0.9530339604325052,-0.0
149598964.82441485,470964166.9524012,0.0,-8.527230417085924e-05,29.779937615405363,0.0,443.4215355585461,0.0,-0.0,4455087999.999993,-0.3028008163186284,-0.9530538629252663,-0.0
149598964.51743135,471071374.7278066,0.0,-8.527408265547477e-05,29.77993760980574,0.0,443.4215355585461,0.0,-0.0,4455087999.999993,-0.30273820571906956,-0.9530737530737053,-0.0
149598964.21044144,471178582.5031918,0.0,-8.527586003741295e-05,29.779937604208314,0.0,443.4215355585461,0.0,-0.0,4455087999.999993,-0.30267561970063633,-0.9530936308877717,-0.0
149598963.90344515,471285790.2785569,0.0,-8.52776363175622e-05,29.779937598613085,0.0,443.4215355585461,0.0,-0.0,4455087999.999992,-0.3026130582497054,-0.9531134963774043,-0.0
149598963.59644246,471392998.05390185,0.0,-8.527941149681006e-05,29.77993759302005,0.0,443.421535558546,0.0,-0.0,4455087999.999992,-0.3025505213526631,-0.9531333495525333,-0.0
149598963.2894334,471500205.8292267,0.0,-8.528118557604322e-05,29.779937587429213,0.0,443.42153555854605,0.0,-0.0,4455087999.999993,-0.30248800899590467,-0.9531531904230786,-0.0
149598962.98241794,471607413.60453135,0.0,-8.528295855614748e-05,29.779937581840567,0.0,443.42153555854605,0.0,-0.0,4455087999.999993,-0.302425521165835,-0.9531730189989502,-0.0
149598962.6753961,471714621.37981594,0.0,-8.528473043800777e-05,29.779937576254113,0.0,443.421535558546,0.0,-0.0,4455087999.999993,-0.3023630578488681,-0.9531928352900487,-0.0
149598962.3683679,471821829.1550804,0.0,-8.528650122250818e-05,29.77993757066985,0.0,443.421535558546,0.0,-0.0,4455087999.999993,-0.30230061903142746,-0.9532126393062651,-0.0
149598962.06133333,471929036.93032473,0.0,-8.528827091053192e-05,29.779937565087778,0.0,443.421535558546,0.0,-0.0,4455087999.999993,-0.3022382046999454,-0.9532324310574803,-0.0
149598961.75429237,472036244.705549,0.0,-8.529003950296133e-05,29.779937559507893,0.0,443.421535558546,0.0,-0.0,4455087999.999994,-0.30217581484086387,-0.9532522105535659,-0.0
149598961.44724503,472143452.4807532,0.0,-8.529180700067789e-05,29.779937553930196,0.0,443.421535558546,0.0,-0.0,4455087999.999993,-0.3021134494406341,-0.9532719778043837,-0.0
149598961.14019135,472250660.2559373,0.0,-8.529357340456222e-05,29.779937548354685,0.0,443.42153555854605,0.0,-0.0,4455087999.999993,-0.3020511084857162,-0.9532917328197859,-0.0
149598960.8331313,472357868.03110135,0.0,-8.529533871549408e-05,29.779937542781358,0.0,443.421535558546,0.0,-0.0,4455087999.999994,-0.3019887919625799,-0.9533114756096149,-0.0
149598960.52606493,472465075.8062453,0.0,-8.529710293435236e-05,29.779937537210216,0.0,443.421535558546,0.0,-0.0,4455087999.999994,-0.3019264998577042,-0.9533312061837039,-0.0
149598960.21899217,472572283.5813693,0.0,-8.529886606201511e-05,29.779937531641256,0.0,443.421535558546,0.0,-0.0,4455087999.999994,-0.30186423215757685,-0.953350924551876,-0.0
149598959.9119131,472679491.35647315,0.0,-8.53006280993595e-05,29.779937526074477,0.0,443.42153555854605,0.0,-0.0,4455087999.999994,-0.3018019888486953,-0.9533706307239446,-0.0
149598959.60482767,472786699.131557,0.0,-8.530238904726186e-05,29.779937520509876,0.0,443.42153555854605,0.0,-0.0,4455087999.999994,-0.30173976991756607,-0.9533903247097143,-0.0
149598959.2977359,472893906.9066208,0.0,-8.530414890659765e-05,29.779937514947456,0.0,443.421535558546,0.0,-0.0,4455087999.999995,-0.3016775753507047,-0.9534100065189791,-0.0
149598958.9906378,473001114.6816646,0.0,-8.530590767824149e-05,29.779937509387214,0.0,443.4215355585461,0.0,-0.0,4455087999.999995,-0.3016154051346362,-0.9534296761615243,-0.0
149598958.68353337,473108322.4566884,0.0,-8.530766536306712e-05,29.779937503829146,0.0,443.4215355585461,0.0,-0.0,4455087999.999995,-0.3015532592558948,-0.9534493336471253,-0.0
149598958.3764226,473215530.2316922,0.0,-8.530942196194744e-05,29.779937498273252,0.0,443.42153555854605,0.0,-0.0,4455087999.999994,-0.3014911377010235,-0.9534689789855475,-0.0
149598958.06930554,473322738.00667596,0.0,-8.531117747575452e-05,29.779937492719533,0.0,443.421535558546,0.0,-0.0,4455087999.999994,-0.3014290404565749,-0.9534886121865476,-0.0
149598957.76218215,473429945.78163975,0.0,-8.531293190535955e-05,29.779937487167988,0.0,443.42153555854605,0.0,-0.0,4455087999.999995,-0.3013669675091107,-0.9535082332598721,-0.0
149598957.45505244,473537153.5565836,0.0,-8.531468525163287e-05,29.779937481618614,0.0,443.42153555854605,0.0,-0.0,4455087999.999995,-0.3013049188452015,-0.9535278422152583,-0.0
149598957.1479164,473644361.33150744,0.0,-8.531643751544398e-05,29.77993747607141,0.0,443.42153555854605,0.0,-0.0,4455087999.999995,-0.3012428944514274,-0.953547439062434,-0.0
149598956.8407741,473751569.10641134,0.0,-8.531818869766153e-05,29.779937470526374,0.0,443.421535558546,0.0,-0.0,4455087999.999994,-0.3011808943143774,-0.9535670238111171,-0.0
149598956.53362545,473858776.88129526,0.0,-8.531993879915331e-05,29.779937464983508,0.0,443.42153555854605,0.0,-0.0,4455087999.999995,-0.30111891842064986,-0.953586596471017,-0.0
149598956.22647053,473965984.6561592,0.0,-8.53216878207863e-05,29.779937459442806,0.0,443.421535558546,0.0,-0.0,4455087999.999995,-0.301056966756852,-0.9536061570518323,-0.0
149598955.91930932,474073192.4310033,0.0,-8.532343576342659e-05,29.77993745390427,0.0,443.421535558546,0.0,-0.0,4455087999.999995,-0.30099503930960053,-0.953625705563253,-0.0
149598955.61214182,474180400.20582736,0.0,-8.532518262793944e-05,29.7799374483679,0.0,443.421535558546,0.0,-0.0,4455087999.999995,-0.3009331360655209,-0.9536452420149595,-0.0
149598955.30496803,474287607.98063153,0.0,-8.532692841518928e-05,29.779937442833692,0.0,443.42153555854605,0.0,-0.0,4455087999.999995,-0.30087125701124806,-0.9536647664166227,-0.0
149598954.99778795,474394815.7554158,0.0,-8.532867312603968e-05,29.779937437301648,0.0,443.42153555854605,0.0,-0.0,4455087999.999996,-0.30080940213342566,-0.953684278777904,-0.0
149598954.6906016,474502023.53018016,0.0,-8.533041676135339e-05,29.779937431771764,0.0,443.42153555854605,0.0,-0.0,4455087999.999996,-0.3007475714187067,-0.9537037791084556,-0.0
149598954.38340896,474609231.3049246,0.0,-8.533215932199227e-05,29.77993742624404,0.0,443.42153555854605,0.0,-0.0,4455087999.999996,-0.3006857648537534,-0.95372326741792,-0.0
149598954.07621005,474716439.07964915,0.0,-8.533390080881741e-05,29.779937420718472,0.0,443.42153555854605,0.0,-0.0,4455087999.999997,-0.3006239824252367,-0.9537427437159304,-0.0
149598953.76900488,474823646.8543538,0.0,-8.5335641222689e-05,29.77993741519506,0.0,443.42153555854605,0.0,-0.0,4455087999.999997,-0.30056222411983696,-0.9537622080121108,-0.0
149598953.46179345,474930854.6290386,0.0,-8.533738056446643e-05,29.779937409673806,0.0,443.421535558546,0.0,-0.0,4455087999.999997,-0.3005004899242435,-0.9537816603160756,-0.0
149598953.15457577,475038062.40370345,0.0,-8.533911883500823e-05,29.77993740415471,0.0,443.42153555854605,0.0,-0.0,4455087999.999997,-0.30043877982515454,-0.9538011006374296,-0.0
149598952.84735182,475145270.1783485,0.0,-8.53408560351721e-05,29.779937398637763,0.0,443.42153555854605,0.0,-0.0,4455087999.999998,-0.30037709380927763,-0.9538205289857691,-0.0
149598952.54012161,475252477.95297366,0.0,-8.534259216581493e-05,29.77993739312297,0.0,443.4215355585461,0.0,-0.0,4455087999.999998,-0.3003154318633293,-0.9538399453706801,-0.0
149598952.23288515,475359685.727579,0.0,-8.534432722779273e-05,29.779937387610328,0.0,443.42153555854617,0.0,-0.0,4455087999.999997,-0.30025379397403495,-0.9538593498017398,-0.0
149598951.92564246,475466893.5021645,0.0,-8.534606122196071e-05,29.779937382099835,0.0,443.42153555854605,0.0,-0.0,4455087999.999997,-0.30019218012812904,-0.9538787422885159,-0.0
149598951.6183935,475574101.2767301,0.0,-8.534779414917323e-05,29.77993737659149,0.0,443.42153555854605,0.0,-0.0,4455087999.999997,-0.30013059031235556,-0.9538981228405667,-0.0
149598951.31113833,475681309.0512759,0.0,-8.534952601028382e-05,29.779937371085296,0.0,443.4215355585461,0.0,-0.0,4455087999.999997,-0.3000690245134668,-0.9539174914674414,-0.0
149598951.00387692,475788516.8258019,0.0,-8.53512568061452e-05,29.779937365581247,0.0,443.4215355585461,0.0,-0.0,4455087999.999998,-0.3000074827182245,-0.95393684817868,-0.0
149598950.6966093,475895724.6003081,0.0,-8.535298653760923e-05,29.779937360079344,0.0,443.42153555854617,0.0,-0.0,4455087999.999998,-0.29994596491339953,-0.953956192983813,-0.0
149598950.38933542,476002932.3747945,0.0,-8.535471520552697e-05,29.779937354579584,0.0,443.4215355585461,0.0,-0.0,4455087999.999997,-0.29988447108577126,-0.9539755258923612,-0.0
149598950.08205533,476110140.14926106,0.0,-8.535644281074864e-05,29.779937349081965,0.0,443.4215355585461,0.0,-0.0,4455087999.999997,-0.29982300122212846,-0.9539948469138372,-0.0
149598949.77476904,476217347.92370784,0.0,-8.535816935412363e-05,29.77993734358649,0.0,443.42153555854605,0.0,-0.0,4455087999.999998,-0.2997615553092689,-0.9540141560577432,-0.0
149598949.46747652,476324555.69813484,0.0,-8.535989483650048e-05,29.779937338093156,0.0,443.42153555854605,0.0,-0.0,4455087999.999998,-0.29970013333399914,-0.9540334533335731,-0.0
149598949.1601778,476431763.4725421,0.0,-8.536161925872696e-05,29.77993733260196,0.0,443.4215355585461,0.0,-0.0,4455087999.999998,-0.2996387352831346,-0.9540527387508112,-0.0
149598948.85287288,476538971.2469296,0.0,-8.536334262164998e-05,29.779937327112904,0.0,443.4215355585461,0.0,-0.0,4455087999.999999,-0.2995773611435003,-0.9540720123189322,-0.0
149598948.54556173,476646179.02129734,0.0,-8.536506492611562e-05,29.779937321625983,0.0,443.4215355585461,0.0,-0.0,4455087999.999998,-0.2995160109019295,-0.9540912740474022,-0.0
149598948.23824438,476753386.7956453,0.0,-8.536678617296918e-05,29.779937316141197,0.0,443.42153555854605,0.0,-0.0,4455087999.999997,-0.2994546845452648,-0.9541105239456779,-0.0
149598947.93092087,476860594.5699735,0.0,-8.536850636305508e-05,29.779937310658546,0.0,443.42153555854605,0.0,-0.0,4455087999.999998,-0.29939338206035765,-0.9541297620232064,-0.0
149598947.62359115,476967802.34428203,0.0,-8.537022549721697e-05,29.77993730517803,0.0,443.42153555854605,0.0,-0.0,4455087999.999997,-0.2993321034340686,-0.9541489882894264,-0.0
149598947.31625524,477075010.1185708,0.0,-8.537194357629766e-05,29.779937299699647,0.0,443.42153555854605,0.0,-0.0,4455087999.999997,-0.29927084865326675,-0.9541682027537669,-0.0
149598947.00891316,477182217.89283985,0.0,-8.537366060113912e-05,29.779937294223394,0.0,443.4215355585461,0.0,-0.0,4455087999.999997,-0.29920961770483057,-0.9541874054256476,-0.0
149598946.70156488,477289425.6670892,0.0,-8.537537657258255e-05,29.77993728874927,0.0,443.42153555854605,0.0,-0.0,4455087999.999996,-0.29914841057564723,-0.9542065963144795,-0.0
149598946.39421043,477396633.44131887,0.0,-8.53770914914683e-05,29.779937283277278,0.0,443.4215355585461,0.0,-0.0,4455087999.999996,-0.2990872272526128,-0.9542257754296642,-0.0
149598946.0868498,477503841.21552885,0.0,-8.537880535863591e-05,29.77993727780741,0.0,443.42153555854605,0.0,-0.0,4455087999.999996,-0.29902606772263235,-0.9542449427805944,-0.0
149598945.77948302,477611048.9897191,0.0,-8.53805181749241e-05,29.77993727233967,0.0,443.42153555854605,0.0,-0.0,4455087999.999997,-0.2989649319726199,-0.9542640983766532,-0.0
149598945.47211006,477718256.7638897,0.0,-8.538222994117079e-05,29.779937266874054,0.0,443.42153555854605,0.0,-0.0,4455087999.999996,-0.2989038199894982,-0.9542832422272151,-0.0
149598945.16473097,477825464.5380406,0.0,-8.538394065821308e-05,29.779937261410563,0.0,443.421535558546,0.0,-0.0,4455087999.999996,-0.2988427317601991,-0.9543023743416453,-0.0
149598944.8573457,477932672.3121718,0.0,-8.538565032688727e-05,29.779937255949196,0.0,443.4215355585461,0.0,-0.0,4455087999.999997,-0.298781667271663,-0.9543214947293,-0.0
149598944.5499543,478039880.0862834,0.0,-8.538735894802883e-05,29.77993725048995,0.0,443.4215355585461,0.0,-0.0,4455087999.999997,-0.2987206265108395,-0.9543406033995261,-0.0
149598944.24255672,478147087.86037534,0.0,-8.538906652247242e-05,29.779937245032826,0.0,443.4215355585461,0.0,-0.0,4455087999.999997,-0.298659609464687,-0.9543597003616616,-0.0
149598943.935153,478254295.63444763,0.0,-8.53907730510519e-05,29.77993723957782,0.0,443.42153555854605,0.0,-0.0,4455087999.999996,-0.2985986161201727,-0.9543787856250356,-0.0
149598943.62774315,478361503.4085003,0.0,-8.539247853460033e-05,29.779937234124933,0.0,443.4215355585461,0.0,-0.0,4455087999.999997,-0.29853764646427267,-0.954397859198968,-0.0
149598943.32032716,478468711.1825333,0.0,-8.539418297394995e-05,29.77993722867416,0.0,443.4215355585461,0.0,-0.0,4455087999.999996,-0.2984767004839718,-0.9544169210927693,-0.0
149598943.01290503,478575918.9565467,0.0,-8.539588636993217e-05,29.779937223225506,0.0,443.42153555854605,0.0,-0.0,4455087999.999997,-0.2984157781662639,-0.9544359713157416,-0.0
149598942.7054768,478683126.7305405,0.0,-8.539758872337765e-05,29.779937217778965,0.0,443.42153555854605,0.0,-0.0,4455087999.999997,-0.29835487949815154,-0.9544550098771777,-0.0
149598942.3980424,478790334.5045147,0.0,-8.53992900351162e-05,29.779937212334538,0.0,443.421535558546,0.0,-0.0,4455087999.999996,-0.2982940044666463,-0.9544740367863614,-0.0
149598942.0906019,478897542.2784693,0.0,-8.540099030597686e-05,29.779937206892225,0.0,443.42153555854605,0.0,-0.0,4455087999.999996,-0.2982331530587682,-0.9544930520525675,-0.0
149598941.78315526,479004750.05240434,0.0,-8.540268953678782e-05,29.77993720145202,0.0,443.421535558546,0.0,-0.0,4455087999.999996,-0.2981723252615464,-0.9545120556850619,-0.0
149598941.47570252,479111957.82631975,0.0,-8.540438772837652e-05,29.77993719601393,0.0,443.421535558546,0.0,-0.0,4455087999.999996,-0.298111521062019,-0.9545310476931013,-0.0
149598941.16824368,479219165.6002156,0.0,-8.540608488156956e-05,29.779937190577947,0.0,443.421535558546,0.0,-0.0,4455087999.999996,-0.2980507404472324,-0.9545500280859336,-0.0
149598940.86077872,479326373.3740919,0.0,-8.540778099719277e-05,29.77993718514407,0.0,443.421535558546,0.0,-0.0,4455087999.999996,-0.2979899834042422,-0.9545689968727978,-0.0
149598940.55330765,479433581.1479487,0.0,-8.540947607607117e-05,29.779937179712302,0.0,443.42153555854605,0.0,-0.0,4455087999.999996,-0.2979292499201127,-0.9545879540629238,-0.0
149598940.24583048,479540788.9217859,0.0,-8.541117011902896e-05,29.77993717428264,0.0,443.42153555854605,0.0,-0.0,4455087999.999995,-0.29786853998191704,-0.954606899665533,-0.0
149598939.93834722,479647996.69560355,0.0,-8.541286312688956e-05,29.77993716885508,0.0,443.42153555854605,0.0,-0.0,4455087999.999996,-0.29780785357673684,-0.9546258336898372,-0.0
149598939.63085786,479755204.46940166,0.0,-8.54145551004756e-05,29.779937163429626,0.0,443.4215355585461,0.0,-0.0,4455087999.999995,-0.2977471906916628,-0.9546447561450399,-0.0
149598939.3233624,479862412.2431802,0.0,-8.541624604060892e-05,29.779937158006273,0.0,443.42153555854617,0.0,-0.0,4455087999.999996,-0.29768655131379446,-0.954663667040335,-0.0
149598939.0158609,479969620.0169393,0.0,-8.541793594811053e-05,29.77993715258502,0.0,443.4215355585461,0.0,-0.0,4455087999.999995,-0.29762593543023963,-0.9546825663849082,-0.0
149598938.70835328,480076827.79067886,0.0,-8.541962482380068e-05,29.779937147165867,0.0,443.4215355585461,0.0,-0.0,4455087999.999996,-0.2975653430281155,-0.9547014541879362,-0.0
149598938.4008396,480184035.5643989,0.0,-8.542131266849882e-05,29.779937141748814,0.0,443.4215355585461,0.0,-0.0,4455087999.999997,-0.2975047740945474,-0.9547203304585864,-0.0
149598938.09331983,480291243.3380994,0.0,-8.54229994830236e-05,29.779937136333857,0.0,443.4215355585461,0.0,-0.0,4455087999.999996,-0.2974442286166699,-0.9547391952060177,-0.0
149598937.785794,480398451.11178046,0.0,-8.542468526819289e-05,29.779937130920995,0.0,443.4215355585461,0.0,-0.0,4455087999.999996,-0.29738370658162594,-0.95475804843938,-0.0
149598937.4782621,480505658.885442,0.0,-8.542637002482375e-05,29.77993712551023,0.0,443.4215355585461,0.0,-0.0,4455087999.999996,-0.29732320797656736,-0.9547768901678144,-0.0
149598937.17072412,480612866.65908414,0.0,-8.542805375373247e-05,29.779937120101557,0.0,443.42153555854605,0.0,-0.0,4455087999.999996,-0.29726273278865484,-0.9547957204004535,-0.0
149598936.8631801,480720074.4327068,0.0,-8.542973645573456e-05,29.779937114694977,0.0,443.42153555854605,0.0,-0.0,4455087999.999995,-0.2972022810050573,-0.9548145391464202,-0.0
149598936.55563003,480827282.20631,0.0,-8.54314181316447e-05,29.77993710929049,0.0,443.42153555854605,0.0,-0.0,4455087999.999996,-0.29714185261295284,-0.9548333464148298,-0.0
149598936.2480739,480934489.9798937,0.0,-8.543309878227683e-05,29.779937103888095,0.0,443.42153555854605,0.0,-0.0,4455087999.999996,-0.29708144759952815,-0.9548521422147875,-0.0
149598935.94051173,481041697.75345796,0.0,-8.543477840844406e-05,29.77993709848779,0.0,443.4215355585461,0.0,-0.0,4455087999.999997,-0.2970210659519785,-0.9548709265553907,-0.0
149598935.6329435,481148905.5270028,0.0,-8.543645701095877e-05,29.779937093089572,0.0,443.42153555854617,0.0,-0.0,4455087999.999996,-0.296960707657508,-0.9548896994457277,-0.0
149598935.32536924,481256113.3005282,0.0,-8.543813459063251e-05,29.77993708769344,0.0,443.42153555854617,0.0,-0.0,4455087999.999996,-0.2969003727033291,-0.9549084608948778,-0.0
149598935.01778895,481363321.0740342,0.0,-8.543981114827606e-05,29.779937082299394,0.0,443.4215355585461,0.0,-0.0,4455087999.999997,-0.29684006107666316,-0.9549272109119118,-0.0
149598934.7102026,481470528.84752077,0.0,-8.544148668469943e-05,29.779937076907434,0.0,443.4215355585461,0.0,-0.0,4455087999.999996,-0.29677977276474043,-0.9549459495058917,-0.0
149598934.40261024,481577736.62098795,0.0,-8.544316120071182e-05,29.779937071517555,0.0,443.42153555854605,0.0,-0.0,4455087999.999996,-0.2967195077547993,-0.9549646766858707,-0.0
149598934.09501186,481684944.3944357,0.0,-8.544483469712169e-05,29.77993706612976,0.0,443.42153555854617,0.0,-0.0,4455087999.999997,-0.29665926603408743,-0.9549833924608933,-0.0
149598933.78740746,481792152.1678641,0.0,-8.544650717473668e-05,29.77993706074405,0.0,443.42153555854617,0.0,-0.0,4455087999.999997,-0.2965990475898606,-0.9550020968399953,-0.0
149598933.47979704,481899359.9412731,0.0,-8.544817863436368e-05,29.779937055360417,0.0,443.4215355585462,0.0,-0.0,4455087999.999998,-0.2965388524093833,-0.9550207898322036,-0.0
149598933.1721806,482006567.71466273,0.0,-8.544984907680878e-05,29.779937049978862,0.0,443.4215355585461,0.0,-0.0,4455087999.999998,-0.2964786804799289,-0.9550394714465367,-0.0
149598932.86455813,482113775.488033,0.0,-8.545151850287732e-05,29.779937044599386,0.0,443.4215355585461,0.0,-0.0,4455087999.999998,-0.29641853178877925,-0.9550581416920042,-0.0
149598932.55692965,482220983.2613839,0.0,-8.545318691337383e-05,29.779937039221988,0.0,443.4215355585461,0.0,-0.0,4455087999.999998,-0.29635840632322474,-0.9550768005776072,-0.0
149598932.24929518,482328191.0347154,0.0,-8.54548543091021e-05,29.779937033846664,0.0,443.42153555854617,0.0,-0.0,4455087999.999997,-0.2962983040705645,-0.9550954481123378,-0.0
149598931.9416547,482435398.80802757,0.0,-8.545652069086512e-05,29.779937028473416,0.0,443.4215355585461,0.0,-0.0,4455087999.999997,-0.29623822501810626,-0.9551140843051796,-0.0
149598931.63400823,482542606.5813204,0.0,-8.54581860594651e-05,29.779937023102242,0.0,443.42153555854617,0.0,-0.0,4455087999.999997,-0.2961781691531663,-0.9551327091651078,-0.0
149598931.32635576,482649814.35459393,0.0,-8.545985041570351e-05,29.77993701773314,0.0,443.42153555854617,0.0,-0.0,4455087999.999997,-0.29611813646306945,-0.9551513227010886,-0.0
149598931.0186973,482757022.1278481,0.0,-8.546151376038103e-05,29.77993701236611,0.0,443.42153555854617,0.0,-0.0,4455087999.999997,-0.29605812693514916,-0.9551699249220795,-0.0
149598930.71103284,482864229.90108293,0.0,-8.546317609429756e-05,29.77993700700115,0.0,443.42153555854617,0.0,-0.0,4455087999.999997,-0.2959981405567476,-0.9551885158370299,-0.0
149598930.40336242,482971437.67429847,0.0,-8.546483741825223e-05,29.779937001638256,0.0,443.42153555854617,0.0,-0.0,4455087999.999997,-0.29593817731521516,-0.95520709545488,-0.0
149598930.09568602,483078645.4474947,0.0,-8.546649773304345e-05,29.77993699627743,0.0,443.42153555854617,0.0,-0.0,4455087999.999997,-0.29587823719791123,-0.9552256637845618,-0.0
149598929.78800365,483185853.22067165,0.0,-8.546815703946877e-05,29.779936990918674,0.0,443.4215355585462,0.0,-0.0,4455087999.999998,-0.2958183201922036,-0.9552442208349983,-0.0
149598929.4803153,483293060.9938293,0.0,-8.546981533832504e-05,29.77993698556198,0.0,443.42153555854617,0.0,-0.0,4455087999.999998,-0.2957584262854683,-0.9552627666151042,-0.0
149598929.17262098,483400268.7669677,0.0,-8.547147263040834e-05,29.779936980207353,0.0,443.42153555854617,0.0,-0.0,4455087999.999997,-0.2956985554650903,-0.955281301133786,-0.0
149598928.8649207,483507476.5400868,0.0,-8.547312891651397e-05,29.779936974854788,0.0,443.4215355585461,0.0,-0.0,4455087999.999998,-0.2956387077184629,-0.9552998243999405,-0.0
149598928.55721447,483614684.31318665,0.0,-8.547478419743645e-05,29.779936969504284,0.0,443.4215355585461,0.0,-0.0,4455087999.999997,-0.2955788830329881,-0.9553183364224573,-0.0
149598928.24950227,483721892.08626723,0.0,-8.547643847396957e-05,29.779936964155844,0.0,443.42153555854617,0.0,-0.0,4455087999.999998,-0.2955190813960763,-0.9553368372102162,-0.0
149598927.9417841,483829099.85932857,0.0,-8.547809174690632e-05,29.77993695880946,0.0,443.42153555854617,0.0,-0.0,4455087999.999998,-0.29545930279514654,-0.9553553267720895,-0.0
149598927.63406,483936307.63237065,0.0,-8.547974401703896e-05,29.77993695346514,0.0,443.4215355585461,0.0,-0.0,4455087999.999997,-0.29539954721762607,-0.9553738051169403,-0.0
149598927.32632995,484043515.4053935,0.0,-8.548139528515898e-05,29.779936948122874,0.0,443.4215355585461,0.0,-0.0,4455087999.999997,-0.2953398146509511,-0.9553922722536234,-0.0
149598927.01859397,484150723.1783971,0.0,-8.548304555205709e-05,29.779936942782665,0.0,443.42153555854605,0.0,-0.0,4455087999.999998,-0.29528010508256586,-0.9554107281909853,-0.0
149598926.71085203,484257930.9513815,0.0,-8.548469481852326e-05,29.779936937444514,0.0,443.42153555854617,0.0,-0.0,4455087999.999997,-0.29522041849992353,-0.9554291729378636,-0.0
149598926.40310416,484365138.7243467,0.0,-8.548634308534669e-05,29.779936932108416,0.0,443.42153555854617,0.0,-0.0,4455087999.999998,-0.2951607548904855,-0.9554476065030875,-0.0
149598926.09535035,484472346.4972927,0.0,-8.548799035331582e-05,29.779936926774372,0.0,443.4215355585462,0.0,-0.0,4455087999.999998,-0.29510111424172175,-0.955466028895478,-0.0
149598925.78759062,484579554.2702195,0.0,-8.548963662321836e-05,29.779936921442378,0.0,443.4215355585462,0.0,-0.0,4455087999.999997,-0.29504149654111045,-0.9554844401238474,-0.0
149598925.47982496,484686762.0431271,0.0,-8.549128189584122e-05,29.779936916112437,0.0,443.4215355585462,0.0,-0.0,4455087999.999998,-0.2949819017761387,-0.9555028401969993,-0.0
149598925.1720534,484793969.81601554,0.0,-8.54929261719706e-05,29.779936910784546,0.0,443.4215355585462,0.0,-0.0,4455087999.999999,-0.29492232993430184,-0.9555212291237296,-0.0
149598924.8642759,484901177.5888848,0.0,-8.549456945239192e-05,29.7799369054587,0.0,443.4215355585462,0.0,-0.0,4455087999.999998,-0.2948627810031036,-0.9555396069128249,-0.0
149598924.5564925,485008385.36173487,0.0,-8.549621173788983e-05,29.779936900134906,0.0,443.4215355585463,0.0,-0.0,4455087999.999998,-0.2948032549700562,-0.9555579735730637,-0.0
149598924.24870318,485115593.1345658,0.0,-8.549785302924827e-05,29.779936894813158,0.0,443.4215355585463,0.0,-0.0,4455087999.999999,-0.2947437518226804,-0.9555763291132164,-0.0
149598923.94090796,485222800.90737754,0.0,-8.549949332725039e-05,29.779936889493452,0.0,443.4215355585463,0.0,-0.0,4455087999.999998,-0.2946842715485053,-0.9555946735420446,-0.0
149598923.63310683,485330008.6801701,0.0,-8.55011326326786e-05,29.779936884175793,0.0,443.4215355585463,0.0,-0.0,4455087999.999999,-0.29462481413506836,-0.9556130068683014,-0.0
149598923.3252998,485437216.45294356,0.0,-8.550277094631457e-05,29.779936878860177,0.0,443.42153555854634,0.0,-0.0,4455087999.999998,-0.2945653795699157,-0.955631329100732,-0.0
149598923.01748687,485544424.2256979,0.0,-8.55044082689392e-05,29.779936873546603,0.0,443.4215355585464,0.0,-0.0,4455087999.999998,-0.2945059678406016,-0.9556496402480725,-0.0
149598922.70966804,485651631.99843305,0.0,-8.550604460133267e-05,29.77993686823507,0.0,443.4215355585464,0.0,-0.0,4455087999.999998,-0.2944465789346889,-0.9556679403190514,-0.0
149598922.40184334,485758839.77114916,0.0,-8.550767994427438e-05,29.779936862925574,0.0,443.42153555854634,0.0,-0.0,4455087999.999998,-0.2943872128397488,-0.9556862293223882,-0.0
149598922.09401274,485866047.54384613,0.0,-8.550931429854301e-05,29.779936857618118,0.0,443.4215355585464,0.0,-0.0,4455087999.999997,-0.2943278695433608,-0.9557045072667945,-0.0
149598921.78617626,485973255.316524,0.0,-8.551094766491647e-05,29.7799368523127,0.0,443.4215355585464,0.0,-0.0,4455087999.999998,-0.29426854903311306,-0.9557227741609731,-0.0
149598921.47833392,486080463.0891828,0.0,-8.551258004417195e-05,29.77993684700932,0.0,443.4215355585464,0.0,-0.0,4455087999.999998,-0.2942092512966019,-0.9557410300136188,-0.0
149598921.1704857,486187670.8618225,0.0,-8.551421143708587e-05,29.779936841707976,0.0,443.42153555854645,0.0,-0.0,4455087999.999999,-0.29414997632143214,-0.9557592748334179,-0.0
149598920.86263162,486294878.6344431,0.0,-8.551584184443391e-05,29.779936836408663,0.0,443.4215355585464,0.0,-0.0,4455087999.999998,-0.29409072409521675,-0.9557775086290485,-0.0
149598920.55477166,486402086.40704465,0.0,-8.551747126699104e-05,29.779936831111385,0.0,443.42153555854645,0.0,-0.0,4455087999.999999,-0.2940314946055772,-0.9557957314091805,-0.0
149598920.24690583,486509294.1796271,0.0,-8.551909970553143e-05,29.77993682581614,0.0,443.42153555854645,0.0,-0.0,4455088000.0,-0.2939722878401436,-0.955813943182475,-0.0
149598919.93903413,486616501.9521905,0.0,-8.552072716082857e-05,29.779936820522924,0.0,443.4215355585465,0.0,-0.0,4455087999.999999,-0.29391310378655394,-0.9558321439575855,-0.0
149598919.6311566,486723709.7247349,0.0,-8.552235363365518e-05,29.77993681523174,0.0,443.4215355585465,0.0,-0.0,4455087999.999999,-0.29385394243245483,-0.9558503337431564,-0.0
149598919.32327318,486830917.4972602,0.0,-8.552397912478322e-05,29.779936809942583,0.0,443.42153555854657,0.0,-0.0,4455087999.999999,-0.29379480376550104,-0.9558685125478246,-0.0
149598919.01538393,486938125.2697665,0.0,-8.552560363498395e-05,29.779936804655453,0.0,443.4215355585465,0.0,-0.0,4455087999.999999,-0.293735687773356,-0.9558866803802182,-0.0
149598918.70748883,487045333.04225373,0.0,-8.552722716502786e-05,29.77993679937035,0.0,443.42153555854657,0.0,-0.0,4455087999.999999,-0.2936765944436912,-0.9559048372489575,-0.0
149598918.3995879,487152540.81472194,0.0,-8.552884971568472e-05,29.779936794087273,0.0,443.4215355585465,0.0,-0.0,4455087999.999999,-0.29361752376418654,-0.9559229831626538,-0.0
149598918.09168112,487259748.58717114,0.0,-8.553047128772357e-05,29.77993678880622,0.0,443.42153555854657,0.0,-0.0,4455087999.999999,-0.29355847572253013,-0.9559411181299111,-0.0
149598917.7837685,487366956.3596013,0.0,-8.55320918819127e-05,29.77993678352719,0.0,443.4215355585466,0.0,-0.0,4455087999.999999,-0.29349945030641833,-0.9559592421593246,-0.0
149598917.47585005,487474164.13201255,0.0,-8.553371149901966e-05,29.779936778250182,0.0,443.4215355585465,0.0,-0.0,4455087999.999998,-0.29344044750355625,-0.9559773552594814,-0.0
149598917.16792578,487581371.90440476,0.0,-8.55353301398113e-05,29.779936772975194,0.0,443.42153555854657,0.0,-0.0,4455087999.999999,-0.2933814673016568,-0.9559954574389603,-0.0
149598916.85999566,487688579.67677796,0.0,-8.553694780505368e-05,29.779936767702228,0.0,443.42153555854657,0.0,-0.0,4455087999.999998,-0.2933225096884414,-0.956013548706332,-0.0
149598916.55205974,487795787.4491322,0.0,-8.553856449551219e-05,29.77993676243128,0.0,443.42153555854657,0.0,-0.0,4455087999.999998,-0.29326357465163977,-0.9560316290701589,-0.0
149598916.244118,487902995.2214675,0.0,-8.554018021195144e-05,29.77993675716235,0.0,443.42153555854657,0.0,-0.0,4455087999.999998,-0.2932046621789897,-0.9560496985389957,-0.0
149598915.93617046,488010202.9937838,0.0,-8.554179495513533e-05,29.779936751895438,0.0,443.4215355585466,0.0,-0.0,4455087999.999999,-0.2931457722582375,-0.9560677571213881,-0.0
149598915.6282171,488117410.7660811,0.0,-8.554340872582703e-05,29.77993674663054,0.0,443.4215355585466,0.0,-0.0,4455088000.0,-0.2930869048771378,-0.9560858048258741,-0.0
149598915.32025793,488224618.53835946,0.0,-8.554502152478899e-05,29.779936741367656,0.0,443.42153555854657,0.0,-0.0,4455088000.0,-0.29302806002345316,-0.9561038416609838,-0.0
149598915.01229295,488331826.31061894,0.0,-8.554663335278291e-05,29.779936736106787,0.0,443.4215355585467,0.0,-0.0,4455088000.0,-0.2929692376849546,-0.9561218676352384,-0.0
149598914.70432216,488439034.08285946,0.0,-8.554824421056978e-05,29.77993673084793,0.0,443.4215355585466,0.0,-0.0,4455087999.999999,-0.2929104378494213,-0.956139882757152,-0.0
149598914.3963456,488546241.855081,0.0,-8.554985409890985e-05,29.77993672559108,0.0,443.4215355585467,0.0,-0.0,4455088000.0,-0.29285166050464073,-0.9561578870352295,-0.0
149598914.0883632,488653449.6272837,0.0,-8.555146301856265e-05,29.779936720336245,0.0,443.4215355585466,0.0,-0.0,4455087999.999999,-0.29279290563840876,-0.9561758804779682,-0.0
149598913.78037503,488760657.39946747,0.0,-8.5553070970287e-05,29.779936715083416,0.0,443.4215355585466,0.0,-0.0,4455087999.999999,-0.2927341732385291,-0.9561938630938576,-0.0
149598913.4723811,488867865.1716323,0.0,-8.555467795484098e-05,29.779936709832597,0.0,443.4215355585466,0.0,-0.0,4455087999.999999,-0.2926754632928141,-0.9562118348913783,-0.0
149598913.16438136,488975072.9437782,0.0,-8.555628397298193e-05,29.779936704583783,0.0,443.42153555854657,0.0,-0.0,4455087999.999999,-0.292616775789084,-0.9562297958790036,-0.0
149598912.85637584,489082280.71590525,0.0,-8.55578890254665e-05,29.779936699336975,0.0,443.4215355585466,0.0,-0.0,4455087999.999999,-0.2925581107151676,-0.9562477460651982,-0.0
149598912.54836455,489189488.48801345,0.0,-8.555949311305061e-05,29.77993669409217,0.0,443.42153555854657,0.0,-0.0,4455087999.999998,-0.2924994680589013,-0.9562656854584188,-0.0
149598912.24034747,489296696.26010275,0.0,-8.556109623648944e-05,29.77993668884937,0.0,443.42153555854657,0.0,-0.0,4455087999.999998,-0.29244084780813034,-0.9562836140671145,-0.0
149598911.93232465,489403904.03217316,0.0,-8.556269839653748e-05,29.779936683608575,0.0,443.42153555854657,0.0,-0.0,4455087999.999998,-0.2923822499507078,-0.9563015318997256,-0.0
149598911.62429604,489511111.8042247,0.0,-8.556429959394847e-05,29.77993667836978,0.0,443.4215355585465,0.0,-0.0,4455087999.999997,-0.29232367447449503,-0.9563194389646849,-0.0
149598911.31626168,489618319.5762574,0.0,-8.556589982947544e-05,29.779936673132983,0.0,443.42153555854657,0.0,-0.0,4455087999.999998,-0.2922651213673616,-0.9563373352704168,-0.0
149598911.00822157,489725527.34827125,0.0,-8.556749910387073e-05,29.779936667898188,0.0,443.4215355585465,0.0,-0.0,4455087999.999997,-0.2922065906171851,-0.9563552208253379,-0.0
149598910.7001757,489832735.12026626,0.0,-8.556909741788593e-05,29.77993666266539,0.0,443.4215355585465,0.0,-0.0,4455087999.999997,-0.29214808221185157,-0.9563730956378568,-0.0
149598910.3921241,489939942.89224243,0.0,-8.557069477227191e-05,29.779936657434586,0.0,443.42153555854645,0.0,-0.0,4455087999.999998,-0.2920895961392549,-0.9563909597163741,-0.0
149598910.08406672,490047150.66419977,0.0,-8.557229116777885e-05,29.77993665220578,0.0,443.4215355585464,0.0,-0.0,4455087999.999998,-0.2920311323872972,-0.9564088130692822,-0.0
149598909.7760036,490154358.4361383,0.0,-8.557388660515621e-05,29.77993664697897,0.0,443.42153555854645,0.0,-0.0,4455087999.999998,-0.29197269094388884,-0.9564266557049653,-0.0
149598909.46793473,490261566.208058,0.0,-8.557548108515273e-05,29.779936641754155,0.0,443.4215355585464,0.0,-0.0,4455087999.999998,-0.29191427179694834,-0.9564444876318005,-0.0
149598909.15986013,490368773.9799589,0.0,-8.557707460851644e-05,29.779936636531332,0.0,443.4215355585464,0.0,-0.0,4455087999.999998,-0.2918558749344022,-0.956462308858156,-0.0
149598908.8517798,490475981.751841,0.0,-8.557866717599464e-05,29.779936631310502,0.0,443.42153555854645,0.0,-0.0,4455087999.999998,-0.29179750034418506,-0.9564801193923924,-0.0
149598908.54369372,490583189.52370435,0.0,-8.558025878833395e-05,29.77993662609166,0.0,443.42153555854645,0.0,-0.0,4455087999.999998,-0.29173914801423995,-0.9564979192428625,-0.0
149598908.23560193,490690397.2955489,0.0,-8.558184944628025e-05,29.77993662087481,0.0,443.4215355585465,0.0,-0.0,4455087999.999998,-0.2916808179325177,-0.9565157084179107,-0.0
149598907.92750442,490797605.0673747,0.0,-8.558343915057873e-05,29.77993661565995,0.0,443.4215355585465,0.0,-0.0,4455087999.999999,-0.2916225100869773,-0.9565334869258737,-0.0
149598907.6194012,490904812.8391817,0.0,-8.558502790197386e-05,29.779936610447074,0.0,443.42153555854657,0.0,-0.0,4455087999.999999,-0.2915642244655861,-0.9565512547750807,-0.0
149598907.31129223,491012020.61096996,0.0,-8.558661570120942e-05,29.779936605236184,0.0,443.4215355585466,0.0,-0.0,4455087999.999999,-0.2915059610563192,-0.9565690119738521,-0.0
149598907.00317755,491119228.3827394,0.0,-8.558820254902846e-05,29.77993660002728,0.0,443.42153555854657,0.0,-0.0,4455087999.999999,-0.29144771984716,-0.9565867585305012,-0.0
149598906.69505718,491226436.1544902,0.0,-8.558978844617332e-05,29.77993659482036,0.0,443.4215355585466,0.0,-0.0,4455087999.999999,-0.2913895008261,-0.9566044944533327,-0.0
149598906.3869311,491333643.92622215,0.0,-8.559137339338567e-05,29.77993658961542,0.0,443.4215355585465,0.0,-0.0,4455087999.999999,-0.2913313039811385,-0.9566222197506441,-0.0
149598906.0787993,491440851.6979354,0.0,-8.559295739140643e-05,29.779936584412464,0.0,443.42153555854657,0.0,-0.0,4455088000.0,-0.2912731293002832,-0.9566399344307243,-0.0
149598905.7706618,491548059.46962994,0.0,-8.559454044097585e-05,29.77993657921149,0.0,443.4215355585465,0.0,-0.0,4455087999.999999,-0.29121497677154984,-0.9566576385018549,-0.0
149598905.4625186,491655267.24130577,0.0,-8.559612254283345e-05,29.779936574012495,0.0,443.4215355585465,0.0,-0.0,4455087999.999999,-0.29115684638296196,-0.9566753319723094,-0.0
149598905.1543697,491762475.0129629,0.0,-8.559770369771807e-05,29.77993656881548,0.0,443.4215355585465,0.0,-0.0,4455087999.999999,-0.29109873812255144,-0.9566930148503533,-0.0
149598904.84621513,491869682.7846013,0.0,-8.559928390636785e-05,29.779936563620442,0.0,443.4215355585465,0.0,-0.0,4455087999.999998,-0.291040651978358,-0.9567106871442445,-0.0
149598904.53805485,491976890.55622095,0.0,-8.56008631695202e-05,29.77993655842738,0.0,443.42153555854645,0.0,-0.0,4455087999.999998,-0.2909825879384295,-0.9567283488622327,-0.0
149598904.22988892,492084098.32782197,0.0,-8.560244148791185e-05,29.779936553236293,0.0,443.4215355585465,0.0,-0.0,4455087999.999998,-0.2909245459908219,-0.9567460000125604,-0.0
149598903.9217173,492191306.0994043,0.0,-8.560401886227882e-05,29.779936548047182,0.0,443.42153555854645,0.0,-0.0,4455087999.999999,-0.29086652612359903,-0.9567636406034615,-0.0
149598903.61354,492298513.8709679,0.0,-8.560559529335646e-05,29.779936542860042,0.0,443.4215355585465,0.0,-0.0,4455087999.999999,-0.2908085283248329,-0.9567812706431627,-0.0
149598903.305357,492405721.64251286,0.0,-8.560717078187938e-05,29.779936537674878,0.0,443.42153555854645,0.0,-0.0,4455087999.999999,-0.2907505525826033,-0.9567988901398824,-0.0
149598902.99716836,492512929.41403913,0.0,-8.560874532858152e-05,29.779936532491682,0.0,443.4215355585464,0.0,-0.0,4455087999.999999,-0.2906925988849983,-0.9568164991018318,-0.0
149598902.68897405,492620137.18554676,0.0,-8.561031893419613e-05,29.779936527310458,0.0,443.42153555854645,0.0,-0.0,4455087999.999999,-0.2906346672201139,-0.9568340975372134,-0.0
149598902.38077408,492727344.9570358,0.0,-8.561189159945571e-05,29.7799365221312,0.0,443.4215355585464,0.0,-0.0,4455087999.999999,-0.290576757576054,-0.9568516854542228,-0.0
149598902.07256845,492834552.72850615,0.0,-8.561346332509215e-05,29.779936516953914,0.0,443.42153555854634,0.0,-0.0,4455087999.999999,-0.29051886994093057,-0.9568692628610477,-0.0
149598901.76435715,492941760.49995786,0.0,-8.561503411183658e-05,29.779936511778594,0.0,443.4215355585464,0.0,-0.0,4455087999.999999,-0.29046100430286353,-0.9568868297658673,-0.0
149598901.4561402,493048968.271391,0.0,-8.561660396041945e-05,29.77993650660524,0.0,443.42153555854634,0.0,-0.0,4455087999.999998,-0.29040316064998084,-0.9569043861768539,-0.0
149598901.1479176,493156176.04280543,0.0,-8.561817287157055e-05,29.77993650143385,0.0,443.42153555854634,0.0,-0.0,4455087999.999999,-0.29034533897041825,-0.9569219321021715,-0.0
149598900.83968934,493263383.8142013,0.0,-8.561974084601894e-05,29.779936496264423,0.0,443.4215355585463,0.0,-0.0,4455087999.999998,-0.2902875392523199,-0.9569394675499766,-0.0
149598900.53145546,493370591.58557856,0.0,-8.562130788449299e-05,29.77993649109696,0.0,443.42153555854634,0.0,-0.0,4455087999.999998,-0.2902297614838374,-0.9569569925284181,-0.0
149598900.22321594,493477799.3569372,0.0,-8.56228739877204e-05,29.77993648593146,0.0,443.42153555854634,0.0,-0.0,4455087999.999998,-0.2901720056531305,-0.9569745070456368,-0.0
149598899.9149708,493585007.1282773,0.0,-8.562443915642817e-05,29.779936480767923,0.0,443.42153555854634,0.0,-0.0,4455087999.999999,-0.290114271748367,-0.9569920111097661,-0.0
149598899.60672,493692214.8995988,0.0,-8.562600339134262e-05,29.77993647560634,0.0,443.42153555854634,0.0,-0.0,4455087999.999999,-0.29005655975772277,-0.9570095047289314,-0.0
149598899.29846358,493799422.67090166,0.0,-8.562756669318938e-05,29.77993647044672,0.0,443.4215355585464,0.0,-0.0,4455088000.0,-0.28999886966938104,-0.9570269879112508,-0.0
149598898.99020153,493906630.442186,0.0,-8.562912906269337e-05,29.779936465289058,0.0,443.4215355585464,0.0,-0.0,4455088000.0,-0.28994120147153374,-0.9570444606648343,-0.0
149598898.68193385,494013838.21345174,0.0,-8.563069050057885e-05,29.77993646013335,0.0,443.42153555854634,0.0,-0.0,4455088000.0,-0.28988355515238,-0.9570619229977844,-0.0
149598898.37366056,494121045.98469895,0.0,-8.563225100756938e-05,29.779936454979598,0.0,443.42153555854645,0.0,-0.0,4455088000.000001,-0.28982593070012735,-0.9570793749181961,-0.0
149598898.06538165,494228253.7559276,0.0,-8.563381058438784e-05,29.7799364498278,0.0,443.4215355585465,0.0,-0.0,4455088000.0,-0.28976832810299114,-0.9570968164341564,-0.0
149598897.75709713,494335461.52713776,0.0,-8.563536923175645e-05,29.779936444677958,0.0,443.4215355585465,0.0,-0.0,4455088000.000001,-0.28971074734919455,-0.9571142475537449,-0.0
149598897.448807,494442669.29832935,0.0,-8.563692695039668e-05,29.779936439530065,0.0,443.42153555854657,0.0,-0.0,4455088000.000001,-0.2896531884269686,-0.9571316682850333,-0.0
149598897.14051127,494549877.0695024,0.0,-8.563848374102938e-05,29.779936434384123,0.0,443.42153555854645,0.0,-0.0,4455088000.000001,-0.2895956513245524,-0.957149078636086,-0.0
149598896.83220994,494657084.84065694,0.0,-8.56400396043747e-05,29.77993642924013,0.0,443.42153555854645,0.0,-0.0,4455088000.000001,-0.28953813603019274,-0.9571664786149594,-0.0
149598896.523903,494764292.6117929,0.0,-8.56415945411521e-05,29.77993642409809,0.0,443.42153555854645,0.0,-0.0,4455088000.000002,-0.28948064253214456,-0.9571838682297027,-0.0
149598896.21559048,494871500.38291043,0.0,-8.564314855208037e-05,29.779936418957995,0.0,443.42153555854645,0.0,-0.0,4455088000.000001,-0.28942317081867047,-0.9572012474883569,-0.0
149598895.90727234,494978708.1540094,0.0,-8.564470163787761e-05,29.779936413819847,0.0,443.42153555854645,0.0,-0.0,4455088000.000001,-0.28936572087804086,-0.9572186163989561,-0.0
149598895.59894863,495085915.9250899,0.0,-8.564625379926124e-05,29.779936408683646,0.0,443.42153555854645,0.0,-0.0,4455088000.000001,-0.2893082926985342,-0.9572359749695262,-0.0
149598895.2906193,495193123.6961519,0.0,-8.564780503694802e-05,29.77993640354939,0.0,443.42153555854645,0.0,-0.0,4455088000.000001,-0.2892508862684368,-0.9572533232080858,-0.0
149598894.98228443,495300331.46719545,0.0,-8.564935535165402e-05,29.779936398417075,0.0,443.42153555854634,0.0,-0.0,4455088000.000001,-0.2891935015760427,-0.9572706611226458,-0.0
149598894.67394397,495407539.2382205,0.0,-8.565090474409463e-05,29.779936393286704,0.0,443.4215355585464,0.0,-0.0,4455088000.000001,-0.2891361386096538,-0.9572879887212097,-0.0
149598894.36559793,495514747.0092271,0.0,-8.565245321498457e-05,29.779936388158276,0.0,443.42153555854634,0.0,-0.0,4455088000.000001,-0.28907879735758013,-0.9573053060117734,-0.0
149598894.05724633,495621954.78021526,0.0,-8.565400076503787e-05,29.77993638303179,0.0,443.4215355585463,0.0,-0.0,4455088000.000002,-0.28902147780813914,-0.957322613002325,-0.0
149598893.74888915,495729162.55118495,0.0,-8.565554739496791e-05,29.77993637790724,0.0,443.4215355585464,0.0,-0.0,4455088000.000002,-0.28896417994965623,-0.9573399097008453,-0.0
149598893.4405264,495836370.3221362,0.0,-8.565709310548739e-05,29.779936372784633,0.0,443.42153555854634,0.0,-0.0,4455088000.000002,-0.2889069037704648,-0.9573571961153075,-0.0
149598893.13215807,495943578.093069,0.0,-8.565863789730831e-05,29.77993636766396,0.0,443.42153555854634,0.0,-0.0,4455088000.000002,-0.28884964925890594,-0.9573744722536772,-0.0
149598892.8237842,496050785.8639834,0.0,-8.566018177114203e-05,29.779936362545225,0.0,443.42153555854634,0.0,-0.0,4455088000.000002,-0.28879241640332853,-0.9573917381239127,-0.0
149598892.51540476,496157993.63487935,0.0,-8.566172472769923e-05,29.779936357428426,0.0,443.4215355585463,0.0,-0.0,4455088000.000002,-0.28873520519208934,-0.9574089937339644,-0.0
149598892.20701978,496265201.4057569,0.0,-8.566326676768991e-05,29.779936352313563,0.0,443.42153555854634,0.0,-0.0,4455088000.000002,-0.2886780156135528,-0.9574262390917754,-0.0
149598891.89862925,496372409.176616,0.0,-8.566480789182341e-05,29.779936347200632,0.0,443.4215355585464,0.0,-0.0,4455088000.000002,-0.2886208476560913,-0.9574434742052814,-0.0
149598891.59023318,496479616.9474567,0.0,-8.56663481008084e-05,29.779936342089634,0.0,443.42153555854645,0.0,-0.0,4455088000.000003,-0.2885637013080849,-0.9574606990824106,-0.0
149598891.28183156,496586824.71827906,0.0,-8.566788739535286e-05,29.779936336980565,0.0,443.42153555854634,0.0,-0.0,4455088000.000003,-0.28850657655792156,-0.9574779137310835,-0.0
149598890.9734244,496694032.489083,0.0,-8.566942577616412e-05,29.77993633187343,0.0,443.42153555854645,0.0,-0.0,4455088000.000004,-0.28844947339399685,-0.9574951181592133,-0.0
149598890.6650117,496801240.25986856,0.0,-8.567096324394886e-05,29.779936326768222,0.0,443.42153555854645,0.0,-0.0,4455088000.000004,-0.2883923918047143,-0.9575123123747058,-0.0
149598890.35659346,496908448.0306357,0.0,-8.567249979941307e-05,29.77993632166494,0.0,443.4215355585464,0.0,-0.0,4455088000.000003,-0.28833533177848497,-0.9575294963854591,-0.0
149598890.0481697,497015655.8013845,0.0,-8.567403544326207e-05,29.77993631656359,0.0,443.42153555854645,0.0,-0.0,4455088000.000004,-0.2882782933037279,-0.9575466701993641,-0.0
149598889.7397404,497122863.57211494,0.0,-8.567557017620055e-05,29.779936311464162,0.0,443.42153555854645,0.0,-0.0,4455088000.000003,-0.28822127636886985,-0.9575638338243042,-0.0
149598889.4313056,497230071.342827,0.0,-8.567710399893249e-05,29.77993630636666,0.0,443.42153555854645,0.0,-0.0,4455088000.000003,-0.28816428096234514,-0.9575809872681551,-0.0
149598889.12286526,497337279.11352074,0.0,-8.567863691216122e-05,29.779936301271082,0.0,443.42153555854645,0.0,-0.0,4455088000.000003,-0.288107307072596,-0.9575981305387855,-0.0
149598888.81441942,497444486.88419616,0.0,-8.568016891658944e-05,29.77993629617743,0.0,443.4215355585464,0.0,-0.0,4455088000.000003,-0.2880503546880726,-0.9576152636440565,-0.0
149598888.50596806,497551694.6548532,0.0,-8.568170001291914e-05,29.779936291085697,0.0,443.42153555854645,0.0,-0.0,4455088000.000004,-0.2879934237972322,-0.9576323865918215,-0.0
149598888.1975112,497658902.425492,0.0,-8.568323020185168e-05,29.779936285995884,0.0,443.42153555854645,0.0,-0.0,4455088000.000004,-0.28793651438854045,-0.957649499389927,-0.0
149598887.8890488,497766110.1961124,0.0,-8.568475948408776e-05,29.779936280907993,0.0,443.4215355585464,0.0,-0.0,4455088000.000004,-0.2878796264504703,-0.9576666020462119,-0.0
149598887.58058092,497873317.9667145,0.0,-8.56862878603274e-05,29.77993627582202,0.0,443.4215355585464,0.0,-0.0,4455088000.000003,-0.28782275997150275,-0.9576836945685077,-0.0
149598887.27210754,497980525.7372983,0.0,-8.568781533126998e-05,29.779936270737966,0.0,443.4215355585464,0.0,-0.0,4455088000.000004,-0.28776591494012616,-0.9577007769646384,-0.0
149598886.96362865,498087733.5078638,0.0,-8.568934189761421e-05,29.779936265655827,0.0,443.4215355585464,0.0,-0.0,4455088000.000004,-0.2877090913448368,-0.9577178492424209,-0.0
149598886.65514427,498194941.27841103,0.0,-8.569086756005814e-05,29.779936260575607,0.0,443.4215355585464,0.0,-0.0,4455088000.000003,-0.2876522891741385,-0.9577349114096645,-0.0
149598886.34665442,498302149.04893994,0.0,-8.569239231929916e-05,29.7799362554973,0.0,443.4215355585464,0.0,-0.0,4455088000.000004,-0.28759550841654297,-0.9577519634741711,-0.0
149598886.03815907,498409356.8194506,0.0,-8.569391617603404e-05,29.779936250420906,0.0,443.42153555854645,0.0,-0.0,4455088000.000004,-0.28753874906056953,-0.9577690054437359,-0.0
149598885.72965825,498516564.589943,0.0,-8.569543913095885e-05,29.779936245346427,0.0,443.42153555854645,0.0,-0.0,4455088000.000005,-0.287482011094745,-0.9577860373261456,-0.0
149598885.42115194,498623772.3604171,0.0,-8.569696118476903e-05,29.77993624027386,0.0,443.42153555854645,0.0,-0.0,4455088000.000005,-0.2874252945076041,-0.9578030591291807,-0.0
149598885.11264014,498730980.13087296,0.0,-8.569848233815934e-05,29.779936235203202,0.0,443.4215355585465,0.0,-0.0,4455088000.000006,-0.28736859928768915,-0.9578200708606139,-0.0
149598884.80412287,498838187.90131056,0.0,-8.570000259182391e-05,29.779936230134453,0.0,443.42153555854645,0.0,-0.0,4455088000.000005,-0.28731192542354994,-0.9578370725282105,-0.0
149598884.49560013,498945395.6717299,0.0,-8.570152194645623e-05,29.779936225067612,0.0,443.4215355585464,0.0,-0.0,4455088000.000005,-0.2872552729037442,-0.9578540641397286,-0.0
149598884.18707192,499052603.44213104,0.0,-8.57030404027491e-05,29.77993622000268,0.0,443.42153555854634,0.0,-0.0,4455088000.000005,-0.2871986417168371,-0.9578710457029191,-0.0
149598883.87853825,499159811.2125139,0.0,-8.57045579613947e-05,29.779936214939653,0.0,443.4215355585464,0.0,-0.0,4455088000.000006,-0.28714203185140164,-0.9578880172255255,-0.0
149598883.5699991,499267018.9828786,0.0,-8.570607462308455e-05,29.77993620987853,0.0,443.42153555854634,0.0,-0.0,4455088000.000005,-0.2870854432960184,-0.9579049787152839,-0.0
149598883.2614545,499374226.7532251,0.0,-8.570759038850951e-05,29.779936204819318,0.0,443.42153555854634,0.0,-0.0,4455088000.000005,-0.2870288760392754,-0.9579219301799236,-0.0
149598882.95290443,499481434.5235533,0.0,-8.57091052583598e-05,29.779936199762005,0.0,443.4215355585464,0.0,-0.0,4455088000.000004,-0.2869723300697683,-0.957938871627166,-0.0
149598882.64434892,499588642.29386336,0.0,-8.5710619233325e-05,29.779936194706597,0.0,443.42153555854634,0.0,-0.0,4455088000.000004,-0.2869158053761008,-0.9579558030647257,-0.0
149598882.33578795,499695850.0641552,0.0,-8.571213231409402e-05,29.77993618965309,0.0,443.42153555854634,0.0,-0.0,4455088000.000004,-0.28685930194688375,-0.9579727245003099,-0.0
149598882.02722156,499803057.8344289,0.0,-8.571364450135514e-05,29.779936184601482,0.0,443.42153555854634,0.0,-0.0,4455088000.000004,-0.28680281977073574,-0.9579896359416185,-0.0
149598881.71864972,499910265.60468435,0.0,-8.571515579579601e-05,29.779936179551775,0.0,443.4215355585464,0.0,-0.0,4455088000.000004,-0.28674635883628324,-0.9580065373963444,-0.0
149598881.41007245,500017473.3749217,0.0,-8.571666619810359e-05,29.779936174503966,0.0,443.42153555854634,0.0,-0.0,4455088000.000004,-0.28668991913215974,-0.9580234288721732,-0.0
149598881.10148972,500124681.1451408,0.0,-8.571817570896423e-05,29.779936169458054,0.0,443.42153555854634,0.0,-0.0,4455088000.000004,-0.2866335006470068,-0.9580403103767828,-0.0
149598880.79290158,500231888.9153418,0.0,-8.571968432906363e-05,29.77993616441404,0.0,443.4215355585463,0.0,-0.0,4455088000.000004,-0.28657710336947345,-0.9580571819178447,-0.0
149598880.484308,500339096.6855246,0.0,-8.572119205908683e-05,29.77993615937192,0.0,443.4215355585464,0.0,-0.0,4455088000.000004,-0.28652072728821615,-0.9580740435030225,-0.0
149598880.175709,500446304.45568925,0.0,-8.572269889971825e-05,29.779936154331697,0.0,443.4215355585464,0.0,-0.0,4455088000.000004,-0.2864643723918991,-0.9580908951399733,-0.0
149598879.8671046,500553512.2258358,0.0,-8.572420485164165e-05,29.779936149293366,0.0,443.4215355585464,0.0,-0.0,4455088000.000006,-0.28640803866919406,-0.9581077368363463,-0.0
149598879.55849475,500660719.99596417,0.0,-8.572570991554017e-05,29.779936144256926,0.0,443.4215355585464,0.0,-0.0,4455088000.000005,-0.28635172610878024,-0.958124568599784,-0.0
149598879.24987948,500767927.7660744,0.0,-8.572721409209628e-05,29.77993613922238,0.0,443.42153555854645,0.0,-0.0,4455088000.000005,-0.2862954346993444,-0.9581413904379215,-0.0
149598878.9412588,500875135.53616655,0.0,-8.572871738199183e-05,29.77993613418972,0.0,443.42153555854645,0.0,-0.0,4455088000.000005,-0.286239164429581,-0.9581582023583869,-0.0
149598878.6326327,500982343.30624056,0.0,-8.573021978590803e-05,29.779936129158955,0.0,443.42153555854645,0.0,-0.0,4455088000.000005,-0.28618291528819184,-0.958175004368801,-0.0
149598878.32400122,501089551.07629645,0.0,-8.573172130452544e-05,29.779936124130074,0.0,443.4215355585465,0.0,-0.0,4455088000.000005,-0.2861266872638865,-0.9581917964767774,-0.0
149598878.01536432,501196758.8463343,0.0,-8.5733221938524e-05,29.77993611910308,0.0,443.4215355585464,0.0,-0.0,4455088000.000005,-0.28607048034538196,-0.958208578689923,-0.0
149598877.70672202,501303966.616354,0.0,-8.5734721688583e-05,29.779936114077973,0.0,443.4215355585464,0.0,-0.0,4455088000.000005,-0.28601429452140265,-0.9582253510158372,-0.0
149598877.39807433,501411174.38635564,0.0,-8.57362205553811e-05,29.779936109054752,0.0,443.4215355585464,0.0,-0.0,4455088000.000005,-0.2859581297806807,-0.9582421134621122,-0.0
149598877.08942124,501518382.15633917,0.0,-8.573771853959631e-05,29.779936104033414,0.0,443.4215355585464,0.0,-0.0,4455088000.000005,-0.28590198611195555,-0.9582588660363331,-0.0
149598876.78076276,501625589.92630464,0.0,-8.573921564190602e-05,29.779936099013963,0.0,443.42153555854645,0.0,-0.0,4455088000.000005,-0.2858458635039743,-0.9582756087460785,-0.0
149598876.4720989,501732797.69625205,0.0,-8.5740711862987e-05,29.77993609399639,0.0,443.4215355585464,0.0,-0.0,4455088000.000005,-0.2857897619454914,-0.9582923415989191,-0.0
149598876.16342962,501840005.4661814,0.0,-8.574220720351535e-05,29.7799360889807,0.0,443.42153555854634,0.0,-0.0,4455088000.000005,-0.2857336814252691,-0.9583090646024187,-0.0
149598875.85475498,501947213.2360927,0.0,-8.574370166416657e-05,29.77993608396689,0.0,443.4215355585464,0.0,-0.0,4455088000.000005,-0.28567762193207674,-0.9583257777641345,-0.0
149598875.54607496,502054421.0059859,0.0,-8.574519524561549e-05,29.77993607895496,0.0,443.42153555854634,0.0,-0.0,4455088000.000004,-0.28562158345469163,-0.9583424810916161,-0.0
149598875.23738956,502161628.77586114,0.0,-8.574668794853636e-05,29.77993607394491,0.0,443.4215355585464,0.0,-0.0,4455088000.000004,-0.2855655659818981,-0.9583591745924063,-0.0
149598874.9286988,502268836.5457183,0.0,-8.574817977360275e-05,29.779936068936735,0.0,443.42153555854634,0.0,-0.0,4455088000.000004,-0.285509569502488,-0.9583758582740406,-0.0
149598874.6200027,502376044.3155575,0.0,-8.574967072148762e-05,29.779936063930435,0.0,443.42153555854634,0.0,-0.0,4455088000.000004,-0.2854535940052611,-0.9583925321440477,-0.0
149598874.3113012,502483252.08537865,0.0,-8.575116079286332e-05,29.779936058926012,0.0,443.42153555854634,0.0,-0.0,4455088000.000004,-0.2853976394790242,-0.9584091962099492,-0.0
149598874.00259435,502590459.85518175,0.0,-8.575264998840152e-05,29.779936053923464,0.0,443.42153555854634,0.0,-0.0,4455088000.000005,-0.28534170591259156,-0.9584258504792597,-0.0
149598873.69388214,502697667.62496686,0.0,-8.575413830877332e-05,29.77993604892279,0.0,443.4215355585463,0.0,-0.0,4455088000.000005,-0.2852857932947851,-0.9584424949594864,-0.0
149598873.38516456,502804875.39473397,0.0,-8.575562575464917e-05,29.779936043923986,0.0,443.42153555854634,0.0,-0.0,4455088000.000005,-0.2852299016144341,-0.9584591296581301,-0.0
149598873.07644162,502912083.1644831,0.0,-8.575711232669887e-05,29.779936038927055,0.0,443.42153555854634,0.0,-0.0,4455088000.000005,-0.2851740308603753,-0.9584757545826842,-0.0
149598872.76771334,503019290.93421423,0.0,-8.575859802559163e-05,29.779936033931993,0.0,443.42153555854634,0.0,-0.0,4455088000.000005,-0.28511818102145275,-0.958492369740635,-0.0
149598872.45897973,503126498.7039274,0.0,-8.576008285199601e-05,29.7799360289388,0.0,443.4215355585463,0.0,-0.0,4455088000.000004,-0.2850623520865182,-0.9585089751394621,-0.0
149598872.15024075,503233706.4736226,0.0,-8.576156680657996e-05,29.779936023947474,0.0,443.4215355585463,0.0,-0.0,4455088000.000005,-0.2850065440444305,-0.9585255707866379,-0.0
149598871.84149644,503340914.24329984,0.0,-8.576304989001081e-05,29.77993601895802,0.0,443.4215355585463,0.0,-0.0,4455088000.000004,-0.28495075688405613,-0.958542156689628,-0.0
149598871.5327468,503448122.0129591,0.0,-8.576453210295523e-05,29.779936013970428,0.0,443.4215355585462,0.0,-0.0,4455088000.000004,-0.284894990594269,-0.958558732855891,-0.0
149598871.2239918,503555329.78260046,0.0,-8.576601344607931e-05,29.779936008984702,0.0,443.42153555854617,0.0,-0.0,4455088000.000004,-0.28483924516395026,-0.9585752992928782,-0.0
149598870.9152315,503662537.55222386,0.0,-8.57674939200485e-05,29.77993600400084,0.0,443.4215355585463,0.0,-0.0,4455088000.000005,-0.2847835205819886,-0.9585918560080343,-0.0
149598870.60646585,503769745.3218293,0.0,-8.576897352552764e-05,29.779935999018843,0.0,443.4215355585462,0.0,-0.0,4455088000.000004,-0.28472781683728005,-0.9586084030087971,-0.0
149598870.2976949,503876953.09141684,0.0,-8.577045226318094e-05,29.77993599403871,0.0,443.4215355585462,0.0,-0.0,4455088000.000004,-0.284672133918728,-0.9586249403025972,-0.0
149598869.9889186,503984160.8609864,0.0,-8.577193013367198e-05,29.779935989060437,0.0,443.4215355585462,0.0,-0.0,4455088000.000005,-0.2846164718152433,-0.958641467896858,-0.0
149598869.680137,504091368.63053805,0.0,-8.577340713766373e-05,29.779935984084023,0.0,443.4215355585463,0.0,-0.0,4455088000.000005,-0.28456083051574416,-0.958657985798997,-0.0
149598869.37135008,504198576.4000718,0.0,-8.577488327581854e-05,29.77993597910947,0.0,443.42153555854634,0.0,-0.0,4455088000.000005,-0.2845052100091563,-0.9586744940164237,-0.0
149598869.06255785,504305784.1695877,0.0,-8.577635854879817e-05,29.779935974136777,0.0,443.42153555854634,0.0,-0.0,4455088000.000005,-0.2844496102844124,-0.958690992556541,-0.0
149598868.7537603,504412991.9390856,0.0,-8.577783295726371e-05,29.779935969165937,0.0,443.4215355585462,0.0,-0.0,4455088000.000005,-0.2843940313304528,-0.9587074814267454,-0.0
149598868.44495746,504520199.70856565,0.0,-8.577930650187567e-05,29.779935964196955,0.0,443.4215355585463,0.0,-0.0,4455088000.000005,-0.28433847313622534,-0.9587239606344258,-0.0
149598868.13614932,504627407.4780278,0.0,-8.578077918329393e-05,29.779935959229828,0.0,443.4215355585463,0.0,-0.0,4455088000.000005,-0.28428293569068486,-0.9587404301869645,-0.0
149598867.82733586,504734615.2474721,0.0,-8.578225100217777e-05,29.779935954264555,0.0,443.4215355585462,0.0,-0.0,4455088000.000005,-0.28422741898279374,-0.9587568900917371,-0.0
149598867.5185171,504841823.0168985,0.0,-8.578372195918584e-05,29.779935949301137,0.0,443.42153555854617,0.0,-0.0,4455088000.000005,-0.2841719230015217,-0.9587733403561121,-0.0
149598867.20969307,504949030.78630704,0.0,-8.578519205497618e-05,29.77993594433957,0.0,443.42153555854617,0.0,-0.0,4455088000.000005,-0.2841164477358457,-0.958789780987451,-0.0
149598866.90086374,505056238.55569774,0.0,-8.578666129020622e-05,29.779935939379858,0.0,443.4215355585463,0.0,-0.0,4455088000.000006,-0.28406099317475025,-0.958806211993109,-0.0
149598866.59202912,505163446.32507056,0.0,-8.578812966553279e-05,29.779935934421992,0.0,443.4215355585462,0.0,-0.0,4455088000.000006,-0.2840055593072269,-0.9588226333804335,-0.0
149598866.2831892,505270654.09442556,0.0,-8.578959718161208e-05,29.779935929465978,0.0,443.4215355585462,0.0,-0.0,4455088000.000005,-0.28395014612227465,-0.9588390451567661,-0.0
149598865.97434402,505377861.86376274,0.0,-8.579106383909968e-05,29.77993592451181,0.0,443.42153555854617,0.0,-0.0,4455088000.000006,-0.2838947536088998,-0.9588554473294408,-0.0
149598865.66549355,505485069.6330821,0.0,-8.579252963865057e-05,29.77993591955949,0.0,443.4215355585461,0.0,-0.0,4455088000.000005,-0.28383938175611606,-0.9588718399057853,-0.0
149598865.3566378,505592277.40238357,0.0,-8.579399458091914e-05,29.77993591460902,0.0,443.42153555854617,0.0,-0.0,4455088000.000005,-0.28378403055294416,-0.9588882228931199,-0.0
149598865.0477768,505699485.1716673,0.0,-8.579545866655913e-05,29.779935909660395,0.0,443.4215355585462,0.0,-0.0,4455088000.000005,-0.2837286999884125,-0.9589045962987587,-0.0
149598864.7389105,505806692.94093317,0.0,-8.579692189622372e-05,29.779935904713614,0.0,443.4215355585462,0.0,-0.0,4455088000.000005,-0.28367339005155656,-0.9589209601300085,-0.0
149598864.43003896,505913900.71018124,0.0,-8.579838427056545e-05,29.779935899768677,0.0,443.4215355585462,0.0,-0.0,4455088000.000006,-0.28361810073141897,-0.9589373143941697,-0.0
149598864.12116215,506021108.4794115,0.0,-8.579984579023624e-05,29.77993589482558,0.0,443.42153555854617,0.0,-0.0,4455088000.000006,-0.28356283201705,-0.9589536590985356,-0.0
149598863.81228006,506128316.24862397,0.0,-8.580130645588744e-05,29.779935889884328,0.0,443.4215355585462,0.0,-0.0,4455088000.000005,-0.2835075838975068,-0.9589699942503926,-0.0
149598863.50339273,506235524.0178186,0.0,-8.580276626816978e-05,29.779935884944916,0.0,443.4215355585463,0.0,-0.0,4455088000.000006,-0.28345235636185406,-0.9589863198570209,-0.0
149598863.19450015,506342731.78699553,0.0,-8.580422522773338e-05,29.779935880007343,0.0,443.4215355585463,0.0,-0.0,4455088000.000006,-0.28339714939916366,-0.9590026359256935,-0.0
149598862.88560233,506449939.55615467,0.0,-8.580568333522774e-05,29.779935875071608,0.0,443.4215355585463,0.0,-0.0,4455088000.000006,-0.2833419629985147,-0.9590189424636765,-0.0
149598862.57669923,506557147.32529604,0.0,-8.58071405913018e-05,29.77993587013771,0.0,443.42153555854617,0.0,-0.0,4455088000.000005,-0.2832867971489935,-0.9590352394782296,-0.0
149598862.2677909,506664355.09441966,0.0,-8.580859699660385e-05,29.77993586520565,0.0,443.4215355585463,0.0,-0.0,4455088000.000007,-0.2832316518396938,-0.9590515269766055,-0.0
149598861.95887735,506771562.8635255,0.0,-8.58100525517816e-05,29.779935860275426,0.0,443.4215355585462,0.0,-0.0,4455088000.000007,-0.28317652705971647,-0.9590678049660503,-0.0
149598861.64995855,506878770.63261366,0.0,-8.581150725748218e-05,29.779935855347038,0.0,443.4215355585463,0.0,-0.0,4455088000.000006,-0.28312142279816943,-0.9590840734538031,-0.0
149598861.3410345,506985978.40168405,0.0,-8.581296111435207e-05,29.779935850420483,0.0,443.4215355585463,0.0,-0.0,4455088000.000006,-0.283066339044168,-0.959100332447097,-0.0
149598861.03210524,507093186.1707367,0.0,-8.581441412303717e-05,29.77993584549576,0.0,443.4215355585463,0.0,-0.0,4455088000.000007,-0.28301127578683505,-0.9591165819531576,-0.0
149598860.72317073,507200393.9397716,0.0,-8.58158662841828e-05,29.77993584057287,0.0,443.4215355585463,0.0,-0.0,4455088000.000007,-0.28295623301530004,-0.9591328219792039,-0.0
149598860.414231,507307601.7087888,0.0,-8.581731759843367e-05,29.77993583565181,0.0,443.4215355585463,0.0,-0.0,4455088000.000006,-0.2829012107186999,-0.9591490525324485,-0.0
149598860.10528606,507414809.4777883,0.0,-8.581876806643387e-05,29.77993583073258,0.0,443.4215355585463,0.0,-0.0,4455088000.000008,-0.28284620888617906,-0.9591652736200972,-0.0
149598859.79633588,507522017.24677014,0.0,-8.582021768882691e-05,29.77993582581518,0.0,443.42153555854634,0.0,-0.0,4455088000.000007,-0.2827912275068888,-0.9591814852493491,-0.0
149598859.48738047,507629225.01573426,0.0,-8.582166646625571e-05,29.779935820899606,0.0,443.4215355585463,0.0,-0.0,4455088000.000007,-0.28273626656998757,-0.9591976874273962,-0.0
149598859.17841986,507736432.78468066,0.0,-8.582311439936256e-05,29.779935815985862,0.0,443.4215355585464,0.0,-0.0,4455088000.000007,-0.28268132606464136,-0.9592138801614246,-0.0
149598858.86945406,507843640.5536094,0.0,-8.58245614887892e-05,29.779935811073944,0.0,443.4215355585464,0.0,-0.0,4455088000.000007,-0.282626405980023,-0.9592300634586133,-0.0
149598858.56048304,507950848.3225204,0.0,-8.582600773517674e-05,29.77993580616385,0.0,443.4215355585464,0.0,-0.0,4455088000.000008,-0.2825715063053128,-0.9592462373261345,-0.0
149598858.2515068,508058056.09141374,0.0,-8.582745313916572e-05,29.77993580125558,0.0,443.4215355585464,0.0,-0.0,4455088000.000008,-0.2825166270296978,-0.9592624017711538,-0.0
149598857.9425254,508165263.8602894,0.0,-8.582889770139607e-05,29.779935796349132,0.0,443.42153555854645,0.0,-0.0,4455088000.000008,-0.2824617681423727,-0.9592785568008307,-0.0
149598857.63353875,508272471.6291474,0.0,-8.583034142250712e-05,29.779935791444508,0.0,443.4215355585464,0.0,-0.0,4455088000.000008,-0.28240692963253905,-0.9592947024223172,-0.0
149598857.32454693,508379679.3979878,0.0,-8.583178430313764e-05,29.779935786541703,0.0,443.4215355585464,0.0,-0.0,4455088000.000008,-0.2823521114894057,-0.9593108386427592,-0.0
149598857.01554993,508486887.1668105,0.0,-8.583322634392576e-05,29.77993578164072,0.0,443.42153555854645,0.0,-0.0,4455088000.000008,-0.2822973137021885,-0.9593269654692961,-0.0
149598856.7065477,508594094.9356156,0.0,-8.583466754550904e-05,29.779935776741556,0.0,443.42153555854645,0.0,-0.0,4455088000.000008,-0.28224253626011075,-0.9593430829090602,-0.0
149598856.3975403,508701302.70440304,0.0,-8.583610790852448e-05,29.77993577184421,0.0,443.42153555854645,0.0,-0.0,4455088000.000008,-0.2821877791524025,-0.9593591909691775,-0.0
149598856.0885277,508808510.47317284,0.0,-8.583754743360844e-05,29.779935766948682,0.0,443.4215355585464,0.0,-0.0,4455088000.000007,-0.2821330423683012,-0.9593752896567674,-0.0
149598855.77950996,508915718.24192506,0.0,-8.583898612139671e-05,29.779935762054972,0.0,443.4215355585465,0.0,-0.0,4455088000.000008,-0.28207832589705145,-0.9593913789789424,-0.0
149598855.47048703,509022926.01065964,0.0,-8.584042397252452e-05,29.779935757163077,0.0,443.42153555854657,0.0,-0.0,4455088000.000008,-0.2820236297279048,-0.959407458942809,-0.0
149598855.1614589,509130133.7793766,0.0,-8.584186098762646e-05,29.779935752272994,0.0,443.4215355585465,0.0,-0.0,4455088000.000008,-0.28196895385012,-0.9594235295554664,-0.0
149598854.85242563,509237341.54807603,0.0,-8.584329716733655e-05,29.779935747384727,0.0,443.4215355585465,0.0,-0.0,4455088000.000009,-0.281914298252963,-0.9594395908240078,-0.0
149598854.54338717,509344549.3167578,0.0,-8.584473251228825e-05,29.77993574249827,0.0,443.4215355585465,0.0,-0.0,4455088000.000009,-0.28185966292570674,-0.9594556427555195,-0.0
149598854.23434356,509451757.085422,0.0,-8.584616702311442e-05,29.779935737613627,0.0,443.4215355585465,0.0,-0.0,4455088000.000009,-0.2818050478576313,-0.9594716853570814,-0.0
149598853.9252948,509558964.8540686,0.0,-8.58476007004473e-05,29.779935732730795,0.0,443.42153555854657,0.0,-0.0,4455088000.000009,-0.2817504530380239,-0.9594877186357668,-0.0
149598853.61624086,509666172.62269765,0.0,-8.58490335449186e-05,29.77993572784977,0.0,443.4215355585466,0.0,-0.0,4455088000.00001,-0.2816958784561787,-0.9595037425986424,-0.0
149598853.30718175,509773380.39130914,0.0,-8.58504655571594e-05,29.779935722970556,0.0,443.42153555854657,0.0,-0.0,4455088000.000009,-0.28164132410139725,-0.9595197572527685,-0.0
149598852.9981175,509880588.15990305,0.0,-8.585189673780023e-05,29.77993571809315,0.0,443.42153555854657,0.0,-0.0,4455088000.000009,-0.28158678996298786,-0.9595357626051987,-0.0
149598852.6890481,509987795.92847943,0.0,-8.585332708747099e-05,29.77993571321755,0.0,443.4215355585466,0.0,-0.0,4455088000.00001,-0.28153227603026615,-0.9595517586629801,-0.0
149598852.37997356,510095003.69703823,0.0,-8.585475660680106e-05,29.779935708343757,0.0,443.42153555854657,0.0,-0.0,4455088000.00001,-0.2814777822925547,-0.9595677454331534,-0.0
149598852.07089385,510202211.4655795,0.0,-8.58561852964192e-05,29.779935703471768,0.0,443.4215355585467,0.0,-0.0,4455088000.00001,-0.28142330873918314,-0.9595837229227528,-0.0
149598851.76180902,510309419.23410326,0.0,-8.585761315695358e-05,29.779935698601584,0.0,443.42153555854674,0.0,-0.0,4455088000.00001,-0.2813688553594882,-0.9595996911388058,-0.0
149598851.45271903,510416627.0026095,0.0,-8.585904018903182e-05,29.7799356937332,0.0,443.4215355585466,0.0,-0.0,4455088000.00001,-0.2813144221428136,-0.9596156500883335,-0.0
149598851.14362392,510523834.7710982,0.0,-8.586046639328094e-05,29.77993568886662,0.0,443.42153555854657,0.0,-0.0,4455088000.000009,-0.28126000907851034,-0.9596315997783504,-0.0
149598850.83452368,510631042.5395694,0.0,-8.586189177032737e-05,29.77993568400184,0.0,443.42153555854657,0.0,-0.0,4455088000.000009,-0.2812056161559362,-0.9596475402158651,-0.0
149598850.5254183,510738250.30802304,0.0,-8.586331632079699e-05,29.77993567913886,0.0,443.42153555854657,0.0,-0.0,4455088000.000009,-0.2811512433644562,-0.9596634714078787,-0.0
149598850.21630782,510845458.07645917,0.0,-8.586474004531508e-05,29.77993567427768,0.0,443.42153555854657,0.0,-0.0,4455088000.00001,-0.28109689069344207,-0.9596793933613866,-0.0
149598849.9071922,510952665.84487784,0.0,-8.586616294450637e-05,29.7799356694183,0.0,443.4215355585466,0.0,-0.0,4455088000.0000105,-0.28104255813227297,-0.9596953060833776,-0.0
149598849.59807146,511059873.613279,0.0,-8.586758501899495e-05,29.779935664560718,0.0,443.4215355585466,0.0,-0.0,4455088000.0000105,-0.28098824567033487,-0.959711209580834,-0.0
149598849.2889456,511167081.38166267,0.0,-8.586900626940442e-05,29.77993565970493,0.0,443.4215355585466,0.0,-0.0,4455088000.0000105,-0.2809339532970208,-0.9597271038607315,-0.0
149598848.97981462,511274289.1500289,0.0,-8.587042669635773e-05,29.779935654850938,0.0,443.4215355585466,0.0,-0.0,4455088000.00001,-0.2808796810017307,-0.9597429889300395,-0.0
149598848.67067853,511381496.91837764,0.0,-8.587184630047731e-05,29.77993564999874,0.0,443.4215355585467,0.0,-0.0,4455088000.0000105,-0.28082542877387184,-0.959758864795721,-0.0
149598848.36153734,511488704.6867089,0.0,-8.587326508238497e-05,29.77993564514834,0.0,443.4215355585467,0.0,-0.0,4455088000.0000105,-0.280771196602858,-0.9597747314647325,-0.0
149598848.05239102,511595912.45502275,0.0,-8.587468304270197e-05,29.779935640299726,0.0,443.4215355585466,0.0,-0.0,4455088000.000011,-0.28071698447811044,-0.959790588944024,-0.0
149598847.7432396,511703120.2233191,0.0,-8.5876100182049e-05,29.779935635452908,0.0,443.4215355585468,0.0,-0.0,4455088000.0000105,-0.28066279238905695,-0.9598064372405392,-0.0
149598847.4340831,511810327.991598,0.0,-8.587751650104617e-05,29.77993563060788,0.0,443.4215355585468,0.0,-0.0,4455088000.000011,-0.2806086203251328,-0.9598222763612155,-0.0
149598847.1249215,511917535.7598595,0.0,-8.587893200031302e-05,29.77993562576464,0.0,443.4215355585468,0.0,-0.0,4455088000.0000105,-0.28055446827577984,-0.9598381063129836,-0.0
149598846.8157548,512024743.52810353,0.0,-8.588034668046851e-05,29.77993562092319,0.0,443.42153555854674,0.0,-0.0,4455088000.000011,-0.2805003362304471,-0.9598539271027681,-0.0
149598846.506583,512131951.29633015,0.0,-8.588176054213104e-05,29.779935616083527,0.0,443.42153555854674,0.0,-0.0,4455088000.0000105,-0.2804462241785906,-0.9598697387374872,-0.0
149598846.1974061,512239159.0645394,0.0,-8.588317358591843e-05,29.77993561124565,0.0,443.42153555854674,0.0,-0.0,4455088000.0000105,-0.2803921321096733,-0.9598855412240521,-0.0
149598845.88822415,512346366.8327311,0.0,-8.588458581244794e-05,29.779935606409563,0.0,443.42153555854674,0.0,-0.0,4455088000.000011,-0.2803380600131647,-0.9599013345693688,-0.0
149598845.5790371,512453574.6009055,0.0,-8.588599722233626e-05,29.779935601575257,0.0,443.42153555854674,0.0,-0.0,4455088000.0000105,-0.280284007878542,-0.9599171187803358,-0.0
149598845.26984498,512560782.3690624,0.0,-8.588740781619952e-05,29.779935596742735,0.0,443.42153555854674,0.0,-0.0,4455088000.0000105,-0.28022997569528896,-0.959932893863846,-0.0
149598844.96064776,512667990.137202,0.0,-8.588881759465326e-05,29.779935591911997,0.0,443.4215355585467,0.0,-0.0,4455088000.0000105,-0.2801759634528962,-0.9599486598267855,-0.0
149598844.65144548,512775197.9053242,0.0,-8.589022655831247e-05,29.779935587083042,0.0,443.4215355585467,0.0,-0.0,4455088000.00001,-0.28012197114086135,-0.959964416676034,-0.0
149598844.34223813,512882405.673429,0.0,-8.589163470779155e-05,29.779935582255867,0.0,443.4215355585466,0.0,-0.0,4455088000.0000105,-0.28006799874868904,-0.9599801644184657,-0.0
149598844.0330257,512989613.44151646,0.0,-8.589304204370437e-05,29.779935577430475,0.0,443.4215355585466,0.0,-0.0,4455088000.0000105,-0.2800140462658908,-0.9599959030609472,-0.0
149598843.72380823,513096821.2095865,0.0,-8.589444856666422e-05,29.77993557260686,0.0,443.42153555854657,0.0,-0.0,4455088000.0000105,-0.2799601136819852,-0.9600116326103397,-0.0
149598843.41458568,513204028.9776392,0.0,-8.58958542772838e-05,29.779935567785024,0.0,443.42153555854657,0.0,-0.0,4455088000.0000105,-0.2799062009864975,-0.960027353073498,-0.0
149598843.10535806,513311236.74567455,0.0,-8.58972591761753e-05,29.779935562964965,0.0,443.42153555854657,0.0,-0.0,4455088000.00001,-0.2798523081689599,-0.9600430644572698,-0.0
149598842.7961254,513418444.51369256,0.0,-8.589866326395028e-05,29.779935558146683,0.0,443.42153555854657,0.0,-0.0,4455088000.00001,-0.27979843521891157,-0.9600587667684976,-0.0
149598842.4868877,513525652.2816932,0.0,-8.59000665412198e-05,29.779935553330176,0.0,443.42153555854657,0.0,-0.0,4455088000.00001,-0.27974458212589887,-0.960074460014017,-0.0
149598842.17764494,513632860.04967654,0.0,-8.590146900859431e-05,29.779935548515446,0.0,443.42153555854657,0.0,-0.0,4455088000.00001,-0.2796907488794744,-0.9600901442006572,-0.0
149598841.86839712,513740067.8176425,0.0,-8.590287066668372e-05,29.77993554370249,0.0,443.4215355585465,0.0,-0.0,4455088000.00001,-0.27963693546919854,-0.9601058193352415,-0.0
149598841.55914426,513847275.5855912,0.0,-8.590427151609739e-05,29.779935538891305,0.0,443.4215355585465,0.0,-0.0,4455088000.00001,-0.27958314188463756,-0.9601214854245866,-0.0
149598841.24988636,513954483.35352254,0.0,-8.590567155744409e-05,29.779935534081893,0.0,443.4215355585465,0.0,-0.0,4455088000.00001,-0.27952936811536533,-0.9601371424755032,-0.0
149598840.94062343,514061691.1214366,0.0,-8.590707079133205e-05,29.77993552927425,0.0,443.4215355585465,0.0,-0.0,4455088000.00001,-0.2794756141509624,-0.9601527904947953,-0.0
149598840.63135546,514168898.8893333,0.0,-8.590846921836894e-05,29.77993552446838,0.0,443.4215355585465,0.0,-0.0,4455088000.00001,-0.2794218799810161,-0.9601684294892613,-0.0
149598840.32208246,514276106.65721273,0.0,-8.590986683916187e-05,29.77993551966428,0.0,443.4215355585466,0.0,-0.0,4455088000.0000105,-0.27936816559512073,-0.960184059465693,-0.0
149598840.01280442,514383314.4250749,0.0,-8.591126365431738e-05,29.779935514861947,0.0,443.4215355585466,0.0,-0.0,4455088000.00001,-0.27931447098287726,-0.9601996804308754,-0.0
149598839.70352137,514490522.19291973,0.0,-8.591265966444148e-05,29.77993551006138,0.0,443.42153555854657,0.0,-0.0,4455088000.0000105,-0.2792607961338938,-0.9602152923915884,-0.0
149598839.3942333,514597729.9607473,0.0,-8.591405487013959e-05,29.779935505262582,0.0,443.42153555854657,0.0,-0.0,4455088000.0000105,-0.2792071410377853,-0.9602308953546049,-0.0
149598839.08494017,514704937.7285576,0.0,-8.591544927201661e-05,29.779935500465548,0.0,443.4215355585466,0.0,-0.0,4455088000.0000105,-0.27915350568417324,-0.9602464893266918,-0.0
149598838.77564204,514812145.49635065,0.0,-8.591684287067684e-05,29.77993549567028,0.0,443.4215355585466,0.0,-0.0,4455088000.00001,-0.2790998900626861,-0.9602620743146094,-0.0
149598838.4663389,514919353.2641264,0.0,-8.591823566672406e-05,29.779935490876774,0.0,443.4215355585466,0.0,-0.0,4455088000.0000105,-0.27904629416295934,-0.9602776503251126,-0.0
149598838.15703076,515026561.03188497,0.0,-8.591962766076149e-05,29.77993548608503,0.0,443.4215355585467,0.0,-0.0,4455088000.0000105,-0.2789927179746351,-0.9602932173649493,-0.0
149598837.84771758,515133768.79962623,0.0,-8.592101885339178e-05,29.77993548129505,0.0,443.4215355585466,0.0,-0.0,4455088000.0000105,-0.27893916148736236,-0.9603087754408616,-0.0
149598837.5383994,515240976.56735027,0.0,-8.592240924521704e-05,29.77993547650683,0.0,443.42153555854674,0.0,-0.0,4455088000.0000105,-0.278885624690797,-0.9603243245595854,-0.0
149598837.22907624,515348184.3350571,0.0,-8.592379883683884e-05,29.779935471720368,0.0,443.42153555854674,0.0,-0.0,4455088000.0000105,-0.27883210757460153,-0.9603398647278503,-0.0
149598836.91974807,515455392.10274667,0.0,-8.592518762885816e-05,29.779935466935665,0.0,443.4215355585467,0.0,-0.0,4455088000.000011,-0.27877861012844546,-0.9603553959523798,-0.0
149598836.6104149,515562599.870419,0.0,-8.592657562187546e-05,29.77993546215272,0.0,443.42153555854674,0.0,-0.0,4455088000.0000105,-0.2787251323420051,-0.9603709182398912,-0.0
149598836.3010767,515669807.63807416,0.0,-8.592796281649064e-05,29.779935457371533,0.0,443.4215355585467,0.0,-0.0,4455088000.0000105,-0.27867167420496336,-0.9603864315970956,-0.0
149598835.99173355,515777015.40571207,0.0,-8.592934921330306e-05,29.779935452592103,0.0,443.4215355585467,0.0,-0.0,4455088000.0000105,-0.2786182357070102,-0.960401936030698,-0.0
149598835.68238539,515884223.1733328,0.0,-8.593073481291151e-05,29.779935447814427,0.0,443.4215355585467,0.0,-0.0,4455088000.00001,-0.27856481683784207,-0.9604174315473971,-0.0
149598835.37303224,515991430.9409363,0.0,-8.593211961591425e-05,29.779935443038507,0.0,443.42153555854674,0.0,-0.0,4455088000.0000105,-0.27851141758716264,-0.960432918153886,-0.0
149598835.06367412,516098638.7085227,0.0,-8.593350362290897e-05,29.77993543826434,0.0,443.4215355585466,0.0,-0.0,4455088000.00001,-0.2784580379446818,-0.9604483958568508,-0.0
149598834.75431103,516205846.47609186,0.0,-8.593488683449283e-05,29.779935433491925,0.0,443.42153555854674,0.0,-0.0,4455088000.0000105,-0.2784046779001168,-0.9604638646629722,-0.0
149598834.44494295,516313054.2436438,0.0,-8.593626925126244e-05,29.779935428721263,0.0,443.42153555854685,0.0,-0.0,4455088000.000011,-0.2783513374431912,-0.9604793245789244,-0.0
149598834.1355699,516420262.0111786,0.0,-8.593765087381386e-05,29.77993542395235,0.0,443.4215355585468,0.0,-0.0,4455088000.0000105,-0.27829801656363545,-0.9604947756113755,-0.0
149598833.82619187,516527469.77869624,0.0,-8.59390317027426e-05,29.779935419185186,0.0,443.4215355585468,0.0,-0.0,4455088000.0000105,-0.2782447152511869,-0.9605102177669876,-0.0
149598833.51680887,516634677.5461967,0.0,-8.594041173864362e-05,29.77993541441977,0.0,443.4215355585468,0.0,-0.0,4455088000.0000105,-0.2781914334955895,-0.9605256510524168,-0.0
149598833.20742092,516741885.31368005,0.0,-8.594179098211138e-05,29.779935409656105,0.0,443.4215355585468,0.0,-0.0,4455088000.000011,-0.27813817128659385,-0.9605410754743127,-0.0
149598832.898028,516849093.08114624,0.0,-8.594316943373972e-05,29.779935404894186,0.0,443.42153555854674,0.0,-0.0,4455088000.000011,-0.2780849286139577,-0.9605564910393194,-0.0
149598832.5886301,516956300.84859526,0.0,-8.594454709412199e-05,29.77993540013401,0.0,443.4215355585467,0.0,-0.0,4455088000.000011,-0.2780317054674451,-0.9605718977540744,-0.0
149598832.27922726,517063508.6160272,0.0,-8.594592396385099e-05,29.779935395375585,0.0,443.4215355585468,0.0,-0.0,4455088000.000011,-0.27797850183682715,-0.9605872956252092,-0.0
149598831.96981946,517170716.383442,0.0,-8.594730004351896e-05,29.779935390618903,0.0,443.42153555854685,0.0,-0.0,4455088000.000011,-0.2779253177118814,-0.9606026846593496,-0.0
149598831.6604067,517277924.1508396,0.0,-8.59486753337176e-05,29.77993538586396,0.0,443.4215355585468,0.0,-0.0,4455088000.000011,-0.27787215308239227,-0.9606180648631149,-0.0
149598831.350989,517385131.91822016,0.0,-8.59500498350381e-05,29.779935381110764,0.0,443.4215355585468,0.0,-0.0,4455088000.000012,-0.2778190079381509,-0.9606334362431186,-0.0
149598831.04156637,517492339.6855836,0.0,-8.595142354807108e-05,29.779935376359308,0.0,443.4215355585468,0.0,-0.0,4455088000.000012,-0.2777658822689551,-0.9606487988059679,-0.0
149598830.73213878,517599547.4529299,0.0,-8.59527964734066e-05,29.779935371609593,0.0,443.42153555854685,0.0,-0.0,4455088000.000013,-0.2777127760646095,-0.9606641525582643,-0.0
149598830.42270625,517706755.2202592,0.0,-8.595416861163423e-05,29.77993536686162,0.0,443.4215355585469,0.0,-0.0,4455088000.000013,-0.2776596893149253,-0.9606794975066029,-0.0
149598830.11326876,517813962.98757136,0.0,-8.595553996334297e-05,29.77993536211538,0.0,443.4215355585469,0.0,-0.0,4455088000.000013,-0.27760662200972025,-0.9606948336575732,-0.0
149598829.80382636,517921170.7548664,0.0,-8.595691052912129e-05,29.77993535737088,0.0,443.42153555854685,0.0,-0.0,4455088000.000013,-0.27755357413881926,-0.9607101610177582,-0.0
149598829.494379,518028378.52214444,0.0,-8.59582803095571e-05,29.77993535262812,0.0,443.4215355585469,0.0,-0.0,4455088000.000013,-0.27750054569205346,-0.9607254795937352,-0.0
149598829.18492675,518135586.28940535,0.0,-8.595964930523781e-05,29.779935347887093,0.0,443.4215355585469,0.0,-0.0,4455088000.000013,-0.277447536659261,-0.9607407893920754,-0.0
149598828.87546954,518242794.0566492,0.0,-8.596101751675027e-05,29.7799353431478,0.0,443.4215355585469,0.0,-0.0,4455088000.000012,-0.2773945470302864,-0.9607560904193437,-0.0
149598828.5660074,518350001.823876,0.0,-8.59623849446808e-05,29.779935338410244,0.0,443.42153555854685,0.0,-0.0,4455088000.000013,-0.277341576794981,-0.9607713826820997,-0.0
149598828.25654036,518457209.5910858,0.0,-8.596375158961519e-05,29.77993533367442,0.0,443.4215355585468,0.0,-0.0,4455088000.000012,-0.27728862594320286,-0.9607866661868963,-0.0
149598827.9470684,518564417.3582785,0.0,-8.596511745213867e-05,29.77993532894033,0.0,443.42153555854685,0.0,-0.0,4455088000.000013,-0.2772356944648167,-0.9608019409402808,-0.0
149598827.6375915,518671625.1254542,0.0,-8.596648253283596e-05,29.77993532420797,0.0,443.4215355585468,0.0,-0.0,4455088000.000012,-0.2771827823496938,-0.9608172069487944,-0.0
149598827.3281097,518778832.8926128,0.0,-8.596784683229125e-05,29.77993531947734,0.0,443.4215355585468,0.0,-0.0,4455088000.000012,-0.2771298895877121,-0.9608324642189723,-0.0
149598827.018623,518886040.6597544,0.0,-8.596921035108817e-05,29.77993531474844,0.0,443.42153555854674,0.0,-0.0,4455088000.000011,-0.2770770161687563,-0.9608477127573436,-0.0
149598826.7091314,518993248.426879,0.0,-8.597057308980984e-05,29.77993531002127,0.0,443.4215355585468,0.0,-0.0,4455088000.000012,-0.2770241620827177,-0.960862952570432,-0.0
149598826.39963487,519100456.19398654,0.0,-8.597193504903884e-05,29.779935305295826,0.0,443.42153555854674,0.0,-0.0,4455088000.000011,-0.276971327319494,-0.9608781836647545,-0.0
149598826.09013346,519207663.9610771,0.0,-8.597329622935723e-05,29.77993530057211,0.0,443.42153555854674,0.0,-0.0,4455088000.000011,-0.2769185118689898,-0.9608934060468227,-0.0
149598825.78062713,519314871.72815067,0.0,-8.597465663134652e-05,29.77993529585012,0.0,443.42153555854674,0.0,-0.0,4455088000.0000105,-0.27686571572111646,-0.9609086197231421,-0.0
149598825.47111592,519422079.49520725,0.0,-8.597601625558769e-05,29.779935291129856,0.0,443.4215355585468,0.0,-0.0,4455088000.000011,-0.27681293886579145,-0.9609238247002119,-0.0
149598825.1615998,519529287.26224685,0.0,-8.597737510266119e-05,29.779935286411316,0.0,443.42153555854674,0.0,-0.0,4455088000.000011,-0.27676018129293933,-0.9609390209845261,-0.0
149598824.85207883,519636495.02926946,0.0,-8.597873317314696e-05,29.7799352816945,0.0,443.4215355585467,0.0,-0.0,4455088000.000011,-0.276707442992491,-0.960954208582572,-0.0
149598824.54255295,519743702.7962751,0.0,-8.59800904676244e-05,29.779935276979405,0.0,443.42153555854674,0.0,-0.0,4455088000.000011,-0.27665472395438445,-0.9609693875008316,-0.0
149598824.23302218,519850910.5632637,0.0,-8.598144698667237e-05,29.779935272266034,0.0,443.42153555854674,0.0,-0.0,4455088000.000011,-0.27660202416856333,-0.9609845577457806,-0.0
149598823.92348653,519958118.33023536,0.0,-8.598280273086922e-05,29.779935267554382,0.0,443.42153555854674,0.0,-0.0,4455088000.000011,-0.2765493436249788,-0.9609997193238891,-0.0
149598823.613946,520065326.0971901,0.0,-8.598415770079277e-05,29.77993526284445,0.0,443.42153555854674,0.0,-0.0,4455088000.000011,-0.2764966823135881,-0.9610148722416207,-0.0
149598823.3044006,520172533.8641279,0.0,-8.59855118970203e-05,29.779935258136238,0.0,443.42153555854674,0.0,-0.0,4455088000.000011,-0.27644404022435526,-0.9610300165054342,-0.0
149598822.9948503,520279741.6310487,0.0,-8.598686532012857e-05,29.779935253429745,0.0,443.4215355585468,0.0,-0.0,4455088000.000011,-0.2763914173472508,-0.9610451521217813,-0.0
149598822.68529516,520386949.39795256,0.0,-8.598821797069381e-05,29.779935248724968,0.0,443.4215355585468,0.0,-0.0,4455088000.000011,-0.27633881367225205,-0.9610602790971087,-0.0
149598822.37573513,520494157.1648395,0.0,-8.598956984929176e-05,29.779935244021907,0.0,443.4215355585468,0.0,-0.0,4455088000.000011,-0.2762862291893425,-0.9610753974378566,-0.0
149598822.06617025,520601364.9317095,0.0,-8.599092095649758e-05,29.77993523932056,0.0,443.42153555854685,0.0,-0.0,4455088000.000011,-0.27623366388851245,-0.9610905071504598,-0.0
149598821.7566005,520708572.6985626,0.0,-8.599227129288594e-05,29.77993523462093,0.0,443.4215355585468,0.0,-0.0,4455088000.000011,-0.2761811177597588,-0.9611056082413474,-0.0
149598821.4470259,520815780.4653988,0.0,-8.599362085903099e-05,29.779935229923012,0.0,443.42153555854685,0.0,-0.0,4455088000.000011,-0.276128590793085,-0.9611207007169417,-0.0
149598821.13744643,520922988.2322181,0.0,-8.599496965550634e-05,29.779935225226808,0.0,443.42153555854685,0.0,-0.0,4455088000.000011,-0.27607608297850084,-0.9611357845836601,-0.0
149598820.8278621,521030195.99902046,0.0,-8.599631768288508e-05,29.779935220532316,0.0,443.4215355585469,0.0,-0.0,4455088000.000012,-0.27602359430602286,-0.9611508598479139,-0.0
149598820.51827294,521137403.7658059,0.0,-8.59976649417398e-05,29.779935215839533,0.0,443.4215355585469,0.0,-0.0,4455088000.000011,-0.2759711247656742,-0.9611659265161082,-0.0
149598820.20867893,521244611.5325745,0.0,-8.599901143264254e-05,29.77993521114846,0.0,443.42153555854685,0.0,-0.0,4455088000.000011,-0.2759186743474843,-0.9611809845946427,-0.0
149598819.89908007,521351819.2993262,0.0,-8.600035715616484e-05,29.779935206459093,0.0,443.4215355585468,0.0,-0.0,4455088000.000011,-0.27586624304148927,-0.9611960340899113,-0.0
149598819.58947635,521459027.066061,0.0,-8.60017021128777e-05,29.779935201771437,0.0,443.4215355585468,0.0,-0.0,4455088000.0000105,-0.2758138308377318,-0.9612110750083017,-0.0
149598819.2798678,521566234.832779,0.0,-8.600304630335163e-05,29.77993519708549,0.0,443.4215355585468,0.0,-0.0,4455088000.000011,-0.27576143772626094,-0.9612261073561961,-0.0
149598818.97025442,521673442.5994801,0.0,-8.600438972815658e-05,29.779935192401247,0.0,443.4215355585468,0.0,-0.0,4455088000.0000105,-0.27570906369713244,-0.9612411311399708,-0.0
149598818.6606362,521780650.3661643,0.0,-8.600573238786203e-05,29.77993518771871,0.0,443.42153555854674,0.0,-0.0,4455088000.0000105,-0.2756567087404085,-0.9612561463659963,-0.0
149598818.35101312,521887858.1328317,0.0,-8.600707428303691e-05,29.77993518303788,0.0,443.4215355585468,0.0,-0.0,4455088000.0000105,-0.2756043728461576,-0.9612711530406373,-0.0
149598818.04138523,521995065.8994822,0.0,-8.600841541424964e-05,29.779935178358752,0.0,443.4215355585468,0.0,-0.0,4455088000.0000105,-0.2755520560044551,-0.9612861511702526,-0.0
149598817.7317525,522102273.6661159,0.0,-8.600975578206811e-05,29.779935173681327,0.0,443.4215355585468,0.0,-0.0,4455088000.00001,-0.27549975820538264,-0.9613011407611954,-0.0
149598817.42211497,522209481.4327327,0.0,-8.601109538705973e-05,29.779935169005604,0.0,443.4215355585468,0.0,-0.0,4455088000.00001,-0.2754474794390284,-0.9613161218198133,-0.0
149598817.11247262,522316689.1993327,0.0,-8.601243422979135e-05,29.779935164331583,0.0,443.4215355585468,0.0,-0.0,4455088000.00001,-0.275395219695487,-0.9613310943524476,-0.0
149598816.80282545,522423896.9659159,0.0,-8.601377231082936e-05,29.77993515965926,0.0,443.42153555854674,0.0,-0.0,4455088000.00001,-0.27534297896485965,-0.9613460583654342,-0.0
149598816.49317345,522531104.73248225,0.0,-8.601510963073958e-05,29.77993515498864,0.0,443.4215355585468,0.0,-0.0,4455088000.00001,-0.27529075723725394,-0.9613610138651033,-0.0
149598816.18351665,522638312.4990318,0.0,-8.601644619008734e-05,29.779935150319716,0.0,443.42153555854685,0.0,-0.0,4455088000.00001,-0.2752385545027839,-0.9613759608577791,-0.0
149598815.87385505,522745520.26556456,0.0,-8.601778198943746e-05,29.77993514565249,0.0,443.4215355585469,0.0,-0.0,4455088000.0000105,-0.27518637075157015,-0.9613908993497803,-0.0
149598815.56418863,522852728.03208053,0.0,-8.601911702935424e-05,29.77993514098696,0.0,443.42153555854685,0.0,-0.0,4455088000.00001,-0.27513420597373967,-0.9614058293474197,-0.0
149598815.2545174,522959935.7985797,0.0,-8.602045131040148e-05,29.77993513632313,0.0,443.42153555854685,0.0,-0.0,4455088000.0000105,-0.27508206015942593,-0.9614207508570043,-0.0
149598814.94484138,523067143.56506205,0.0,-8.602178483314244e-05,29.77993513166099,0.0,443.42153555854696,0.0,-0.0,4455088000.0000105,-0.27502993329876885,-0.9614356638848357,-0.0
149598814.63516057,523174351.33152765,0.0,-8.602311759813991e-05,29.779935127000545,0.0,443.42153555854685,0.0,-0.0,4455088000.0000105,-0.2749778253819149,-0.9614505684372094,-0.0
149598814.32547495,523281559.09797645,0.0,-8.602444960595613e-05,29.779935122341794,0.0,443.4215355585469,0.0,-0.0,4455088000.0000105,-0.27492573639901674,-0.9614654645204155,-0.0
149598814.01578453,523388766.8644085,0.0,-8.602578085715285e-05,29.779935117684733,0.0,443.42153555854685,0.0,-0.0,4455088000.0000105,-0.27487366634023386,-0.9614803521407381,-0.0
149598813.70608932,523495974.6308238,0.0,-8.602711135229133e-05,29.779935113029364,0.0,443.4215355585468,0.0,-0.0,4455088000.0000105,-0.2748216151957318,-0.9614952313044559,-0.0
149598813.39638934,523603182.39722234,0.0,-8.602844109193226e-05,29.779935108375685,0.0,443.4215355585468,0.0,-0.0,4455088000.0000105,-0.2747695829556826,-0.9615101020178417,-0.0
149598813.08668455,523710390.16360414,0.0,-8.60297700766359e-05,29.779935103723698,0.0,443.4215355585468,0.0,-0.0,4455088000.00001,-0.27471756961026483,-0.9615249642871626,-0.0
149598812.776975,523817597.9299692,0.0,-8.603109830696193e-05,29.7799350990734,0.0,443.4215355585468,0.0,-0.0,4455088000.0000105,-0.2746655751496636,-0.9615398181186802,-0.0
149598812.46726066,523924805.6963175,0.0,-8.603242578346956e-05,29.779935094424786,0.0,443.42153555854674,0.0,-0.0,4455088000.0000105,-0.2746135995640704,-0.9615546635186502,-0.0
149598812.15754154,524032013.46264905,0.0,-8.603375250671751e-05,29.77993508977786,0.0,443.42153555854674,0.0,-0.0,4455088000.0000105,-0.2745616428436825,-0.9615695004933227,-0.0
149598811.84781766,524139221.2289639,0.0,-8.603507847726395e-05,29.779935085132625,0.0,443.42153555854674,0.0,-0.0,4455088000.0000105,-0.27450970497870464,-0.9615843290489423,-0.0
149598811.53808898,524246428.995262,0.0,-8.603640369566658e-05,29.77993508048907,0.0,443.42153555854674,0.0,-0.0,4455088000.0000105,-0.274457785959347,-0.9615991491917477,-0.0
149598811.22835553,524353636.76154345,0.0,-8.603772816248257e-05,29.779935075847202,0.0,443.42153555854674,0.0,-0.0,4455088000.00001,-0.27440588577582686,-0.9616139609279724,-0.0
149598810.9186173,524460844.5278081,0.0,-8.60390518782686e-05,29.779935071207017,0.0,443.42153555854674,0.0,-0.0,4455088000.00001,-0.2743540044183674,-0.9616287642638434,-0.0
149598810.60887435,524568052.2940561,0.0,-8.604037484358084e-05,29.779935066568516,0.0,443.42153555854674,0.0,-0.0,4455088000.0000105,-0.2743021418771984,-0.9616435592055829,-0.0
149598810.29912663,524675260.0602874,0.0,-8.604169705897497e-05,29.779935061931695,0.0,443.42153555854674,0.0,-0.0,4455088000.00001,-0.27425029814255625,-0.9616583457594069,-0.0
149598809.98937413,524782467.826502,0.0,-8.604301852500613e-05,29.779935057296555,0.0,443.42153555854674,0.0,-0.0,4455088000.00001,-0.27419847320468316,-0.9616731239315263,-0.0
149598809.6796169,524889675.59269994,0.0,-8.604433924222901e-05,29.779935052663095,0.0,443.42153555854674,0.0,-0.0,4455088000.0000105,-0.2741466670538281,-0.9616878937281458,-0.0
149598809.3698549,524996883.3588812,0.0,-8.604565921119776e-05,29.779935048031316,0.0,443.42153555854674,0.0,-0.0,4455088000.00001,-0.27409487968024643,-0.961702655155465,-0.0
149598809.06008816,525104091.1250458,0.0,-8.604697843246604e-05,29.779935043401213,0.0,443.42153555854674,0.0,-0.0,4455088000.0000105,-0.2740431110741996,-0.9617174082196775,-0.0
149598808.75031665,525211298.8911937,0.0,-8.604829690658699e-05,29.779935038772788,0.0,443.42153555854674,0.0,-0.0,4455088000.00001,-0.2739913612259556,-0.9617321529269716,-0.0
149598808.4405404,525318506.65732497,0.0,-8.604961463411329e-05,29.77993503414604,0.0,443.4215355585467,0.0,-0.0,4455088000.00001,-0.27393963012578887,-0.9617468892835298,-0.0
149598808.13075942,525425714.42343956,0.0,-8.605093161559709e-05,29.779935029520967,0.0,443.42153555854674,0.0,-0.0,4455088000.00001,-0.2738879177639799,-0.9617616172955289,-0.0
149598807.8209737,525532922.1895375,0.0,-8.605224785159005e-05,29.77993502489757,0.0,443.4215355585467,0.0,-0.0,4455088000.000009,-0.27383622413081593,-0.9617763369691404,-0.0
149598807.51118323,525640129.95561886,0.0,-8.605356334264334e-05,29.779935020275843,0.0,443.4215355585466,0.0,-0.0,4455088000.00001,-0.27378454921659007,-0.9617910483105302,-0.0
149598807.20138803,525747337.72168356,0.0,-8.60548780893076e-05,29.77993501565579,0.0,443.42153555854657,0.0,-0.0,4455088000.000009,-0.2737328930116021,-0.9618057513258583,-0.0
149598806.8915881,525854545.48773164,0.0,-8.605619209213302e-05,29.779935011037413,0.0,443.4215355585466,0.0,-0.0,4455088000.000008,-0.273681255506158,-0.9618204460212795,-0.0
149598806.58178344,525961753.2537631,0.0,-8.605750535166924e-05,29.779935006420704,0.0,443.42153555854657,0.0,-0.0,4455088000.000008,-0.2736296366905702,-0.9618351324029429,-0.0
149598806.27197406,526068961.0197779,0.0,-8.605881786846544e-05,29.77993500180567,0.0,443.4215355585466,0.0,-0.0,4455088000.000009,-0.2735780365551572,-0.9618498104769918,-0.0
149598805.96215996,526176168.7857761,0.0,-8.60601296430703e-05,29.779934997192303,0.0,443.4215355585466,0.0,-0.0,4455088000.000009,-0.273526455090244,-0.9618644802495644,-0.0
149598805.65234113,526283376.5517577,0.0,-8.606144067603199e-05,29.779934992580603,0.0,443.4215355585466,0.0,-0.0,4455088000.000009,-0.2734748922861619,-0.9618791417267931,-0.0
149598805.34251758,526390584.3177227,0.0,-8.60627509678982e-05,29.779934987970574,0.0,443.4215355585466,0.0,-0.0,4455088000.000009,-0.2734233481332485,-0.9618937949148048,-0.0
149598805.03268933,526497792.0836711,0.0,-8.60640605192161e-05,29.77993498336221,0.0,443.4215355585466,0.0,-0.0,4455088000.000009,-0.2733718226218475,-0.9619084398197205,-0.0
149598804.72285637,526604999.8496029,0.0,-8.60653693305324e-05,29.779934978755513,0.0,443.4215355585466,0.0,-0.0,4455088000.000009,-0.2733203157423093,-0.9619230764476567,-0.0
149598804.41301867,526712207.6155181,0.0,-8.606667740239329e-05,29.779934974150482,0.0,443.4215355585467,0.0,-0.0,4455088000.000009,-0.2732688274849902,-0.9619377048047232,-0.0
149598804.1031763,526819415.38141674,0.0,-8.606798473534448e-05,29.779934969547114,0.0,443.4215355585466,0.0,-0.0,4455088000.00001,-0.273217357840253,-0.9619523248970248,-0.0
149598803.7933292,526926623.1472988,0.0,-8.60692913299312e-05,29.779934964945408,0.0,443.4215355585466,0.0,-0.0,4455088000.00001,-0.2731659067984666,-0.9619669367306609,-0.0
149598803.4834774,527033830.9131643,0.0,-8.607059718669816e-05,29.779934960345365,0.0,443.42153555854657,0.0,-0.0,4455088000.00001,-0.27311447435000635,-0.9619815403117254,-0.0
149598803.1736209,527141038.6790133,0.0,-8.607190230618959e-05,29.779934955746985,0.0,443.4215355585465,0.0,-0.0,4455088000.000009,-0.2730630604852539,-0.9619961356463064,-0.0
149598802.86375973,527248246.44484574,0.0,-8.607320668894923e-05,29.779934951150267,0.0,443.42153555854657,0.0,-0.0,4455088000.00001,-0.27301166519459696,-0.9620107227404866,-0.0
149598802.55389383,527355454.2106616,0.0,-8.607451033552033e-05,29.77993494655521,0.0,443.42153555854657,0.0,-0.0,4455088000.00001,-0.2729602884684296,-0.9620253016003434,-0.0
149598802.24402326,527462661.97646093,0.0,-8.607581324644565e-05,29.77993494196181,0.0,443.4215355585465,0.0,-0.0,4455088000.00001,-0.2729089302971523,-0.9620398722319486,-0.0
149598801.93414798,527569869.7422437,0.0,-8.607711542226747e-05,29.77993493737007,0.0,443.4215355585466,0.0,-0.0,4455088000.00001,-0.2728575906711716,-0.9620544346413686,-0.0
149598801.62426803,527677077.50800997,0.0,-8.607841686352755e-05,29.779934932779984,0.0,443.4215355585465,0.0,-0.0,4455088000.000009,-0.27280626958090026,-0.9620689888346642,-0.0
149598801.3143834,527784285.2737597,0.0,-8.607971757076721e-05,29.779934928191558,0.0,443.42153555854657,0.0,-0.0,4455088000.00001,-0.2727549670167574,-0.9620835348178907,-0.0
149598801.00449407,527891493.03949296,0.0,-8.608101754452724e-05,29.779934923604788,0.0,443.4215355585466,0.0,-0.0,4455088000.0000105,-0.27270368296916836,-0.9620980725970982,-0.0
149598800.69460008,527998700.8052097,0.0,-8.608231678534795e-05,29.779934919019674,0.0,443.4215355585466,0.0,-0.0,4455088000.0000105,-0.2726524174285648,-0.9621126021783312,-0.0
149598800.3847014,528105908.5709099,0.0,-8.608361529376918e-05,29.77993491443621,0.0,443.42153555854657,0.0,-0.0,4455088000.0000105,-0.27260117038538434,-0.9621271235676285,-0.0
149598800.07479805,528213116.3365936,0.0,-8.608491307033028e-05,29.779934909854404,0.0,443.42153555854657,0.0,-0.0,4455088000.0000105,-0.27254994183007103,-0.9621416367710239,-0.0
149598799.76489002,528320324.1022609,0.0,-8.60862101155701e-05,29.77993490527425,0.0,443.42153555854657,0.0,-0.0,4455088000.0000105,-0.2724987317530751,-0.9621561417945457,-0.0
149598799.45497733,528427531.86791164,0.0,-8.608750643002703e-05,29.779934900695746,0.0,443.4215355585466,0.0,-0.0,4455088000.000011,-0.27244754014485295,-0.9621706386442161,-0.0
149598799.14505997,528534739.6335459,0.0,-8.608880201423894e-05,29.779934896118892,0.0,443.4215355585466,0.0,-0.0,4455088000.0000105,-0.27239636699586733,-0.962185127326053,-0.0
149598798.83513796,528641947.39916366,0.0,-8.609009686874324e-05,29.77993489154369,0.0,443.4215355585467,0.0,-0.0,4455088000.0000105,-0.27234521229658704,-0.962199607846068,-0.0
149598798.52521127,528749155.164765,0.0,-8.609139099407685e-05,29.779934886970135,0.0,443.4215355585467,0.0,-0.0,4455088000.0000105,-0.27229407603748707,-0.9622140802102676,-0.0
149598798.21527994,528856362.9303499,0.0,-8.609268439077622e-05,29.77993488239823,0.0,443.42153555854674,0.0,-0.0,4455088000.0000105,-0.27224295820904876,-0.9622285444246529,-0.0
149598797.90534395,528963570.6959183,0.0,-8.609397705937728e-05,29.77993487782797,0.0,443.42153555854674,0.0,-0.0,4455088000.0000105,-0.27219185880175945,-0.9622430004952196,-0.0
149598797.5954033,529070778.4614703,0.0,-8.609526900041552e-05,29.779934873259357,0.0,443.42153555854674,0.0,-0.0,4455088000.0000105,-0.27214077780611284,-0.9622574484279578,-0.0
149598797.28545803,529177986.22700584,0.0,-8.609656021442594e-05,29.77993486869239,0.0,443.42153555854674,0.0,-0.0,4455088000.000011,-0.27208971521260883,-0.9622718882288527,-0.0
149598796.9755081,529285193.9925249,0.0,-8.609785070194302e-05,29.779934864127068,0.0,443.4215355585467,0.0,-0.0,4455088000.000011,-0.2720386710117531,-0.9622863199038835,-0.0
149598796.6655535,529392401.75802755,0.0,-8.609914046350082e-05,29.77993485956339,0.0,443.42153555854674,0.0,-0.0,4455088000.000012,-0.27198764519405816,-0.9623007434590244,-0.0
149598796.35559428,529499609.5235138,0.0,-8.610042949963286e-05,29.779934855001354,0.0,443.42153555854674,0.0,-0.0,4455088000.000011,-0.271936637750042,-0.9623151589002443,-0.0
149598796.04563043,529606817.2889836,0.0,-8.610171781087223e-05,29.77993485044096,0.0,443.4215355585467,0.0,-0.0,4455088000.000011,-0.27188564867022935,-0.9623295662335063,-0.0
149598795.73566192,529714025.054437,0.0,-8.610300539775151e-05,29.779934845882206,0.0,443.4215355585467,0.0,-0.0,4455088000.000011,-0.27183467794515076,-0.9623439654647689,-0.0
149598795.42568877,529821232.8198739,0.0,-8.610429226080281e-05,29.779934841325094,0.0,443.4215355585467,0.0,-0.0,4455088000.0000105,-0.271783725565343,-0.9623583565999841,-0.0
149598795.115711,529928440.5852945,0.0,-8.610557840055777e-05,29.779934836769623,0.0,443.4215355585467,0.0,-0.0,4455088000.000011,-0.2717327915213491,-0.9623727396450998,-0.0
149598794.8057286,530035648.35069865,0.0,-8.610686381754755e-05,29.77993483221579,0.0,443.42153555854674,0.0,-0.0,4455088000.000011,-0.27168187580371794,-0.9623871146060576,-0.0
149598794.4957416,530142856.1160864,0.0,-8.610814851230282e-05,29.779934827663595,0.0,443.4215355585467,0.0,-0.0,4455088000.000011,-0.27163097840300504,-0.9624014814887943,-0.0
149598794.18574995,530250063.8814578,0.0,-8.610943248535378e-05,29.779934823113038,0.0,443.42153555854674,0.0,-0.0,4455088000.000011,-0.2715800993097715,-0.9624158402992412,-0.0
149598793.87575367,530357271.6468128,0.0,-8.611071573723014e-05,29.779934818564115,0.0,443.4215355585467,0.0,-0.0,4455088000.0000105,-0.27152923851458494,-0.9624301910433243,-0.0
149598793.56575277,530464479.41215146,0.0,-8.611199826846118e-05,29.77993481401683,0.0,443.4215355585467,0.0,-0.0,4455088000.0000105,-0.271478396008019,-0.962444533726964,-0.0
149598793.25574726,530571687.1774737,0.0,-8.611328007957567e-05,29.77993480947118,0.0,443.4215355585467,0.0,-0.0,4455088000.0000105,-0.2714275717806533,-0.962458868356076,-0.0
149598792.94573715,530678894.94277966,0.0,-8.611456117110189e-05,29.779934804927162,0.0,443.4215355585467,0.0,-0.0,4455088000.0000105,-0.2713767658230738,-0.9624731949365699,-0.0
149598792.63572243,530786102.7080692,0.0,-8.611584154356769e-05,29.779934800384776,0.0,443.4215355585467,0.0,-0.0,4455088000.0000105,-0.27132597812587245,-0.9624875134743507,-0.0
149598792.32570308,530893310.4733424,0.0,-8.611712119750039e-05,29.779934795844024,0.0,443.4215355585467,0.0,-0.0,4455088000.0000105,-0.27127520867964733,-0.9625018239753179,-0.0
149598792.01567915,531000518.2385993,0.0,-8.611840013342688e-05,29.779934791304903,0.0,443.4215355585467,0.0,-0.0,4455088000.0000105,-0.2712244574750025,-0.9625161264453654,-0.0
149598791.7056506,531107726.00383985,0.0,-8.61196783518736e-05,29.779934786767413,0.0,443.42153555854674,0.0,-0.0,4455088000.00001,-0.27117372450254845,-0.962530420890382,-0.0
149598791.39561746,531214933.76906407,0.0,-8.612095585336644e-05,29.779934782231553,0.0,443.4215355585468,0.0,-0.0,4455088000.0000105,-0.27112300975290127,-0.9625447073162514,-0.0
149598791.08557972,531322141.53427196,0.0,-8.612223263843087e-05,29.77993477769732,0.0,443.4215355585468,0.0,-0.0,4455088000.0000105,-0.2710723132166837,-0.9625589857288519,-0.0
149598790.7755374,531429349.2994635,0.0,-8.61235087075919e-05,29.779934773164715,0.0,443.4215355585468,0.0,-0.0,4455088000.000011,-0.27102163488452413,-0.9625732561340563,-0.0
149598790.46549046,531536557.06463873,0.0,-8.612478406137403e-05,29.779934768633737,0.0,443.4215355585468,0.0,-0.0,4455088000.0000105,-0.2709709747470572,-0.9625875185377326,-0.0
149598790.15543893,531643764.8297977,0.0,-8.612605870030133e-05,29.779934764104386,0.0,443.42153555854674,0.0,-0.0,4455088000.00001,-0.2709203327949236,-0.9626017729457431,-0.0
149598789.84538284,531750972.5949403,0.0,-8.612733262489736e-05,29.77993475957666,0.0,443.42153555854674,0.0,-0.0,4455088000.0000105,-0.27086970901877006,-0.9626160193639449,-0.0
149598789.53532216,531858180.36006665,0.0,-8.612860583568525e-05,29.779934755050558,0.0,443.4215355585468,0.0,-0.0,4455088000.000011,-0.2708191034092495,-0.9626302577981902,-0.0
149598789.2252569,531965388.12517667,0.0,-8.612987833318764e-05,29.77993475052608,0.0,443.42153555854685,0.0,-0.0,4455088000.000011,-0.2707685159570208,-0.9626444882543256,-0.0
149598788.91518703,532072595.8902704,0.0,-8.61311501179267e-05,29.779934746003224,0.0,443.42153555854674,0.0,-0.0,4455088000.0000105,-0.2707179466527489,-0.9626587107381928,-0.0
149598788.6051126,532179803.6553479,0.0,-8.613242119042413e-05,29.77993474148199,0.0,443.4215355585467,0.0,-0.0,4455088000.0000105,-0.2706673954871047,-0.9626729252556276,-0.0
149598788.2950336,532287011.4204091,0.0,-8.613369155120116e-05,29.779934736962378,0.0,443.4215355585467,0.0,-0.0,4455088000.0000105,-0.2706168624507654,-0.9626871318124615,-0.0
149598787.98495004,532394219.185454,0.0,-8.613496120077858e-05,29.779934732444385,0.0,443.4215355585466,0.0,-0.0,4455088000.0000105,-0.27056634753441394,-0.96270133041452,-0.0
149598787.67486188,532501426.95048267,0.0,-8.61362301396767e-05,29.779934727928012,0.0,443.42153555854657,0.0,-0.0,4455088000.00001,-0.27051585072873957,-0.9627155210676237,-0.0
149598787.36476916,532608634.7154951,0.0,-8.613749836841535e-05,29.77993472341326,0.0,443.4215355585466,0.0,-0.0,4455088000.00001,-0.2704653720244374,-0.9627297037775882,-0.0
149598787.05467188,532715842.4804913,0.0,-8.613876588751391e-05,29.779934718900122,0.0,443.42153555854657,0.0,-0.0,4455088000.00001,-0.27041491141220864,-0.9627438785502235,-0.0
149598786.74457005,532823050.2454712,0.0,-8.614003269749129e-05,29.779934714388606,0.0,443.4215355585466,0.0,-0.0,4455088000.00001,-0.27036446888276056,-0.9627580453913345,-0.0
149598786.43446365,532930258.01043487,0.0,-8.614129879886594e-05,29.779934709878702,0.0,443.42153555854657,0.0,-0.0,4455088000.00001,-0.27031404442680634,-0.9627722043067211,-0.0
149598786.1243527,533037465.77538234,0.0,-8.614256419215583e-05,29.779934705370415,0.0,443.4215355585465,0.0,-0.0,4455088000.00001,-0.27026363803506537,-0.9627863553021777,-0.0
149598785.81423718,533144673.54031354,0.0,-8.614382887787849e-05,29.779934700863745,0.0,443.4215355585466,0.0,-0.0,4455088000.00001,-0.2702132496982626,-0.962800498383494,-0.0
149598785.50411713,533251881.30522853,0.0,-8.614509285655096e-05,29.779934696358687,0.0,443.4215355585466,0.0,-0.0,4455088000.00001,-0.27016287940712963,-0.962814633556454,-0.0
149598785.19399253,533359089.0701273,0.0,-8.614635612868985e-05,29.779934691855242,0.0,443.4215355585466,0.0,-0.0,4455088000.0000105,-0.27011252715240364,-0.9628287608268368,-0.0
149598784.88386336,533466296.8350099,0.0,-8.614761869481129e-05,29.77993468735341,0.0,443.4215355585466,0.0,-0.0,4455088000.0000105,-0.2700621929248278,-0.9628428802004162,-0.0
149598784.57372966,533573504.5998762,0.0,-8.614888055543094e-05,29.779934682853188,0.0,443.4215355585466,0.0,-0.0,4455088000.0000105,-0.27001187671515153,-0.9628569916829611,-0.0
149598784.26359144,533680712.3647264,0.0,-8.615014171106403e-05,29.779934678354575,0.0,443.4215355585466,0.0,-0.0,4455088000.0000105,-0.26996157851413,-0.9628710952802348,-0.0
149598783.95344865,533787920.1295604,0.0,-8.61514021622253e-05,29.77993467385757,0.0,443.42153555854657,0.0,-0.0,4455088000.00001,-0.2699112983125245,-0.9628851909979961,-0.0
149598783.64330134,533895127.8943782,0.0,-8.615266190942903e-05,29.779934669362177,0.0,443.4215355585465,0.0,-0.0,4455088000.00001,-0.26986103610110224,-0.9628992788419979,-0.0
149598783.3331495,534002335.6591798,0.0,-8.615392095318905e-05,29.779934664868392,0.0,443.4215355585465,0.0,-0.0,4455088000.00001,-0.26981079187063634,-0.9629133588179885,-0.0
149598783.02299312,534109543.4239653,0.0,-8.615517929401874e-05,29.779934660376213,0.0,443.4215355585465,0.0,-0.0,4455088000.00001,-0.26976056561190614,-0.9629274309317107,-0.0
149598782.7128322,534216751.18873453,0.0,-8.615643693243101e-05,29.77993465588564,0.0,443.4215355585465,0.0,-0.0,4455088000.00001,-0.2697103573156966,-0.9629414951889027,-0.0
149598782.40266678,534323958.95348763,0.0,-8.615769386893831e-05,29.779934651396673,0.0,443.42153555854645,0.0,-0.0,4455088000.000009,-0.2696601669727988,-0.9629555515952968,-0.0
149598782.0924968,534431166.7182246,0.0,-8.615895010405264e-05,29.77993464690931,0.0,443.4215355585465,0.0,-0.0,4455088000.000009,-0.26960999457401,-0.9629696001566209,-0.0
149598781.78232232,534538374.4829454,0.0,-8.616020563828554e-05,29.77993464242355,0.0,443.42153555854645,0.0,-0.0,4455088000.000009,-0.2695598401101331,-0.9629836408785974,-0.0
149598781.47214332,534645582.24765,0.0,-8.616146047214809e-05,29.779934637939398,0.0,443.42153555854645,0.0,-0.0,4455088000.000009,-0.269509703571977,-0.9629976737669438,-0.0
149598781.1619598,534752790.0123385,0.0,-8.616271460615093e-05,29.779934633456847,0.0,443.4215355585465,0.0,-0.0,4455088000.000009,-0.26945958495035666,-0.9630116988273723,-0.0
149598780.85177177,534859997.7770109,0.0,-8.616396804080421e-05,29.779934628975894,0.0,443.42153555854645,0.0,-0.0,4455088000.000009,-0.26940948423609284,-0.9630257160655901,-0.0
149598780.54157925,534967205.54166716,0.0,-8.616522077661766e-05,29.779934624496544,0.0,443.42153555854645,0.0,-0.0,4455088000.000009,-0.2693594014200125,-0.9630397254872992,-0.0
149598780.2313822,535074413.3063073,0.0,-8.616647281410055e-05,29.779934620018793,0.0,443.4215355585465,0.0,-0.0,4455088000.00001,-0.26930933649294836,-0.9630537270981966,-0.0
149598779.92118064,535181621.0709313,0.0,-8.616772415376167e-05,29.77993461554264,0.0,443.42153555854645,0.0,-0.0,4455088000.000009,-0.2692592894457386,-0.9630677209039745,-0.0
149598779.61097458,535288828.8355392,0.0,-8.616897479610937e-05,29.779934611068086,0.0,443.42153555854645,0.0,-0.0,4455088000.000009,-0.26920926026922837,-0.9630817069103197,-0.0
149598779.30076402,535396036.60013103,0.0,-8.617022474165157e-05,29.77993460659513,0.0,443.4215355585465,0.0,-0.0,4455088000.00001,-0.2691592489542678,-0.9630956851229137,-0.0
149598778.99054897,535503244.36470675,0.0,-8.61714739908957e-05,29.77993460212377,0.0,443.4215355585465,0.0,-0.0,4455088000.00001,-0.2691092554917133,-0.9631096555474334,-0.0
149598778.6803294,535610452.1292664,0.0,-8.617272254434876e-05,29.779934597654005,0.0,443.42153555854645,0.0,-0.0,4455088000.00001,-0.2690592798724272,-0.9631236181895504,-0.0
149598778.37010536,535717659.8938099,0.0,-8.61739704025173e-05,29.779934593185835,0.0,443.42153555854645,0.0,-0.0,4455088000.000009,-0.26900932208727774,-0.9631375730549314,-0.0
149598778.05987683,535824867.65833735,0.0,-8.617521756590741e-05,29.77993458871926,0.0,443.4215355585465,0.0,-0.0,4455088000.00001,-0.26895938212713894,-0.9631515201492378,-0.0
149598777.7496438,535932075.4228487,0.0,-8.617646403502473e-05,29.779934584254278,0.0,443.4215355585465,0.0,-0.0,4455088000.00001,-0.26890945998289095,-0.9631654594781263,-0.0
149598777.43940628,536039283.18734396,0.0,-8.617770981037444e-05,29.779934579790886,0.0,443.4215355585465,0.0,-0.0,4455088000.00001,-0.2688595556454194,-0.963179391047248,-0.0
